observation_date,calendar_year,team_abbreviation,team_name,conference,team_strength_index,is_game_day,opponent_abbreviation,points_for,points_against,win_flag,point_differential
2022-01-01,2022,BOS,Boston Celtics,Eastern,110.12,1,MIA,116,105,1,11
2022-01-01,2022,MIA,Miami Heat,Eastern,105.68,0,,,,,
2022-01-01,2022,MIL,Milwaukee Bucks,Eastern,108.18,0,,,,,
2022-01-01,2022,DEN,Denver Nuggets,Western,105.36,1,GSW,105,126,0,-21
2022-01-01,2022,GSW,Golden State Warriors,Western,105.28,0,,,,,
2022-01-01,2022,LAL,Los Angeles Lakers,Western,100.75,0,,,,,
2022-01-02,2022,BOS,Boston Celtics,Eastern,108.49,0,,,,,
2022-01-02,2022,MIA,Miami Heat,Eastern,105.79,1,MIL,102,101,1,1
2022-01-02,2022,MIL,Milwaukee Bucks,Eastern,108.12,0,,,,,
2022-01-02,2022,DEN,Denver Nuggets,Western,106.80,0,,,,,
2022-01-02,2022,GSW,Golden State Warriors,Western,103.43,1,LAL,120,129,0,-9
2022-01-02,2022,LAL,Los Angeles Lakers,Western,100.22,0,,,,,
2022-01-03,2022,BOS,Boston Celtics,Eastern,108.78,0,,,,,
2022-01-03,2022,MIA,Miami Heat,Eastern,105.92,0,,,,,
2022-01-03,2022,MIL,Milwaukee Bucks,Eastern,108.93,1,DEN,128,109,1,19
2022-01-03,2022,DEN,Denver Nuggets,Western,107.69,0,,,,,
2022-01-03,2022,GSW,Golden State Warriors,Western,105.26,0,,,,,
2022-01-03,2022,LAL,Los Angeles Lakers,Western,100.34,1,BOS,107,114,0,-7
2022-01-04,2022,BOS,Boston Celtics,Eastern,109.50,1,MIL,100,99,1,1
2022-01-04,2022,MIA,Miami Heat,Eastern,106.22,0,,,,,
2022-01-04,2022,MIL,Milwaukee Bucks,Eastern,107.40,0,,,,,
2022-01-04,2022,DEN,Denver Nuggets,Western,108.86,1,LAL,128,116,1,12
2022-01-04,2022,GSW,Golden State Warriors,Western,105.78,0,,,,,
2022-01-04,2022,LAL,Los Angeles Lakers,Western,100.38,0,,,,,
2022-01-05,2022,BOS,Boston Celtics,Eastern,109.01,0,,,,,
2022-01-05,2022,MIA,Miami Heat,Eastern,105.29,1,DEN,121,123,0,-2
2022-01-05,2022,MIL,Milwaukee Bucks,Eastern,107.25,0,,,,,
2022-01-05,2022,DEN,Denver Nuggets,Western,106.18,0,,,,,
2022-01-05,2022,GSW,Golden State Warriors,Western,106.11,1,BOS,121,108,1,13
2022-01-05,2022,LAL,Los Angeles Lakers,Western,100.23,0,,,,,
2022-01-06,2022,BOS,Boston Celtics,Eastern,108.38,0,,,,,
2022-01-06,2022,MIA,Miami Heat,Eastern,107.20,0,,,,,
2022-01-06,2022,MIL,Milwaukee Bucks,Eastern,105.70,1,GSW,115,129,0,-14
2022-01-06,2022,DEN,Denver Nuggets,Western,107.11,0,,,,,
2022-01-06,2022,GSW,Golden State Warriors,Western,105.40,0,,,,,
2022-01-06,2022,LAL,Los Angeles Lakers,Western,100.34,1,MIA,102,100,1,2
2022-01-07,2022,BOS,Boston Celtics,Eastern,109.12,1,DEN,114,99,1,15
2022-01-07,2022,MIA,Miami Heat,Eastern,106.38,0,,,,,
2022-01-07,2022,MIL,Milwaukee Bucks,Eastern,107.60,0,,,,,
2022-01-07,2022,DEN,Denver Nuggets,Western,107.46,1,BOS,131,126,1,5
2022-01-07,2022,GSW,Golden State Warriors,Western,104.84,0,,,,,
2022-01-07,2022,LAL,Los Angeles Lakers,Western,101.42,0,,,,,
2022-01-08,2022,BOS,Boston Celtics,Eastern,109.06,0,,,,,
2022-01-08,2022,MIA,Miami Heat,Eastern,106.53,1,GSW,110,98,1,12
2022-01-08,2022,MIL,Milwaukee Bucks,Eastern,107.69,0,,,,,
2022-01-08,2022,DEN,Denver Nuggets,Western,107.69,0,,,,,
2022-01-08,2022,GSW,Golden State Warriors,Western,105.14,1,MIA,128,124,1,4
2022-01-08,2022,LAL,Los Angeles Lakers,Western,101.26,0,,,,,
2022-01-09,2022,BOS,Boston Celtics,Eastern,109.60,0,,,,,
2022-01-09,2022,MIA,Miami Heat,Eastern,106.42,0,,,,,
2022-01-09,2022,MIL,Milwaukee Bucks,Eastern,107.69,1,LAL,118,107,1,11
2022-01-09,2022,DEN,Denver Nuggets,Western,107.14,0,,,,,
2022-01-09,2022,GSW,Golden State Warriors,Western,104.73,0,,,,,
2022-01-09,2022,LAL,Los Angeles Lakers,Western,100.81,1,MIL,101,112,0,-11
2022-01-10,2022,BOS,Boston Celtics,Eastern,109.30,1,GSW,125,123,1,2
2022-01-10,2022,MIA,Miami Heat,Eastern,106.30,0,,,,,
2022-01-10,2022,MIL,Milwaukee Bucks,Eastern,107.40,0,,,,,
2022-01-10,2022,DEN,Denver Nuggets,Western,106.36,1,MIA,105,104,1,1
2022-01-10,2022,GSW,Golden State Warriors,Western,105.77,0,,,,,
2022-01-10,2022,LAL,Los Angeles Lakers,Western,100.38,0,,,,,
2022-01-11,2022,BOS,Boston Celtics,Eastern,109.49,0,,,,,
2022-01-11,2022,MIA,Miami Heat,Eastern,104.02,1,LAL,114,130,0,-16
2022-01-11,2022,MIL,Milwaukee Bucks,Eastern,107.93,0,,,,,
2022-01-11,2022,DEN,Denver Nuggets,Western,107.18,0,,,,,
2022-01-11,2022,GSW,Golden State Warriors,Western,105.55,1,MIL,100,97,1,3
2022-01-11,2022,LAL,Los Angeles Lakers,Western,100.09,0,,,,,
2022-01-12,2022,BOS,Boston Celtics,Eastern,107.90,0,,,,,
2022-01-12,2022,MIA,Miami Heat,Eastern,106.35,0,,,,,
2022-01-12,2022,MIL,Milwaukee Bucks,Eastern,107.05,1,BOS,110,111,0,-1
2022-01-12,2022,DEN,Denver Nuggets,Western,107.08,0,,,,,
2022-01-12,2022,GSW,Golden State Warriors,Western,105.65,0,,,,,
2022-01-12,2022,LAL,Los Angeles Lakers,Western,102.07,1,DEN,117,103,1,14
2022-01-13,2022,BOS,Boston Celtics,Eastern,108.93,1,LAL,119,113,1,6
2022-01-13,2022,MIA,Miami Heat,Eastern,105.83,0,,,,,
2022-01-13,2022,MIL,Milwaukee Bucks,Eastern,106.81,0,,,,,
2022-01-13,2022,DEN,Denver Nuggets,Western,107.73,1,MIL,118,113,1,5
2022-01-13,2022,GSW,Golden State Warriors,Western,106.07,0,,,,,
2022-01-13,2022,LAL,Los Angeles Lakers,Western,101.19,0,,,,,
2022-01-14,2022,BOS,Boston Celtics,Eastern,108.59,0,,,,,
2022-01-14,2022,MIA,Miami Heat,Eastern,105.53,1,BOS,119,121,0,-2
2022-01-14,2022,MIL,Milwaukee Bucks,Eastern,107.77,0,,,,,
2022-01-14,2022,DEN,Denver Nuggets,Western,107.22,0,,,,,
2022-01-14,2022,GSW,Golden State Warriors,Western,103.91,1,DEN,107,124,0,-17
2022-01-14,2022,LAL,Los Angeles Lakers,Western,100.13,0,,,,,
2022-01-15,2022,BOS,Boston Celtics,Eastern,109.26,0,,,,,
2022-01-15,2022,MIA,Miami Heat,Eastern,104.98,0,,,,,
2022-01-15,2022,MIL,Milwaukee Bucks,Eastern,108.53,1,MIA,121,110,1,11
2022-01-15,2022,DEN,Denver Nuggets,Western,107.47,0,,,,,
2022-01-15,2022,GSW,Golden State Warriors,Western,104.50,0,,,,,
2022-01-15,2022,LAL,Los Angeles Lakers,Western,101.45,1,GSW,128,124,1,4
2022-01-16,2022,BOS,Boston Celtics,Eastern,106.53,1,MIA,98,114,0,-16
2022-01-16,2022,MIA,Miami Heat,Eastern,104.76,0,,,,,
2022-01-16,2022,MIL,Milwaukee Bucks,Eastern,106.18,0,,,,,
2022-01-16,2022,DEN,Denver Nuggets,Western,106.66,1,GSW,123,125,0,-2
2022-01-16,2022,GSW,Golden State Warriors,Western,106.09,0,,,,,
2022-01-16,2022,LAL,Los Angeles Lakers,Western,100.02,0,,,,,
2022-01-17,2022,BOS,Boston Celtics,Eastern,109.01,0,,,,,
2022-01-17,2022,MIA,Miami Heat,Eastern,106.82,1,MIL,110,100,1,10
2022-01-17,2022,MIL,Milwaukee Bucks,Eastern,107.59,0,,,,,
2022-01-17,2022,DEN,Denver Nuggets,Western,107.42,0,,,,,
2022-01-17,2022,GSW,Golden State Warriors,Western,106.30,1,LAL,124,120,1,4
2022-01-17,2022,LAL,Los Angeles Lakers,Western,100.37,0,,,,,
2022-01-18,2022,BOS,Boston Celtics,Eastern,107.79,0,,,,,
2022-01-18,2022,MIA,Miami Heat,Eastern,106.08,0,,,,,
2022-01-18,2022,MIL,Milwaukee Bucks,Eastern,105.36,1,DEN,102,124,0,-22
2022-01-18,2022,DEN,Denver Nuggets,Western,107.50,0,,,,,
2022-01-18,2022,GSW,Golden State Warriors,Western,105.44,0,,,,,
2022-01-18,2022,LAL,Los Angeles Lakers,Western,101.10,1,BOS,113,121,0,-8
2022-01-19,2022,BOS,Boston Celtics,Eastern,107.39,1,MIA,119,124,0,-5
2022-01-19,2022,MIA,Miami Heat,Eastern,105.15,0,,,,,
2022-01-19,2022,MIL,Milwaukee Bucks,Eastern,106.39,0,,,,,
2022-01-19,2022,DEN,Denver Nuggets,Western,105.86,1,GSW,98,129,0,-31
2022-01-19,2022,GSW,Golden State Warriors,Western,105.88,0,,,,,
2022-01-19,2022,LAL,Los Angeles Lakers,Western,99.98,0,,,,,
2022-01-20,2022,BOS,Boston Celtics,Eastern,109.48,0,,,,,
2022-01-20,2022,MIA,Miami Heat,Eastern,104.62,1,MIL,107,129,0,-22
2022-01-20,2022,MIL,Milwaukee Bucks,Eastern,106.88,0,,,,,
2022-01-20,2022,DEN,Denver Nuggets,Western,106.92,0,,,,,
2022-01-20,2022,GSW,Golden State Warriors,Western,105.15,1,LAL,119,127,0,-8
2022-01-20,2022,LAL,Los Angeles Lakers,Western,100.58,0,,,,,
2022-01-21,2022,BOS,Boston Celtics,Eastern,109.28,0,,,,,
2022-01-21,2022,MIA,Miami Heat,Eastern,104.80,0,,,,,
2022-01-21,2022,MIL,Milwaukee Bucks,Eastern,106.76,1,DEN,100,97,1,3
2022-01-21,2022,DEN,Denver Nuggets,Western,106.74,0,,,,,
2022-01-21,2022,GSW,Golden State Warriors,Western,105.52,0,,,,,
2022-01-21,2022,LAL,Los Angeles Lakers,Western,98.66,1,BOS,99,116,0,-17
2022-01-22,2022,BOS,Boston Celtics,Eastern,110.13,1,MIL,129,110,1,19
2022-01-22,2022,MIA,Miami Heat,Eastern,105.39,0,,,,,
2022-01-22,2022,MIL,Milwaukee Bucks,Eastern,107.89,0,,,,,
2022-01-22,2022,DEN,Denver Nuggets,Western,108.08,1,LAL,122,102,1,20
2022-01-22,2022,GSW,Golden State Warriors,Western,105.35,0,,,,,
2022-01-22,2022,LAL,Los Angeles Lakers,Western,100.82,0,,,,,
2022-01-23,2022,BOS,Boston Celtics,Eastern,108.22,0,,,,,
2022-01-23,2022,MIA,Miami Heat,Eastern,106.83,1,DEN,123,109,1,14
2022-01-23,2022,MIL,Milwaukee Bucks,Eastern,106.15,0,,,,,
2022-01-23,2022,DEN,Denver Nuggets,Western,108.15,0,,,,,
2022-01-23,2022,GSW,Golden State Warriors,Western,105.79,1,BOS,125,110,1,15
2022-01-23,2022,LAL,Los Angeles Lakers,Western,100.37,0,,,,,
2022-01-24,2022,BOS,Boston Celtics,Eastern,108.84,0,,,,,
2022-01-24,2022,MIA,Miami Heat,Eastern,105.98,0,,,,,
2022-01-24,2022,MIL,Milwaukee Bucks,Eastern,106.18,1,GSW,111,129,0,-18
2022-01-24,2022,DEN,Denver Nuggets,Western,106.67,0,,,,,
2022-01-24,2022,GSW,Golden State Warriors,Western,105.51,0,,,,,
2022-01-24,2022,LAL,Los Angeles Lakers,Western,100.85,1,MIA,126,124,1,2
2022-01-25,2022,BOS,Boston Celtics,Eastern,106.47,1,DEN,98,119,0,-21
2022-01-25,2022,MIA,Miami Heat,Eastern,105.89,0,,,,,
2022-01-25,2022,MIL,Milwaukee Bucks,Eastern,106.48,0,,,,,
2022-01-25,2022,DEN,Denver Nuggets,Western,106.74,1,BOS,115,129,0,-14
2022-01-25,2022,GSW,Golden State Warriors,Western,104.86,0,,,,,
2022-01-25,2022,LAL,Los Angeles Lakers,Western,100.55,0,,,,,
2022-01-26,2022,BOS,Boston Celtics,Eastern,108.36,0,,,,,
2022-01-26,2022,MIA,Miami Heat,Eastern,105.50,1,GSW,130,119,1,11
2022-01-26,2022,MIL,Milwaukee Bucks,Eastern,107.36,0,,,,,
2022-01-26,2022,DEN,Denver Nuggets,Western,106.84,0,,,,,
2022-01-26,2022,GSW,Golden State Warriors,Western,104.53,1,MIA,122,125,0,-3
2022-01-26,2022,LAL,Los Angeles Lakers,Western,101.03,0,,,,,
2022-01-27,2022,BOS,Boston Celtics,Eastern,108.97,0,,,,,
2022-01-27,2022,MIA,Miami Heat,Eastern,105.91,0,,,,,
2022-01-27,2022,MIL,Milwaukee Bucks,Eastern,106.99,1,LAL,126,123,1,3
2022-01-27,2022,DEN,Denver Nuggets,Western,108.14,0,,,,,
2022-01-27,2022,GSW,Golden State Warriors,Western,105.35,0,,,,,
2022-01-27,2022,LAL,Los Angeles Lakers,Western,102.61,1,MIL,125,101,1,24
2022-01-28,2022,BOS,Boston Celtics,Eastern,107.92,1,GSW,121,129,0,-8
2022-01-28,2022,MIA,Miami Heat,Eastern,105.92,0,,,,,
2022-01-28,2022,MIL,Milwaukee Bucks,Eastern,106.43,0,,,,,
2022-01-28,2022,DEN,Denver Nuggets,Western,108.71,1,MIA,120,115,1,5
2022-01-28,2022,GSW,Golden State Warriors,Western,105.27,0,,,,,
2022-01-28,2022,LAL,Los Angeles Lakers,Western,100.58,0,,,,,
2022-01-29,2022,BOS,Boston Celtics,Eastern,108.63,0,,,,,
2022-01-29,2022,MIA,Miami Heat,Eastern,106.23,1,LAL,123,120,1,3
2022-01-29,2022,MIL,Milwaukee Bucks,Eastern,107.38,0,,,,,
2022-01-29,2022,DEN,Denver Nuggets,Western,108.25,0,,,,,
2022-01-29,2022,GSW,Golden State Warriors,Western,103.89,1,MIL,101,128,0,-27
2022-01-29,2022,LAL,Los Angeles Lakers,Western,101.12,0,,,,,
2022-01-30,2022,BOS,Boston Celtics,Eastern,108.48,0,,,,,
2022-01-30,2022,MIA,Miami Heat,Eastern,106.06,0,,,,,
2022-01-30,2022,MIL,Milwaukee Bucks,Eastern,107.13,1,BOS,107,99,1,8
2022-01-30,2022,DEN,Denver Nuggets,Western,106.82,0,,,,,
2022-01-30,2022,GSW,Golden State Warriors,Western,104.99,0,,,,,
2022-01-30,2022,LAL,Los Angeles Lakers,Western,100.55,1,DEN,124,117,1,7
2022-01-31,2022,BOS,Boston Celtics,Eastern,106.85,1,LAL,101,117,0,-16
2022-01-31,2022,MIA,Miami Heat,Eastern,105.67,0,,,,,
2022-01-31,2022,MIL,Milwaukee Bucks,Eastern,107.97,0,,,,,
2022-01-31,2022,DEN,Denver Nuggets,Western,108.24,1,MIL,128,122,1,6
2022-01-31,2022,GSW,Golden State Warriors,Western,104.70,0,,,,,
2022-01-31,2022,LAL,Los Angeles Lakers,Western,99.26,0,,,,,
2022-02-01,2022,BOS,Boston Celtics,Eastern,107.96,0,,,,,
2022-02-01,2022,MIA,Miami Heat,Eastern,105.73,1,BOS,105,99,1,6
2022-02-01,2022,MIL,Milwaukee Bucks,Eastern,107.33,0,,,,,
2022-02-01,2022,DEN,Denver Nuggets,Western,106.97,0,,,,,
2022-02-01,2022,GSW,Golden State Warriors,Western,104.86,1,DEN,111,113,0,-2
2022-02-01,2022,LAL,Los Angeles Lakers,Western,100.02,0,,,,,
2022-02-02,2022,BOS,Boston Celtics,Eastern,107.34,0,,,,,
2022-02-02,2022,MIA,Miami Heat,Eastern,105.64,0,,,,,
2022-02-02,2022,MIL,Milwaukee Bucks,Eastern,107.79,1,MIA,123,124,0,-1
2022-02-02,2022,DEN,Denver Nuggets,Western,107.06,0,,,,,
2022-02-02,2022,GSW,Golden State Warriors,Western,105.64,0,,,,,
2022-02-02,2022,LAL,Los Angeles Lakers,Western,98.57,1,GSW,108,116,0,-8
2022-02-03,2022,BOS,Boston Celtics,Eastern,107.03,1,MIA,100,126,0,-26
2022-02-03,2022,MIA,Miami Heat,Eastern,106.28,0,,,,,
2022-02-03,2022,MIL,Milwaukee Bucks,Eastern,107.59,0,,,,,
2022-02-03,2022,DEN,Denver Nuggets,Western,107.71,1,GSW,105,101,1,4
2022-02-03,2022,GSW,Golden State Warriors,Western,105.12,0,,,,,
2022-02-03,2022,LAL,Los Angeles Lakers,Western,99.96,0,,,,,
2022-02-04,2022,BOS,Boston Celtics,Eastern,108.44,0,,,,,
2022-02-04,2022,MIA,Miami Heat,Eastern,105.92,1,MIL,116,119,0,-3
2022-02-04,2022,MIL,Milwaukee Bucks,Eastern,108.01,0,,,,,
2022-02-04,2022,DEN,Denver Nuggets,Western,107.55,0,,,,,
2022-02-04,2022,GSW,Golden State Warriors,Western,107.07,1,LAL,126,107,1,19
2022-02-04,2022,LAL,Los Angeles Lakers,Western,99.03,0,,,,,
2022-02-05,2022,BOS,Boston Celtics,Eastern,108.98,0,,,,,
2022-02-05,2022,MIA,Miami Heat,Eastern,105.68,0,,,,,
2022-02-05,2022,MIL,Milwaukee Bucks,Eastern,105.50,1,DEN,108,126,0,-18
2022-02-05,2022,DEN,Denver Nuggets,Western,106.99,0,,,,,
2022-02-05,2022,GSW,Golden State Warriors,Western,105.14,0,,,,,
2022-02-05,2022,LAL,Los Angeles Lakers,Western,98.91,1,BOS,103,104,0,-1
2022-02-06,2022,BOS,Boston Celtics,Eastern,109.14,1,MIA,111,96,1,15
2022-02-06,2022,MIA,Miami Heat,Eastern,106.40,0,,,,,
2022-02-06,2022,MIL,Milwaukee Bucks,Eastern,108.44,0,,,,,
2022-02-06,2022,DEN,Denver Nuggets,Western,108.83,1,GSW,110,99,1,11
2022-02-06,2022,GSW,Golden State Warriors,Western,105.19,0,,,,,
2022-02-06,2022,LAL,Los Angeles Lakers,Western,98.70,0,,,,,
2022-02-07,2022,BOS,Boston Celtics,Eastern,107.34,0,,,,,
2022-02-07,2022,MIA,Miami Heat,Eastern,105.41,1,MIL,115,113,1,2
2022-02-07,2022,MIL,Milwaukee Bucks,Eastern,107.02,0,,,,,
2022-02-07,2022,DEN,Denver Nuggets,Western,107.65,0,,,,,
2022-02-07,2022,GSW,Golden State Warriors,Western,105.59,1,LAL,113,109,1,4
2022-02-07,2022,LAL,Los Angeles Lakers,Western,99.34,0,,,,,
2022-02-08,2022,BOS,Boston Celtics,Eastern,107.87,0,,,,,
2022-02-08,2022,MIA,Miami Heat,Eastern,106.03,0,,,,,
2022-02-08,2022,MIL,Milwaukee Bucks,Eastern,108.80,1,DEN,127,106,1,21
2022-02-08,2022,DEN,Denver Nuggets,Western,107.42,0,,,,,
2022-02-08,2022,GSW,Golden State Warriors,Western,104.57,0,,,,,
2022-02-08,2022,LAL,Los Angeles Lakers,Western,100.01,1,BOS,130,118,1,12
2022-02-09,2022,BOS,Boston Celtics,Eastern,109.44,1,MIL,108,99,1,9
2022-02-09,2022,MIA,Miami Heat,Eastern,105.31,0,,,,,
2022-02-09,2022,MIL,Milwaukee Bucks,Eastern,108.42,0,,,,,
2022-02-09,2022,DEN,Denver Nuggets,Western,105.14,1,LAL,101,127,0,-26
2022-02-09,2022,GSW,Golden State Warriors,Western,103.78,0,,,,,
2022-02-09,2022,LAL,Los Angeles Lakers,Western,99.27,0,,,,,
2022-02-10,2022,BOS,Boston Celtics,Eastern,108.87,0,,,,,
2022-02-10,2022,MIA,Miami Heat,Eastern,104.95,1,DEN,113,118,0,-5
2022-02-10,2022,MIL,Milwaukee Bucks,Eastern,108.00,0,,,,,
2022-02-10,2022,DEN,Denver Nuggets,Western,108.17,0,,,,,
2022-02-10,2022,GSW,Golden State Warriors,Western,104.54,1,BOS,125,122,1,3
2022-02-10,2022,LAL,Los Angeles Lakers,Western,99.09,0,,,,,
2022-02-11,2022,BOS,Boston Celtics,Eastern,107.95,0,,,,,
2022-02-11,2022,MIA,Miami Heat,Eastern,105.84,0,,,,,
2022-02-11,2022,MIL,Milwaukee Bucks,Eastern,108.90,1,GSW,115,98,1,17
2022-02-11,2022,DEN,Denver Nuggets,Western,106.87,0,,,,,
2022-02-11,2022,GSW,Golden State Warriors,Western,103.38,0,,,,,
2022-02-11,2022,LAL,Los Angeles Lakers,Western,100.04,1,MIA,106,103,1,3
2022-02-12,2022,BOS,Boston Celtics,Eastern,107.97,1,DEN,128,126,1,2
2022-02-12,2022,MIA,Miami Heat,Eastern,106.02,0,,,,,
2022-02-12,2022,MIL,Milwaukee Bucks,Eastern,107.77,0,,,,,
2022-02-12,2022,DEN,Denver Nuggets,Western,107.79,1,BOS,113,103,1,10
2022-02-12,2022,GSW,Golden State Warriors,Western,103.94,0,,,,,
2022-02-12,2022,LAL,Los Angeles Lakers,Western,99.73,0,,,,,
2022-02-13,2022,BOS,Boston Celtics,Eastern,108.99,0,,,,,
2022-02-13,2022,MIA,Miami Heat,Eastern,107.09,1,GSW,128,110,1,18
2022-02-13,2022,MIL,Milwaukee Bucks,Eastern,108.24,0,,,,,
2022-02-13,2022,DEN,Denver Nuggets,Western,107.13,0,,,,,
2022-02-13,2022,GSW,Golden State Warriors,Western,102.74,1,MIA,126,130,0,-4
2022-02-13,2022,LAL,Los Angeles Lakers,Western,99.06,0,,,,,
2022-02-14,2022,BOS,Boston Celtics,Eastern,108.60,0,,,,,
2022-02-14,2022,MIA,Miami Heat,Eastern,105.38,0,,,,,
2022-02-14,2022,MIL,Milwaukee Bucks,Eastern,109.15,1,LAL,126,97,1,29
2022-02-14,2022,DEN,Denver Nuggets,Western,107.90,0,,,,,
2022-02-14,2022,GSW,Golden State Warriors,Western,102.89,0,,,,,
2022-02-14,2022,LAL,Los Angeles Lakers,Western,98.62,1,MIL,113,111,1,2
2022-02-15,2022,BOS,Boston Celtics,Eastern,107.41,1,GSW,105,120,0,-15
2022-02-15,2022,MIA,Miami Heat,Eastern,106.64,0,,,,,
2022-02-15,2022,MIL,Milwaukee Bucks,Eastern,108.68,0,,,,,
2022-02-15,2022,DEN,Denver Nuggets,Western,107.97,1,MIA,124,110,1,14
2022-02-15,2022,GSW,Golden State Warriors,Western,102.73,0,,,,,
2022-02-15,2022,LAL,Los Angeles Lakers,Western,99.06,0,,,,,
2022-02-16,2022,BOS,Boston Celtics,Eastern,108.11,0,,,,,
2022-02-16,2022,MIA,Miami Heat,Eastern,104.07,1,LAL,103,124,0,-21
2022-02-16,2022,MIL,Milwaukee Bucks,Eastern,107.66,0,,,,,
2022-02-16,2022,DEN,Denver Nuggets,Western,106.32,0,,,,,
2022-02-16,2022,GSW,Golden State Warriors,Western,102.62,1,MIL,121,129,0,-8
2022-02-16,2022,LAL,Los Angeles Lakers,Western,98.94,0,,,,,
2022-02-17,2022,BOS,Boston Celtics,Eastern,107.97,0,,,,,
2022-02-17,2022,MIA,Miami Heat,Eastern,106.83,0,,,,,
2022-02-17,2022,MIL,Milwaukee Bucks,Eastern,106.62,1,BOS,103,111,0,-8
2022-02-17,2022,DEN,Denver Nuggets,Western,107.71,0,,,,,
2022-02-17,2022,GSW,Golden State Warriors,Western,103.54,0,,,,,
2022-02-17,2022,LAL,Los Angeles Lakers,Western,99.23,1,DEN,120,97,1,23
2022-02-18,2022,BOS,Boston Celtics,Eastern,110.26,1,LAL,130,96,1,34
2022-02-18,2022,MIA,Miami Heat,Eastern,106.86,0,,,,,
2022-02-18,2022,MIL,Milwaukee Bucks,Eastern,107.28,0,,,,,
2022-02-18,2022,DEN,Denver Nuggets,Western,107.21,1,MIL,113,98,1,15
2022-02-18,2022,GSW,Golden State Warriors,Western,103.00,0,,,,,
2022-02-18,2022,LAL,Los Angeles Lakers,Western,98.89,0,,,,,
2022-02-19,2022,BOS,Boston Celtics,Eastern,108.41,0,,,,,
2022-02-19,2022,MIA,Miami Heat,Eastern,104.72,1,BOS,104,125,0,-21
2022-02-19,2022,MIL,Milwaukee Bucks,Eastern,107.11,0,,,,,
2022-02-19,2022,DEN,Denver Nuggets,Western,106.00,0,,,,,
2022-02-19,2022,GSW,Golden State Warriors,Western,101.82,1,DEN,120,125,0,-5
2022-02-19,2022,LAL,Los Angeles Lakers,Western,99.33,0,,,,,
2022-02-20,2022,BOS,Boston Celtics,Eastern,109.58,0,,,,,
2022-02-20,2022,MIA,Miami Heat,Eastern,107.50,0,,,,,
2022-02-20,2022,MIL,Milwaukee Bucks,Eastern,109.41,1,MIA,113,104,1,9
2022-02-20,2022,DEN,Denver Nuggets,Western,106.67,0,,,,,
2022-02-20,2022,GSW,Golden State Warriors,Western,102.71,0,,,,,
2022-02-20,2022,LAL,Los Angeles Lakers,Western,99.97,1,GSW,110,101,1,9
2022-02-21,2022,BOS,Boston Celtics,Eastern,108.37,1,MIA,110,113,0,-3
2022-02-21,2022,MIA,Miami Heat,Eastern,106.24,0,,,,,
2022-02-21,2022,MIL,Milwaukee Bucks,Eastern,108.64,0,,,,,
2022-02-21,2022,DEN,Denver Nuggets,Western,108.37,1,GSW,121,102,1,19
2022-02-21,2022,GSW,Golden State Warriors,Western,102.56,0,,,,,
2022-02-21,2022,LAL,Los Angeles Lakers,Western,99.08,0,,,,,
2022-02-22,2022,BOS,Boston Celtics,Eastern,109.27,0,,,,,
2022-02-22,2022,MIA,Miami Heat,Eastern,108.06,1,MIL,128,109,1,19
2022-02-22,2022,MIL,Milwaukee Bucks,Eastern,108.07,0,,,,,
2022-02-22,2022,DEN,Denver Nuggets,Western,106.25,0,,,,,
2022-02-22,2022,GSW,Golden State Warriors,Western,101.40,1,LAL,100,126,0,-26
2022-02-22,2022,LAL,Los Angeles Lakers,Western,97.80,0,,,,,
2022-02-23,2022,BOS,Boston Celtics,Eastern,109.45,0,,,,,
2022-02-23,2022,MIA,Miami Heat,Eastern,106.45,0,,,,,
2022-02-23,2022,MIL,Milwaukee Bucks,Eastern,106.65,1,DEN,100,125,0,-25
2022-02-23,2022,DEN,Denver Nuggets,Western,106.80,0,,,,,
2022-02-23,2022,GSW,Golden State Warriors,Western,102.27,0,,,,,
2022-02-23,2022,LAL,Los Angeles Lakers,Western,96.95,1,BOS,105,115,0,-10
2022-02-24,2022,BOS,Boston Celtics,Eastern,109.60,1,MIA,127,116,1,11
2022-02-24,2022,MIA,Miami Heat,Eastern,107.81,0,,,,,
2022-02-24,2022,MIL,Milwaukee Bucks,Eastern,107.48,0,,,,,
2022-02-24,2022,DEN,Denver Nuggets,Western,106.30,1,GSW,118,120,0,-2
2022-02-24,2022,GSW,Golden State Warriors,Western,102.21,0,,,,,
2022-02-24,2022,LAL,Los Angeles Lakers,Western,98.39,0,,,,,
2022-02-25,2022,BOS,Boston Celtics,Eastern,108.96,0,,,,,
2022-02-25,2022,MIA,Miami Heat,Eastern,108.94,1,MIL,125,98,1,27
2022-02-25,2022,MIL,Milwaukee Bucks,Eastern,108.33,0,,,,,
2022-02-25,2022,DEN,Denver Nuggets,Western,106.68,0,,,,,
2022-02-25,2022,GSW,Golden State Warriors,Western,101.33,1,LAL,111,116,0,-5
2022-02-25,2022,LAL,Los Angeles Lakers,Western,98.13,0,,,,,
2022-02-26,2022,BOS,Boston Celtics,Eastern,109.67,0,,,,,
2022-02-26,2022,MIA,Miami Heat,Eastern,107.91,0,,,,,
2022-02-26,2022,MIL,Milwaukee Bucks,Eastern,108.30,1,DEN,127,110,1,17
2022-02-26,2022,DEN,Denver Nuggets,Western,105.13,0,,,,,
2022-02-26,2022,GSW,Golden State Warriors,Western,101.33,0,,,,,
2022-02-26,2022,LAL,Los Angeles Lakers,Western,96.81,1,BOS,112,123,0,-11
2022-02-27,2022,BOS,Boston Celtics,Eastern,109.75,1,MIL,122,129,0,-7
2022-02-27,2022,MIA,Miami Heat,Eastern,107.35,0,,,,,
2022-02-27,2022,MIL,Milwaukee Bucks,Eastern,107.08,0,,,,,
2022-02-27,2022,DEN,Denver Nuggets,Western,105.63,1,LAL,117,122,0,-5
2022-02-27,2022,GSW,Golden State Warriors,Western,102.39,0,,,,,
2022-02-27,2022,LAL,Los Angeles Lakers,Western,98.65,0,,,,,
2022-02-28,2022,BOS,Boston Celtics,Eastern,110.74,0,,,,,
2022-02-28,2022,MIA,Miami Heat,Eastern,108.37,1,DEN,126,121,1,5
2022-02-28,2022,MIL,Milwaukee Bucks,Eastern,107.83,0,,,,,
2022-02-28,2022,DEN,Denver Nuggets,Western,105.50,0,,,,,
2022-02-28,2022,GSW,Golden State Warriors,Western,102.34,1,BOS,120,116,1,4
2022-02-28,2022,LAL,Los Angeles Lakers,Western,97.88,0,,,,,
2022-03-01,2022,BOS,Boston Celtics,Eastern,109.85,0,,,,,
2022-03-01,2022,MIA,Miami Heat,Eastern,106.28,0,,,,,
2022-03-01,2022,MIL,Milwaukee Bucks,Eastern,106.91,1,GSW,108,110,0,-2
2022-03-01,2022,DEN,Denver Nuggets,Western,105.40,0,,,,,
2022-03-01,2022,GSW,Golden State Warriors,Western,100.89,0,,,,,
2022-03-01,2022,LAL,Los Angeles Lakers,Western,100.21,1,MIA,127,114,1,13
2022-03-02,2022,BOS,Boston Celtics,Eastern,108.35,1,DEN,102,126,0,-24
2022-03-02,2022,MIA,Miami Heat,Eastern,107.65,0,,,,,
2022-03-02,2022,MIL,Milwaukee Bucks,Eastern,107.62,0,,,,,
2022-03-02,2022,DEN,Denver Nuggets,Western,104.47,1,BOS,125,121,1,4
2022-03-02,2022,GSW,Golden State Warriors,Western,100.79,0,,,,,
2022-03-02,2022,LAL,Los Angeles Lakers,Western,99.16,0,,,,,
2022-03-03,2022,BOS,Boston Celtics,Eastern,110.66,0,,,,,
2022-03-03,2022,MIA,Miami Heat,Eastern,108.91,1,GSW,126,113,1,13
2022-03-03,2022,MIL,Milwaukee Bucks,Eastern,107.15,0,,,,,
2022-03-03,2022,DEN,Denver Nuggets,Western,104.42,0,,,,,
2022-03-03,2022,GSW,Golden State Warriors,Western,101.16,1,MIA,100,116,0,-16
2022-03-03,2022,LAL,Los Angeles Lakers,Western,98.52,0,,,,,
2022-03-04,2022,BOS,Boston Celtics,Eastern,111.20,0,,,,,
2022-03-04,2022,MIA,Miami Heat,Eastern,107.31,0,,,,,
2022-03-04,2022,MIL,Milwaukee Bucks,Eastern,106.68,1,LAL,106,107,0,-1
2022-03-04,2022,DEN,Denver Nuggets,Western,105.38,0,,,,,
2022-03-04,2022,GSW,Golden State Warriors,Western,101.25,0,,,,,
2022-03-04,2022,LAL,Los Angeles Lakers,Western,99.37,1,MIL,110,109,1,1
2022-03-05,2022,BOS,Boston Celtics,Eastern,112.20,1,GSW,121,100,1,21
2022-03-05,2022,MIA,Miami Heat,Eastern,107.17,0,,,,,
2022-03-05,2022,MIL,Milwaukee Bucks,Eastern,107.26,0,,,,,
2022-03-05,2022,DEN,Denver Nuggets,Western,104.91,1,MIA,115,114,1,1
2022-03-05,2022,GSW,Golden State Warriors,Western,101.13,0,,,,,
2022-03-05,2022,LAL,Los Angeles Lakers,Western,99.77,0,,,,,
2022-03-06,2022,BOS,Boston Celtics,Eastern,110.30,0,,,,,
2022-03-06,2022,MIA,Miami Heat,Eastern,106.96,1,LAL,111,114,0,-3
2022-03-06,2022,MIL,Milwaukee Bucks,Eastern,106.66,0,,,,,
2022-03-06,2022,DEN,Denver Nuggets,Western,104.00,0,,,,,
2022-03-06,2022,GSW,Golden State Warriors,Western,101.41,1,MIL,103,96,1,7
2022-03-06,2022,LAL,Los Angeles Lakers,Western,98.59,0,,,,,
2022-03-07,2022,BOS,Boston Celtics,Eastern,110.20,0,,,,,
2022-03-07,2022,MIA,Miami Heat,Eastern,107.93,0,,,,,
2022-03-07,2022,MIL,Milwaukee Bucks,Eastern,108.81,1,BOS,125,98,1,27
2022-03-07,2022,DEN,Denver Nuggets,Western,103.68,0,,,,,
2022-03-07,2022,GSW,Golden State Warriors,Western,100.88,0,,,,,
2022-03-07,2022,LAL,Los Angeles Lakers,Western,100.54,1,DEN,124,114,1,10
2022-03-08,2022,BOS,Boston Celtics,Eastern,112.74,1,LAL,128,104,1,24
2022-03-08,2022,MIA,Miami Heat,Eastern,106.65,0,,,,,
2022-03-08,2022,MIL,Milwaukee Bucks,Eastern,106.80,0,,,,,
2022-03-08,2022,DEN,Denver Nuggets,Western,103.87,1,MIL,105,99,1,6
2022-03-08,2022,GSW,Golden State Warriors,Western,100.85,0,,,,,
2022-03-08,2022,LAL,Los Angeles Lakers,Western,99.84,0,,,,,
2022-03-09,2022,BOS,Boston Celtics,Eastern,111.17,0,,,,,
2022-03-09,2022,MIA,Miami Heat,Eastern,108.19,1,BOS,120,97,1,23
2022-03-09,2022,MIL,Milwaukee Bucks,Eastern,105.96,0,,,,,
2022-03-09,2022,DEN,Denver Nuggets,Western,103.56,0,,,,,
2022-03-09,2022,GSW,Golden State Warriors,Western,101.00,1,DEN,120,119,1,1
2022-03-09,2022,LAL,Los Angeles Lakers,Western,99.22,0,,,,,
2022-03-10,2022,BOS,Boston Celtics,Eastern,110.94,0,,,,,
2022-03-10,2022,MIA,Miami Heat,Eastern,108.02,0,,,,,
2022-03-10,2022,MIL,Milwaukee Bucks,Eastern,104.71,1,MIA,114,127,0,-13
2022-03-10,2022,DEN,Denver Nuggets,Western,103.01,0,,,,,
2022-03-10,2022,GSW,Golden State Warriors,Western,101.30,0,,,,,
2022-03-10,2022,LAL,Los Angeles Lakers,Western,101.12,1,GSW,129,99,1,30
2022-03-11,2022,BOS,Boston Celtics,Eastern,113.12,1,MIA,119,100,1,19
2022-03-11,2022,MIA,Miami Heat,Eastern,106.72,0,,,,,
2022-03-11,2022,MIL,Milwaukee Bucks,Eastern,105.97,0,,,,,
2022-03-11,2022,DEN,Denver Nuggets,Western,105.33,1,GSW,124,104,1,20
2022-03-11,2022,GSW,Golden State Warriors,Western,101.14,0,,,,,
2022-03-11,2022,LAL,Los Angeles Lakers,Western,99.25,0,,,,,
2022-03-12,2022,BOS,Boston Celtics,Eastern,111.09,0,,,,,
2022-03-12,2022,MIA,Miami Heat,Eastern,106.67,1,MIL,100,107,0,-7
2022-03-12,2022,MIL,Milwaukee Bucks,Eastern,105.70,0,,,,,
2022-03-12,2022,DEN,Denver Nuggets,Western,103.36,0,,,,,
2022-03-12,2022,GSW,Golden State Warriors,Western,100.37,1,LAL,108,124,0,-16
2022-03-12,2022,LAL,Los Angeles Lakers,Western,99.18,0,,,,,
2022-03-13,2022,BOS,Boston Celtics,Eastern,110.55,0,,,,,
2022-03-13,2022,MIA,Miami Heat,Eastern,107.24,0,,,,,
2022-03-13,2022,MIL,Milwaukee Bucks,Eastern,105.45,1,DEN,108,116,0,-8
2022-03-13,2022,DEN,Denver Nuggets,Western,103.26,0,,,,,
2022-03-13,2022,GSW,Golden State Warriors,Western,101.44,0,,,,,
2022-03-13,2022,LAL,Los Angeles Lakers,Western,101.35,1,BOS,123,106,1,17
2022-03-14,2022,BOS,Boston Celtics,Eastern,109.94,1,MIA,103,119,0,-16
2022-03-14,2022,MIA,Miami Heat,Eastern,106.97,0,,,,,
2022-03-14,2022,MIL,Milwaukee Bucks,Eastern,105.35,0,,,,,
2022-03-14,2022,DEN,Denver Nuggets,Western,103.38,1,GSW,122,110,1,12
2022-03-14,2022,GSW,Golden State Warriors,Western,101.71,0,,,,,
2022-03-14,2022,LAL,Los Angeles Lakers,Western,99.44,0,,,,,
2022-03-15,2022,BOS,Boston Celtics,Eastern,110.71,0,,,,,
2022-03-15,2022,MIA,Miami Heat,Eastern,106.52,1,MIL,105,118,0,-13
2022-03-15,2022,MIL,Milwaukee Bucks,Eastern,104.96,0,,,,,
2022-03-15,2022,DEN,Denver Nuggets,Western,103.67,0,,,,,
2022-03-15,2022,GSW,Golden State Warriors,Western,102.03,1,LAL,119,118,1,1
2022-03-15,2022,LAL,Los Angeles Lakers,Western,100.18,0,,,,,
2022-03-16,2022,BOS,Boston Celtics,Eastern,110.99,0,,,,,
2022-03-16,2022,MIA,Miami Heat,Eastern,106.76,0,,,,,
2022-03-16,2022,MIL,Milwaukee Bucks,Eastern,103.11,1,DEN,101,124,0,-23
2022-03-16,2022,DEN,Denver Nuggets,Western,102.98,0,,,,,
2022-03-16,2022,GSW,Golden State Warriors,Western,101.48,0,,,,,
2022-03-16,2022,LAL,Los Angeles Lakers,Western,100.69,1,BOS,126,124,1,2
2022-03-17,2022,BOS,Boston Celtics,Eastern,112.93,1,MIL,130,111,1,19
2022-03-17,2022,MIA,Miami Heat,Eastern,105.71,0,,,,,
2022-03-17,2022,MIL,Milwaukee Bucks,Eastern,105.65,0,,,,,
2022-03-17,2022,DEN,Denver Nuggets,Western,104.25,1,LAL,123,116,1,7
2022-03-17,2022,GSW,Golden State Warriors,Western,101.40,0,,,,,
2022-03-17,2022,LAL,Los Angeles Lakers,Western,100.90,0,,,,,
2022-03-18,2022,BOS,Boston Celtics,Eastern,112.25,0,,,,,
2022-03-18,2022,MIA,Miami Heat,Eastern,107.61,1,DEN,128,117,1,11
2022-03-18,2022,MIL,Milwaukee Bucks,Eastern,105.44,0,,,,,
2022-03-18,2022,DEN,Denver Nuggets,Western,102.73,0,,,,,
2022-03-18,2022,GSW,Golden State Warriors,Western,102.49,1,BOS,116,110,1,6
2022-03-18,2022,LAL,Los Angeles Lakers,Western,101.67,0,,,,,
2022-03-19,2022,BOS,Boston Celtics,Eastern,111.77,0,,,,,
2022-03-19,2022,MIA,Miami Heat,Eastern,105.60,0,,,,,
2022-03-19,2022,MIL,Milwaukee Bucks,Eastern,105.00,1,GSW,102,106,0,-4
2022-03-19,2022,DEN,Denver Nuggets,Western,103.38,0,,,,,
2022-03-19,2022,GSW,Golden State Warriors,Western,101.36,0,,,,,
2022-03-19,2022,LAL,Los Angeles Lakers,Western,101.30,1,MIA,115,101,1,14
2022-03-20,2022,BOS,Boston Celtics,Eastern,112.23,1,DEN,131,116,1,15
2022-03-20,2022,MIA,Miami Heat,Eastern,105.77,0,,,,,
2022-03-20,2022,MIL,Milwaukee Bucks,Eastern,104.68,0,,,,,
2022-03-20,2022,DEN,Denver Nuggets,Western,101.93,1,BOS,112,130,0,-18
2022-03-20,2022,GSW,Golden State Warriors,Western,102.05,0,,,,,
2022-03-20,2022,LAL,Los Angeles Lakers,Western,101.37,0,,,,,
2022-03-21,2022,BOS,Boston Celtics,Eastern,112.05,0,,,,,
2022-03-21,2022,MIA,Miami Heat,Eastern,106.04,1,GSW,102,101,1,1
2022-03-21,2022,MIL,Milwaukee Bucks,Eastern,104.72,0,,,,,
2022-03-21,2022,DEN,Denver Nuggets,Western,102.07,0,,,,,
2022-03-21,2022,GSW,Golden State Warriors,Western,100.60,1,MIA,101,111,0,-10
2022-03-21,2022,LAL,Los Angeles Lakers,Western,100.94,0,,,,,
2022-03-22,2022,BOS,Boston Celtics,Eastern,111.20,0,,,,,
2022-03-22,2022,MIA,Miami Heat,Eastern,106.45,0,,,,,
2022-03-22,2022,MIL,Milwaukee Bucks,Eastern,103.04,1,LAL,116,129,0,-13
2022-03-22,2022,DEN,Denver Nuggets,Western,103.36,0,,,,,
2022-03-22,2022,GSW,Golden State Warriors,Western,102.53,0,,,,,
2022-03-22,2022,LAL,Los Angeles Lakers,Western,100.86,1,MIL,111,123,0,-12
2022-03-23,2022,BOS,Boston Celtics,Eastern,113.96,1,GSW,127,96,1,31
2022-03-23,2022,MIA,Miami Heat,Eastern,105.17,0,,,,,
2022-03-23,2022,MIL,Milwaukee Bucks,Eastern,104.58,0,,,,,
2022-03-23,2022,DEN,Denver Nuggets,Western,101.76,1,MIA,100,123,0,-23
2022-03-23,2022,GSW,Golden State Warriors,Western,100.98,0,,,,,
2022-03-23,2022,LAL,Los Angeles Lakers,Western,101.70,0,,,,,
2022-03-24,2022,BOS,Boston Celtics,Eastern,112.42,0,,,,,
2022-03-24,2022,MIA,Miami Heat,Eastern,106.90,1,LAL,129,114,1,15
2022-03-24,2022,MIL,Milwaukee Bucks,Eastern,103.07,0,,,,,
2022-03-24,2022,DEN,Denver Nuggets,Western,102.64,0,,,,,
2022-03-24,2022,GSW,Golden State Warriors,Western,102.84,1,MIL,131,117,1,14
2022-03-24,2022,LAL,Los Angeles Lakers,Western,102.41,0,,,,,
2022-03-25,2022,BOS,Boston Celtics,Eastern,111.16,0,,,,,
2022-03-25,2022,MIA,Miami Heat,Eastern,105.44,0,,,,,
2022-03-25,2022,MIL,Milwaukee Bucks,Eastern,104.97,1,BOS,105,96,1,9
2022-03-25,2022,DEN,Denver Nuggets,Western,102.60,0,,,,,
2022-03-25,2022,GSW,Golden State Warriors,Western,101.64,0,,,,,
2022-03-25,2022,LAL,Los Angeles Lakers,Western,100.39,1,DEN,100,127,0,-27
2022-03-26,2022,BOS,Boston Celtics,Eastern,113.37,1,LAL,130,112,1,18
2022-03-26,2022,MIA,Miami Heat,Eastern,106.14,0,,,,,
2022-03-26,2022,MIL,Milwaukee Bucks,Eastern,102.55,0,,,,,
2022-03-26,2022,DEN,Denver Nuggets,Western,102.70,1,MIL,119,123,0,-4
2022-03-26,2022,GSW,Golden State Warriors,Western,102.49,0,,,,,
2022-03-26,2022,LAL,Los Angeles Lakers,Western,101.80,0,,,,,
2022-03-27,2022,BOS,Boston Celtics,Eastern,112.03,0,,,,,
2022-03-27,2022,MIA,Miami Heat,Eastern,105.29,1,BOS,108,104,1,4
2022-03-27,2022,MIL,Milwaukee Bucks,Eastern,102.90,0,,,,,
2022-03-27,2022,DEN,Denver Nuggets,Western,103.11,0,,,,,
2022-03-27,2022,GSW,Golden State Warriors,Western,101.64,1,DEN,103,102,1,1
2022-03-27,2022,LAL,Los Angeles Lakers,Western,101.61,0,,,,,
2022-03-28,2022,BOS,Boston Celtics,Eastern,112.36,0,,,,,
2022-03-28,2022,MIA,Miami Heat,Eastern,104.80,0,,,,,
2022-03-28,2022,MIL,Milwaukee Bucks,Eastern,103.85,1,MIA,112,111,1,1
2022-03-28,2022,DEN,Denver Nuggets,Western,102.89,0,,,,,
2022-03-28,2022,GSW,Golden State Warriors,Western,101.54,0,,,,,
2022-03-28,2022,LAL,Los Angeles Lakers,Western,104.41,1,GSW,125,97,1,28
2022-03-29,2022,BOS,Boston Celtics,Eastern,109.76,1,MIA,107,123,0,-16
2022-03-29,2022,MIA,Miami Heat,Eastern,104.72,0,,,,,
2022-03-29,2022,MIL,Milwaukee Bucks,Eastern,103.24,0,,,,,
2022-03-29,2022,DEN,Denver Nuggets,Western,102.25,1,GSW,120,129,0,-9
2022-03-29,2022,GSW,Golden State Warriors,Western,101.75,0,,,,,
2022-03-29,2022,LAL,Los Angeles Lakers,Western,102.00,0,,,,,
2022-03-30,2022,BOS,Boston Celtics,Eastern,111.84,0,,,,,
2022-03-30,2022,MIA,Miami Heat,Eastern,102.77,1,MIL,105,124,0,-19
2022-03-30,2022,MIL,Milwaukee Bucks,Eastern,102.94,0,,,,,
2022-03-30,2022,DEN,Denver Nuggets,Western,102.29,0,,,,,
2022-03-30,2022,GSW,Golden State Warriors,Western,102.43,1,LAL,119,129,0,-10
2022-03-30,2022,LAL,Los Angeles Lakers,Western,103.59,0,,,,,
2022-03-31,2022,BOS,Boston Celtics,Eastern,111.08,0,,,,,
2022-03-31,2022,MIA,Miami Heat,Eastern,104.63,0,,,,,
2022-03-31,2022,MIL,Milwaukee Bucks,Eastern,101.39,1,DEN,121,126,0,-5
2022-03-31,2022,DEN,Denver Nuggets,Western,101.74,0,,,,,
2022-03-31,2022,GSW,Golden State Warriors,Western,102.15,0,,,,,
2022-03-31,2022,LAL,Los Angeles Lakers,Western,104.09,1,BOS,110,105,1,5
2022-04-01,2022,BOS,Boston Celtics,Eastern,113.26,1,MIA,127,105,1,22
2022-04-01,2022,MIA,Miami Heat,Eastern,105.02,0,,,,,
2022-04-01,2022,MIL,Milwaukee Bucks,Eastern,101.71,0,,,,,
2022-04-01,2022,DEN,Denver Nuggets,Western,101.23,1,GSW,98,112,0,-14
2022-04-01,2022,GSW,Golden State Warriors,Western,102.90,0,,,,,
2022-04-01,2022,LAL,Los Angeles Lakers,Western,103.85,0,,,,,
2022-04-02,2022,BOS,Boston Celtics,Eastern,110.53,0,,,,,
2022-04-02,2022,MIA,Miami Heat,Eastern,103.15,1,MIL,105,122,0,-17
2022-04-02,2022,MIL,Milwaukee Bucks,Eastern,101.61,0,,,,,
2022-04-02,2022,DEN,Denver Nuggets,Western,103.10,0,,,,,
2022-04-02,2022,GSW,Golden State Warriors,Western,102.36,1,LAL,115,124,0,-9
2022-04-02,2022,LAL,Los Angeles Lakers,Western,103.77,0,,,,,
2022-04-03,2022,BOS,Boston Celtics,Eastern,111.47,0,,,,,
2022-04-03,2022,MIA,Miami Heat,Eastern,104.64,0,,,,,
2022-04-03,2022,MIL,Milwaukee Bucks,Eastern,101.36,1,DEN,103,116,0,-13
2022-04-03,2022,DEN,Denver Nuggets,Western,102.36,0,,,,,
2022-04-03,2022,GSW,Golden State Warriors,Western,103.74,0,,,,,
2022-04-03,2022,LAL,Los Angeles Lakers,Western,102.04,1,BOS,116,127,0,-11
2022-04-04,2022,BOS,Boston Celtics,Eastern,111.56,1,MIL,116,104,1,12
2022-04-04,2022,MIA,Miami Heat,Eastern,102.87,0,,,,,
2022-04-04,2022,MIL,Milwaukee Bucks,Eastern,102.57,0,,,,,
2022-04-04,2022,DEN,Denver Nuggets,Western,101.98,1,LAL,107,105,1,2
2022-04-04,2022,GSW,Golden State Warriors,Western,103.93,0,,,,,
2022-04-04,2022,LAL,Los Angeles Lakers,Western,103.07,0,,,,,
2022-04-05,2022,BOS,Boston Celtics,Eastern,110.22,0,,,,,
2022-04-05,2022,MIA,Miami Heat,Eastern,104.81,1,DEN,130,102,1,28
2022-04-05,2022,MIL,Milwaukee Bucks,Eastern,102.65,0,,,,,
2022-04-05,2022,DEN,Denver Nuggets,Western,102.40,0,,,,,
2022-04-05,2022,GSW,Golden State Warriors,Western,102.52,1,BOS,98,124,0,-26
2022-04-05,2022,LAL,Los Angeles Lakers,Western,104.32,0,,,,,
2022-04-06,2022,BOS,Boston Celtics,Eastern,110.15,0,,,,,
2022-04-06,2022,MIA,Miami Heat,Eastern,103.02,0,,,,,
2022-04-06,2022,MIL,Milwaukee Bucks,Eastern,102.41,1,GSW,122,114,1,8
2022-04-06,2022,DEN,Denver Nuggets,Western,102.12,0,,,,,
2022-04-06,2022,GSW,Golden State Warriors,Western,104.34,0,,,,,
2022-04-06,2022,LAL,Los Angeles Lakers,Western,103.42,1,MIA,105,109,0,-4
2022-04-07,2022,BOS,Boston Celtics,Eastern,111.23,1,DEN,121,123,0,-2
2022-04-07,2022,MIA,Miami Heat,Eastern,103.38,0,,,,,
2022-04-07,2022,MIL,Milwaukee Bucks,Eastern,101.63,0,,,,,
2022-04-07,2022,DEN,Denver Nuggets,Western,102.27,1,BOS,110,114,0,-4
2022-04-07,2022,GSW,Golden State Warriors,Western,103.79,0,,,,,
2022-04-07,2022,LAL,Los Angeles Lakers,Western,103.89,0,,,,,
2022-04-08,2022,BOS,Boston Celtics,Eastern,109.80,0,,,,,
2022-04-08,2022,MIA,Miami Heat,Eastern,103.96,1,GSW,125,116,1,9
2022-04-08,2022,MIL,Milwaukee Bucks,Eastern,102.25,0,,,,,
2022-04-08,2022,DEN,Denver Nuggets,Western,102.00,0,,,,,
2022-04-08,2022,GSW,Golden State Warriors,Western,104.01,1,MIA,113,122,0,-9
2022-04-08,2022,LAL,Los Angeles Lakers,Western,104.82,0,,,,,
2022-04-09,2022,BOS,Boston Celtics,Eastern,109.56,0,,,,,
2022-04-09,2022,MIA,Miami Heat,Eastern,103.66,0,,,,,
2022-04-09,2022,MIL,Milwaukee Bucks,Eastern,101.33,1,LAL,109,113,0,-4
2022-04-09,2022,DEN,Denver Nuggets,Western,102.87,0,,,,,
2022-04-09,2022,GSW,Golden State Warriors,Western,103.41,0,,,,,
2022-04-09,2022,LAL,Los Angeles Lakers,Western,102.84,1,MIL,114,122,0,-8
2022-04-10,2022,BOS,Boston Celtics,Eastern,110.56,1,GSW,130,114,1,16
2022-04-10,2022,MIA,Miami Heat,Eastern,102.81,0,,,,,
2022-04-10,2022,MIL,Milwaukee Bucks,Eastern,102.57,0,,,,,
2022-04-10,2022,DEN,Denver Nuggets,Western,102.02,1,MIA,103,106,0,-3
2022-04-10,2022,GSW,Golden State Warriors,Western,104.56,0,,,,,
2022-04-10,2022,LAL,Los Angeles Lakers,Western,103.92,0,,,,,
2022-04-11,2022,BOS,Boston Celtics,Eastern,109.56,0,,,,,
2022-04-11,2022,MIA,Miami Heat,Eastern,104.27,1,LAL,124,108,1,16
2022-04-11,2022,MIL,Milwaukee Bucks,Eastern,102.18,0,,,,,
2022-04-11,2022,DEN,Denver Nuggets,Western,102.70,0,,,,,
2022-04-11,2022,GSW,Golden State Warriors,Western,103.29,1,MIL,104,113,0,-9
2022-04-11,2022,LAL,Los Angeles Lakers,Western,104.77,0,,,,,
2022-04-12,2022,BOS,Boston Celtics,Eastern,109.20,0,,,,,
2022-04-12,2022,MIA,Miami Heat,Eastern,103.21,0,,,,,
2022-04-12,2022,MIL,Milwaukee Bucks,Eastern,102.28,1,BOS,130,121,1,9
2022-04-12,2022,DEN,Denver Nuggets,Western,102.46,0,,,,,
2022-04-12,2022,GSW,Golden State Warriors,Western,103.99,0,,,,,
2022-04-12,2022,LAL,Los Angeles Lakers,Western,104.52,1,DEN,121,110,1,11
2022-04-13,2022,BOS,Boston Celtics,Eastern,110.27,1,LAL,131,127,1,4
2022-04-13,2022,MIA,Miami Heat,Eastern,101.93,0,,,,,
2022-04-13,2022,MIL,Milwaukee Bucks,Eastern,102.12,0,,,,,
2022-04-13,2022,DEN,Denver Nuggets,Western,104.83,1,MIL,106,97,1,9
2022-04-13,2022,GSW,Golden State Warriors,Western,105.38,0,,,,,
2022-04-13,2022,LAL,Los Angeles Lakers,Western,104.74,0,,,,,
2022-04-14,2022,BOS,Boston Celtics,Eastern,108.57,0,,,,,
2022-04-14,2022,MIA,Miami Heat,Eastern,102.36,1,BOS,129,118,1,11
2022-04-14,2022,MIL,Milwaukee Bucks,Eastern,101.49,0,,,,,
2022-04-14,2022,DEN,Denver Nuggets,Western,103.56,0,,,,,
2022-04-14,2022,GSW,Golden State Warriors,Western,106.29,1,DEN,111,99,1,12
2022-04-14,2022,LAL,Los Angeles Lakers,Western,104.25,0,,,,,
2022-04-15,2022,BOS,Boston Celtics,Eastern,108.62,0,,,,,
2022-04-15,2022,MIA,Miami Heat,Eastern,101.76,0,,,,,
2022-04-15,2022,MIL,Milwaukee Bucks,Eastern,100.87,1,MIA,101,104,0,-3
2022-04-15,2022,DEN,Denver Nuggets,Western,103.13,0,,,,,
2022-04-15,2022,GSW,Golden State Warriors,Western,105.63,0,,,,,
2022-04-15,2022,LAL,Los Angeles Lakers,Western,104.79,1,GSW,110,105,1,5
2022-04-16,2022,BOS,Boston Celtics,Eastern,110.04,1,MIA,128,97,1,31
2022-04-16,2022,MIA,Miami Heat,Eastern,101.03,0,,,,,
2022-04-16,2022,MIL,Milwaukee Bucks,Eastern,102.43,0,,,,,
2022-04-16,2022,DEN,Denver Nuggets,Western,104.73,1,GSW,125,97,1,28
2022-04-16,2022,GSW,Golden State Warriors,Western,105.13,0,,,,,
2022-04-16,2022,LAL,Los Angeles Lakers,Western,105.00,0,,,,,
2022-04-17,2022,BOS,Boston Celtics,Eastern,108.23,0,,,,,
2022-04-17,2022,MIA,Miami Heat,Eastern,102.17,1,MIL,112,106,1,6
2022-04-17,2022,MIL,Milwaukee Bucks,Eastern,101.79,0,,,,,
2022-04-17,2022,DEN,Denver Nuggets,Western,103.82,0,,,,,
2022-04-17,2022,GSW,Golden State Warriors,Western,106.87,1,LAL,112,100,1,12
2022-04-17,2022,LAL,Los Angeles Lakers,Western,104.51,0,,,,,
2022-04-18,2022,BOS,Boston Celtics,Eastern,109.29,0,,,,,
2022-04-18,2022,MIA,Miami Heat,Eastern,101.12,0,,,,,
2022-04-18,2022,MIL,Milwaukee Bucks,Eastern,100.79,1,DEN,110,127,0,-17
2022-04-18,2022,DEN,Denver Nuggets,Western,103.44,0,,,,,
2022-04-18,2022,GSW,Golden State Warriors,Western,105.53,0,,,,,
2022-04-18,2022,LAL,Los Angeles Lakers,Western,105.30,1,BOS,111,96,1,15
2022-04-19,2022,BOS,Boston Celtics,Eastern,108.26,1,MIA,115,116,0,-1
2022-04-19,2022,MIA,Miami Heat,Eastern,101.30,0,,,,,
2022-04-19,2022,MIL,Milwaukee Bucks,Eastern,102.48,0,,,,,
2022-04-19,2022,DEN,Denver Nuggets,Western,104.51,1,GSW,98,96,1,2
2022-04-19,2022,GSW,Golden State Warriors,Western,105.19,0,,,,,
2022-04-19,2022,LAL,Los Angeles Lakers,Western,104.65,0,,,,,
2022-04-20,2022,BOS,Boston Celtics,Eastern,107.69,0,,,,,
2022-04-20,2022,MIA,Miami Heat,Eastern,102.44,1,MIL,131,106,1,25
2022-04-20,2022,MIL,Milwaukee Bucks,Eastern,101.73,0,,,,,
2022-04-20,2022,DEN,Denver Nuggets,Western,104.11,0,,,,,
2022-04-20,2022,GSW,Golden State Warriors,Western,105.98,1,LAL,113,107,1,6
2022-04-20,2022,LAL,Los Angeles Lakers,Western,104.69,0,,,,,
2022-04-21,2022,BOS,Boston Celtics,Eastern,108.45,0,,,,,
2022-04-21,2022,MIA,Miami Heat,Eastern,100.72,0,,,,,
2022-04-21,2022,MIL,Milwaukee Bucks,Eastern,100.72,1,DEN,98,105,0,-7
2022-04-21,2022,DEN,Denver Nuggets,Western,104.51,0,,,,,
2022-04-21,2022,GSW,Golden State Warriors,Western,104.74,0,,,,,
2022-04-21,2022,LAL,Los Angeles Lakers,Western,105.36,1,BOS,127,125,1,2
2022-04-22,2022,BOS,Boston Celtics,Eastern,108.73,1,MIL,101,96,1,5
2022-04-22,2022,MIA,Miami Heat,Eastern,100.51,0,,,,,
2022-04-22,2022,MIL,Milwaukee Bucks,Eastern,101.56,0,,,,,
2022-04-22,2022,DEN,Denver Nuggets,Western,104.24,1,LAL,112,111,1,1
2022-04-22,2022,GSW,Golden State Warriors,Western,106.27,0,,,,,
2022-04-22,2022,LAL,Los Angeles Lakers,Western,103.73,0,,,,,
2022-04-23,2022,BOS,Boston Celtics,Eastern,108.42,0,,,,,
2022-04-23,2022,MIA,Miami Heat,Eastern,101.07,1,DEN,119,120,0,-1
2022-04-23,2022,MIL,Milwaukee Bucks,Eastern,102.22,0,,,,,
2022-04-23,2022,DEN,Denver Nuggets,Western,103.69,0,,,,,
2022-04-23,2022,GSW,Golden State Warriors,Western,104.27,1,BOS,119,130,0,-11
2022-04-23,2022,LAL,Los Angeles Lakers,Western,104.83,0,,,,,
2022-04-24,2022,BOS,Boston Celtics,Eastern,107.27,0,,,,,
2022-04-24,2022,MIA,Miami Heat,Eastern,100.54,0,,,,,
2022-04-24,2022,MIL,Milwaukee Bucks,Eastern,101.21,1,GSW,103,117,0,-14
2022-04-24,2022,DEN,Denver Nuggets,Western,105.09,0,,,,,
2022-04-24,2022,GSW,Golden State Warriors,Western,106.19,0,,,,,
2022-04-24,2022,LAL,Los Angeles Lakers,Western,105.70,1,MIA,130,120,1,10
2022-04-25,2022,BOS,Boston Celtics,Eastern,109.50,1,DEN,116,98,1,18
2022-04-25,2022,MIA,Miami Heat,Eastern,101.34,0,,,,,
2022-04-25,2022,MIL,Milwaukee Bucks,Eastern,102.65,0,,,,,
2022-04-25,2022,DEN,Denver Nuggets,Western,102.83,1,BOS,101,116,0,-15
2022-04-25,2022,GSW,Golden State Warriors,Western,106.35,0,,,,,
2022-04-25,2022,LAL,Los Angeles Lakers,Western,103.99,0,,,,,
2022-04-26,2022,BOS,Boston Celtics,Eastern,107.81,0,,,,,
2022-04-26,2022,MIA,Miami Heat,Eastern,101.87,1,GSW,101,100,1,1
2022-04-26,2022,MIL,Milwaukee Bucks,Eastern,101.52,0,,,,,
2022-04-26,2022,DEN,Denver Nuggets,Western,104.62,0,,,,,
2022-04-26,2022,GSW,Golden State Warriors,Western,105.83,1,MIA,104,106,0,-2
2022-04-26,2022,LAL,Los Angeles Lakers,Western,104.97,0,,,,,
2022-04-27,2022,BOS,Boston Celtics,Eastern,108.37,0,,,,,
2022-04-27,2022,MIA,Miami Heat,Eastern,101.16,0,,,,,
2022-04-27,2022,MIL,Milwaukee Bucks,Eastern,103.75,1,LAL,112,100,1,12
2022-04-27,2022,DEN,Denver Nuggets,Western,104.08,0,,,,,
2022-04-27,2022,GSW,Golden State Warriors,Western,105.97,0,,,,,
2022-04-27,2022,LAL,Los Angeles Lakers,Western,104.02,1,MIL,99,107,0,-8
2022-04-28,2022,BOS,Boston Celtics,Eastern,109.15,1,GSW,129,114,1,15
2022-04-28,2022,MIA,Miami Heat,Eastern,101.66,0,,,,,
2022-04-28,2022,MIL,Milwaukee Bucks,Eastern,101.60,0,,,,,
2022-04-28,2022,DEN,Denver Nuggets,Western,104.62,1,MIA,98,100,0,-2
2022-04-28,2022,GSW,Golden State Warriors,Western,106.44,0,,,,,
2022-04-28,2022,LAL,Los Angeles Lakers,Western,104.64,0,,,,,
2022-04-29,2022,BOS,Boston Celtics,Eastern,107.87,0,,,,,
2022-04-29,2022,MIA,Miami Heat,Eastern,102.79,1,LAL,125,96,1,29
2022-04-29,2022,MIL,Milwaukee Bucks,Eastern,103.41,0,,,,,
2022-04-29,2022,DEN,Denver Nuggets,Western,104.93,0,,,,,
2022-04-29,2022,GSW,Golden State Warriors,Western,106.09,1,MIL,113,109,1,4
2022-04-29,2022,LAL,Los Angeles Lakers,Western,104.26,0,,,,,
2022-04-30,2022,BOS,Boston Celtics,Eastern,107.27,0,,,,,
2022-04-30,2022,MIA,Miami Heat,Eastern,101.97,0,,,,,
2022-04-30,2022,MIL,Milwaukee Bucks,Eastern,104.56,1,BOS,121,106,1,15
2022-04-30,2022,DEN,Denver Nuggets,Western,105.60,0,,,,,
2022-04-30,2022,GSW,Golden State Warriors,Western,105.99,0,,,,,
2022-04-30,2022,LAL,Los Angeles Lakers,Western,104.48,1,DEN,104,105,0,-1
2022-05-01,2022,BOS,Boston Celtics,Eastern,107.65,1,LAL,105,100,1,5
2022-05-01,2022,MIA,Miami Heat,Eastern,100.52,0,,,,,
2022-05-01,2022,MIL,Milwaukee Bucks,Eastern,102.35,0,,,,,
2022-05-01,2022,DEN,Denver Nuggets,Western,104.93,1,MIL,108,115,0,-7
2022-05-01,2022,GSW,Golden State Warriors,Western,106.18,0,,,,,
2022-05-01,2022,LAL,Los Angeles Lakers,Western,103.86,0,,,,,
2022-05-02,2022,BOS,Boston Celtics,Eastern,107.83,0,,,,,
2022-05-02,2022,MIA,Miami Heat,Eastern,100.65,1,BOS,113,121,0,-8
2022-05-02,2022,MIL,Milwaukee Bucks,Eastern,102.78,0,,,,,
2022-05-02,2022,DEN,Denver Nuggets,Western,104.97,0,,,,,
2022-05-02,2022,GSW,Golden State Warriors,Western,104.04,1,DEN,109,130,0,-21
2022-05-02,2022,LAL,Los Angeles Lakers,Western,104.03,0,,,,,
2022-05-03,2022,BOS,Boston Celtics,Eastern,106.15,0,,,,,
2022-05-03,2022,MIA,Miami Heat,Eastern,102.10,0,,,,,
2022-05-03,2022,MIL,Milwaukee Bucks,Eastern,104.37,1,MIA,119,96,1,23
2022-05-03,2022,DEN,Denver Nuggets,Western,105.77,0,,,,,
2022-05-03,2022,GSW,Golden State Warriors,Western,105.59,0,,,,,
2022-05-03,2022,LAL,Los Angeles Lakers,Western,103.08,1,GSW,98,129,0,-31
2022-05-04,2022,BOS,Boston Celtics,Eastern,105.55,1,MIA,98,116,0,-18
2022-05-04,2022,MIA,Miami Heat,Eastern,102.13,0,,,,,
2022-05-04,2022,MIL,Milwaukee Bucks,Eastern,103.01,0,,,,,
2022-05-04,2022,DEN,Denver Nuggets,Western,104.85,1,GSW,109,107,1,2
2022-05-04,2022,GSW,Golden State Warriors,Western,106.71,0,,,,,
2022-05-04,2022,LAL,Los Angeles Lakers,Western,104.64,0,,,,,
2022-05-05,2022,BOS,Boston Celtics,Eastern,106.75,0,,,,,
2022-05-05,2022,MIA,Miami Heat,Eastern,102.57,1,MIL,126,96,1,30
2022-05-05,2022,MIL,Milwaukee Bucks,Eastern,102.23,0,,,,,
2022-05-05,2022,DEN,Denver Nuggets,Western,105.71,0,,,,,
2022-05-05,2022,GSW,Golden State Warriors,Western,105.68,1,LAL,108,105,1,3
2022-05-05,2022,LAL,Los Angeles Lakers,Western,103.68,0,,,,,
2022-05-06,2022,BOS,Boston Celtics,Eastern,106.92,0,,,,,
2022-05-06,2022,MIA,Miami Heat,Eastern,100.75,0,,,,,
2022-05-06,2022,MIL,Milwaukee Bucks,Eastern,102.65,1,DEN,112,120,0,-8
2022-05-06,2022,DEN,Denver Nuggets,Western,105.05,0,,,,,
2022-05-06,2022,GSW,Golden State Warriors,Western,106.00,0,,,,,
2022-05-06,2022,LAL,Los Angeles Lakers,Western,104.65,1,BOS,121,108,1,13
2022-05-07,2022,BOS,Boston Celtics,Eastern,106.56,1,MIA,113,111,1,2
2022-05-07,2022,MIA,Miami Heat,Eastern,100.53,0,,,,,
2022-05-07,2022,MIL,Milwaukee Bucks,Eastern,102.45,0,,,,,
2022-05-07,2022,DEN,Denver Nuggets,Western,106.41,1,GSW,120,112,1,8
2022-05-07,2022,GSW,Golden State Warriors,Western,105.96,0,,,,,
2022-05-07,2022,LAL,Los Angeles Lakers,Western,104.68,0,,,,,
2022-05-08,2022,BOS,Boston Celtics,Eastern,107.48,0,,,,,
2022-05-08,2022,MIA,Miami Heat,Eastern,102.69,1,MIL,127,103,1,24
2022-05-08,2022,MIL,Milwaukee Bucks,Eastern,103.20,0,,,,,
2022-05-08,2022,DEN,Denver Nuggets,Western,105.41,0,,,,,
2022-05-08,2022,GSW,Golden State Warriors,Western,104.89,1,LAL,125,128,0,-3
2022-05-08,2022,LAL,Los Angeles Lakers,Western,103.44,0,,,,,
2022-05-09,2022,BOS,Boston Celtics,Eastern,107.29,0,,,,,
2022-05-09,2022,MIA,Miami Heat,Eastern,101.18,0,,,,,
2022-05-09,2022,MIL,Milwaukee Bucks,Eastern,101.50,1,DEN,103,120,0,-17
2022-05-09,2022,DEN,Denver Nuggets,Western,105.51,0,,,,,
2022-05-09,2022,GSW,Golden State Warriors,Western,106.40,0,,,,,
2022-05-09,2022,LAL,Los Angeles Lakers,Western,101.92,1,BOS,100,117,0,-17
2022-05-10,2022,BOS,Boston Celtics,Eastern,105.96,1,MIL,104,115,0,-11
2022-05-10,2022,MIA,Miami Heat,Eastern,102.33,0,,,,,
2022-05-10,2022,MIL,Milwaukee Bucks,Eastern,103.32,0,,,,,
2022-05-10,2022,DEN,Denver Nuggets,Western,104.73,1,LAL,119,127,0,-8
2022-05-10,2022,GSW,Golden State Warriors,Western,105.15,0,,,,,
2022-05-10,2022,LAL,Los Angeles Lakers,Western,103.82,0,,,,,
2022-05-11,2022,BOS,Boston Celtics,Eastern,106.50,0,,,,,
2022-05-11,2022,MIA,Miami Heat,Eastern,103.27,1,DEN,129,116,1,13
2022-05-11,2022,MIL,Milwaukee Bucks,Eastern,102.86,0,,,,,
2022-05-11,2022,DEN,Denver Nuggets,Western,106.25,0,,,,,
2022-05-11,2022,GSW,Golden State Warriors,Western,104.66,1,BOS,99,113,0,-14
2022-05-11,2022,LAL,Los Angeles Lakers,Western,104.59,0,,,,,
2022-05-12,2022,BOS,Boston Celtics,Eastern,105.99,0,,,,,
2022-05-12,2022,MIA,Miami Heat,Eastern,101.55,0,,,,,
2022-05-12,2022,MIL,Milwaukee Bucks,Eastern,103.90,1,GSW,129,124,1,5
2022-05-12,2022,DEN,Denver Nuggets,Western,104.93,0,,,,,
2022-05-12,2022,GSW,Golden State Warriors,Western,106.13,0,,,,,
2022-05-12,2022,LAL,Los Angeles Lakers,Western,103.87,1,MIA,106,107,0,-1
2022-05-13,2022,BOS,Boston Celtics,Eastern,107.51,1,DEN,108,96,1,12
2022-05-13,2022,MIA,Miami Heat,Eastern,102.09,0,,,,,
2022-05-13,2022,MIL,Milwaukee Bucks,Eastern,103.50,0,,,,,
2022-05-13,2022,DEN,Denver Nuggets,Western,106.62,1,BOS,117,111,1,6
2022-05-13,2022,GSW,Golden State Warriors,Western,104.82,0,,,,,
2022-05-13,2022,LAL,Los Angeles Lakers,Western,103.43,0,,,,,
2022-05-14,2022,BOS,Boston Celtics,Eastern,107.14,0,,,,,
2022-05-14,2022,MIA,Miami Heat,Eastern,102.45,1,GSW,126,100,1,26
2022-05-14,2022,MIL,Milwaukee Bucks,Eastern,103.00,0,,,,,
2022-05-14,2022,DEN,Denver Nuggets,Western,104.82,0,,,,,
2022-05-14,2022,GSW,Golden State Warriors,Western,104.42,1,MIA,106,118,0,-12
2022-05-14,2022,LAL,Los Angeles Lakers,Western,103.93,0,,,,,
2022-05-15,2022,BOS,Boston Celtics,Eastern,106.02,0,,,,,
2022-05-15,2022,MIA,Miami Heat,Eastern,101.46,0,,,,,
2022-05-15,2022,MIL,Milwaukee Bucks,Eastern,103.96,1,LAL,118,108,1,10
2022-05-15,2022,DEN,Denver Nuggets,Western,105.40,0,,,,,
2022-05-15,2022,GSW,Golden State Warriors,Western,105.99,0,,,,,
2022-05-15,2022,LAL,Los Angeles Lakers,Western,105.05,1,MIL,127,101,1,26
2022-05-16,2022,BOS,Boston Celtics,Eastern,107.53,1,GSW,105,104,1,1
2022-05-16,2022,MIA,Miami Heat,Eastern,101.04,0,,,,,
2022-05-16,2022,MIL,Milwaukee Bucks,Eastern,103.75,0,,,,,
2022-05-16,2022,DEN,Denver Nuggets,Western,105.31,1,MIA,127,126,1,1
2022-05-16,2022,GSW,Golden State Warriors,Western,105.97,0,,,,,
2022-05-16,2022,LAL,Los Angeles Lakers,Western,103.05,0,,,,,
2022-05-17,2022,BOS,Boston Celtics,Eastern,107.45,0,,,,,
2022-05-17,2022,MIA,Miami Heat,Eastern,102.14,1,LAL,111,113,0,-2
2022-05-17,2022,MIL,Milwaukee Bucks,Eastern,104.38,0,,,,,
2022-05-17,2022,DEN,Denver Nuggets,Western,105.91,0,,,,,
2022-05-17,2022,GSW,Golden State Warriors,Western,105.97,1,MIL,122,121,1,1
2022-05-17,2022,LAL,Los Angeles Lakers,Western,103.10,0,,,,,
2022-05-18,2022,BOS,Boston Celtics,Eastern,106.18,0,,,,,
2022-05-18,2022,MIA,Miami Heat,Eastern,102.53,0,,,,,
2022-05-18,2022,MIL,Milwaukee Bucks,Eastern,104.66,1,BOS,119,110,1,9
2022-05-18,2022,DEN,Denver Nuggets,Western,105.31,0,,,,,
2022-05-18,2022,GSW,Golden State Warriors,Western,104.56,0,,,,,
2022-05-18,2022,LAL,Los Angeles Lakers,Western,102.01,1,DEN,102,124,0,-22
2022-05-19,2022,BOS,Boston Celtics,Eastern,107.71,1,LAL,114,101,1,13
2022-05-19,2022,MIA,Miami Heat,Eastern,101.97,0,,,,,
2022-05-19,2022,MIL,Milwaukee Bucks,Eastern,102.71,0,,,,,
2022-05-19,2022,DEN,Denver Nuggets,Western,106.17,1,MIL,125,96,1,29
2022-05-19,2022,GSW,Golden State Warriors,Western,105.58,0,,,,,
2022-05-19,2022,LAL,Los Angeles Lakers,Western,103.10,0,,,,,
2022-05-20,2022,BOS,Boston Celtics,Eastern,107.40,0,,,,,
2022-05-20,2022,MIA,Miami Heat,Eastern,102.61,1,BOS,102,96,1,6
2022-05-20,2022,MIL,Milwaukee Bucks,Eastern,102.76,0,,,,,
2022-05-20,2022,DEN,Denver Nuggets,Western,104.74,0,,,,,
2022-05-20,2022,GSW,Golden State Warriors,Western,104.41,1,DEN,98,128,0,-30
2022-05-20,2022,LAL,Los Angeles Lakers,Western,104.15,0,,,,,
2022-05-21,2022,BOS,Boston Celtics,Eastern,107.71,0,,,,,
2022-05-21,2022,MIA,Miami Heat,Eastern,101.72,0,,,,,
2022-05-21,2022,MIL,Milwaukee Bucks,Eastern,102.47,1,MIA,117,127,0,-10
2022-05-21,2022,DEN,Denver Nuggets,Western,105.53,0,,,,,
2022-05-21,2022,GSW,Golden State Warriors,Western,105.98,0,,,,,
2022-05-21,2022,LAL,Los Angeles Lakers,Western,102.90,1,GSW,100,104,0,-4
2022-05-22,2022,BOS,Boston Celtics,Eastern,108.06,1,MIA,114,98,1,16
2022-05-22,2022,MIA,Miami Heat,Eastern,101.14,0,,,,,
2022-05-22,2022,MIL,Milwaukee Bucks,Eastern,102.68,0,,,,,
2022-05-22,2022,DEN,Denver Nuggets,Western,103.03,1,GSW,101,122,0,-21
2022-05-22,2022,GSW,Golden State Warriors,Western,106.18,0,,,,,
2022-05-22,2022,LAL,Los Angeles Lakers,Western,104.41,0,,,,,
2022-05-23,2022,BOS,Boston Celtics,Eastern,106.18,0,,,,,
2022-05-23,2022,MIA,Miami Heat,Eastern,102.27,1,MIL,100,99,1,1
2022-05-23,2022,MIL,Milwaukee Bucks,Eastern,104.08,0,,,,,
2022-05-23,2022,DEN,Denver Nuggets,Western,106.09,0,,,,,
2022-05-23,2022,GSW,Golden State Warriors,Western,107.40,1,LAL,126,109,1,17
2022-05-23,2022,LAL,Los Angeles Lakers,Western,103.83,0,,,,,
2022-05-24,2022,BOS,Boston Celtics,Eastern,107.33,0,,,,,
2022-05-24,2022,MIA,Miami Heat,Eastern,101.81,0,,,,,
2022-05-24,2022,MIL,Milwaukee Bucks,Eastern,104.35,1,DEN,122,116,1,6
2022-05-24,2022,DEN,Denver Nuggets,Western,105.38,0,,,,,
2022-05-24,2022,GSW,Golden State Warriors,Western,105.70,0,,,,,
2022-05-24,2022,LAL,Los Angeles Lakers,Western,105.48,1,BOS,109,100,1,9
2022-05-25,2022,BOS,Boston Celtics,Eastern,106.50,1,MIA,112,111,1,1
2022-05-25,2022,MIA,Miami Heat,Eastern,101.60,0,,,,,
2022-05-25,2022,MIL,Milwaukee Bucks,Eastern,103.07,0,,,,,
2022-05-25,2022,DEN,Denver Nuggets,Western,106.50,1,GSW,122,116,1,6
2022-05-25,2022,GSW,Golden State Warriors,Western,105.39,0,,,,,
2022-05-25,2022,LAL,Los Angeles Lakers,Western,104.63,0,,,,,
2022-05-26,2022,BOS,Boston Celtics,Eastern,107.91,0,,,,,
2022-05-26,2022,MIA,Miami Heat,Eastern,103.15,1,MIL,107,96,1,11
2022-05-26,2022,MIL,Milwaukee Bucks,Eastern,103.14,0,,,,,
2022-05-26,2022,DEN,Denver Nuggets,Western,104.83,0,,,,,
2022-05-26,2022,GSW,Golden State Warriors,Western,103.89,1,LAL,101,120,0,-19
2022-05-26,2022,LAL,Los Angeles Lakers,Western,104.49,0,,,,,
2022-05-27,2022,BOS,Boston Celtics,Eastern,106.16,0,,,,,
2022-05-27,2022,MIA,Miami Heat,Eastern,102.70,0,,,,,
2022-05-27,2022,MIL,Milwaukee Bucks,Eastern,105.73,1,DEN,119,100,1,19
2022-05-27,2022,DEN,Denver Nuggets,Western,105.28,0,,,,,
2022-05-27,2022,GSW,Golden State Warriors,Western,105.00,0,,,,,
2022-05-27,2022,LAL,Los Angeles Lakers,Western,102.39,1,BOS,114,129,0,-15
2022-05-28,2022,BOS,Boston Celtics,Eastern,105.44,1,MIL,100,128,0,-28
2022-05-28,2022,MIA,Miami Heat,Eastern,102.21,0,,,,,
2022-05-28,2022,MIL,Milwaukee Bucks,Eastern,102.91,0,,,,,
2022-05-28,2022,DEN,Denver Nuggets,Western,105.27,1,LAL,119,116,1,3
2022-05-28,2022,GSW,Golden State Warriors,Western,104.90,0,,,,,
2022-05-28,2022,LAL,Los Angeles Lakers,Western,104.41,0,,,,,
2022-05-29,2022,BOS,Boston Celtics,Eastern,107.71,0,,,,,
2022-05-29,2022,MIA,Miami Heat,Eastern,102.82,1,DEN,102,100,1,2
2022-05-29,2022,MIL,Milwaukee Bucks,Eastern,102.50,0,,,,,
2022-05-29,2022,DEN,Denver Nuggets,Western,104.56,0,,,,,
2022-05-29,2022,GSW,Golden State Warriors,Western,103.83,1,BOS,98,121,0,-23
2022-05-29,2022,LAL,Los Angeles Lakers,Western,105.08,0,,,,,
2022-05-30,2022,BOS,Boston Celtics,Eastern,107.68,0,,,,,
2022-05-30,2022,MIA,Miami Heat,Eastern,102.67,0,,,,,
2022-05-30,2022,MIL,Milwaukee Bucks,Eastern,105.16,1,GSW,124,100,1,24
2022-05-30,2022,DEN,Denver Nuggets,Western,105.89,0,,,,,
2022-05-30,2022,GSW,Golden State Warriors,Western,105.02,0,,,,,
2022-05-30,2022,LAL,Los Angeles Lakers,Western,105.27,1,MIA,131,106,1,25
2022-05-31,2022,BOS,Boston Celtics,Eastern,109.25,1,DEN,124,102,1,22
2022-05-31,2022,MIA,Miami Heat,Eastern,101.97,0,,,,,
2022-05-31,2022,MIL,Milwaukee Bucks,Eastern,102.60,0,,,,,
2022-05-31,2022,DEN,Denver Nuggets,Western,106.04,1,BOS,109,98,1,11
2022-05-31,2022,GSW,Golden State Warriors,Western,105.20,0,,,,,
2022-05-31,2022,LAL,Los Angeles Lakers,Western,104.07,0,,,,,
2022-06-01,2022,BOS,Boston Celtics,Eastern,107.55,0,,,,,
2022-06-01,2022,MIA,Miami Heat,Eastern,101.77,1,GSW,110,102,1,8
2022-06-01,2022,MIL,Milwaukee Bucks,Eastern,103.98,0,,,,,
2022-06-01,2022,DEN,Denver Nuggets,Western,105.84,0,,,,,
2022-06-01,2022,GSW,Golden State Warriors,Western,106.69,1,MIA,120,104,1,16
2022-06-01,2022,LAL,Los Angeles Lakers,Western,105.62,0,,,,,
2022-06-02,2022,BOS,Boston Celtics,Eastern,106.63,0,,,,,
2022-06-02,2022,MIA,Miami Heat,Eastern,102.83,0,,,,,
2022-06-02,2022,MIL,Milwaukee Bucks,Eastern,104.20,1,LAL,112,100,1,12
2022-06-02,2022,DEN,Denver Nuggets,Western,105.67,0,,,,,
2022-06-02,2022,GSW,Golden State Warriors,Western,106.31,0,,,,,
2022-06-02,2022,LAL,Los Angeles Lakers,Western,105.34,1,MIL,105,110,0,-5
2022-06-03,2022,BOS,Boston Celtics,Eastern,105.82,1,GSW,101,123,0,-22
2022-06-03,2022,MIA,Miami Heat,Eastern,101.66,0,,,,,
2022-06-03,2022,MIL,Milwaukee Bucks,Eastern,103.55,0,,,,,
2022-06-03,2022,DEN,Denver Nuggets,Western,104.39,1,MIA,100,116,0,-16
2022-06-03,2022,GSW,Golden State Warriors,Western,105.36,0,,,,,
2022-06-03,2022,LAL,Los Angeles Lakers,Western,104.81,0,,,,,
2022-06-04,2022,BOS,Boston Celtics,Eastern,106.67,0,,,,,
2022-06-04,2022,MIA,Miami Heat,Eastern,103.28,1,LAL,109,97,1,12
2022-06-04,2022,MIL,Milwaukee Bucks,Eastern,103.23,0,,,,,
2022-06-04,2022,DEN,Denver Nuggets,Western,105.52,0,,,,,
2022-06-04,2022,GSW,Golden State Warriors,Western,105.88,1,MIL,121,118,1,3
2022-06-04,2022,LAL,Los Angeles Lakers,Western,105.96,0,,,,,
2022-06-05,2022,BOS,Boston Celtics,Eastern,107.80,0,,,,,
2022-06-05,2022,MIA,Miami Heat,Eastern,102.23,0,,,,,
2022-06-05,2022,MIL,Milwaukee Bucks,Eastern,103.52,1,BOS,125,99,1,26
2022-06-05,2022,DEN,Denver Nuggets,Western,105.67,0,,,,,
2022-06-05,2022,GSW,Golden State Warriors,Western,105.66,0,,,,,
2022-06-05,2022,LAL,Los Angeles Lakers,Western,107.08,1,DEN,124,108,1,16
2022-06-06,2022,BOS,Boston Celtics,Eastern,105.65,1,LAL,102,128,0,-26
2022-06-06,2022,MIA,Miami Heat,Eastern,102.42,0,,,,,
2022-06-06,2022,MIL,Milwaukee Bucks,Eastern,102.27,0,,,,,
2022-06-06,2022,DEN,Denver Nuggets,Western,103.29,1,MIL,103,117,0,-14
2022-06-06,2022,GSW,Golden State Warriors,Western,106.29,0,,,,,
2022-06-06,2022,LAL,Los Angeles Lakers,Western,104.60,0,,,,,
2022-06-07,2022,BOS,Boston Celtics,Eastern,107.98,0,,,,,
2022-06-07,2022,MIA,Miami Heat,Eastern,99.96,1,BOS,98,122,0,-24
2022-06-07,2022,MIL,Milwaukee Bucks,Eastern,103.39,0,,,,,
2022-06-07,2022,DEN,Denver Nuggets,Western,104.32,0,,,,,
2022-06-07,2022,GSW,Golden State Warriors,Western,106.68,1,DEN,118,101,1,17
2022-06-07,2022,LAL,Los Angeles Lakers,Western,105.83,0,,,,,
2022-06-08,2022,BOS,Boston Celtics,Eastern,107.25,0,,,,,
2022-06-08,2022,MIA,Miami Heat,Eastern,101.42,0,,,,,
2022-06-08,2022,MIL,Milwaukee Bucks,Eastern,103.06,1,MIA,112,100,1,12
2022-06-08,2022,DEN,Denver Nuggets,Western,105.30,0,,,,,
2022-06-08,2022,GSW,Golden State Warriors,Western,106.34,0,,,,,
2022-06-08,2022,LAL,Los Angeles Lakers,Western,104.91,1,GSW,115,116,0,-1
2022-06-09,2022,BOS,Boston Celtics,Eastern,107.30,1,MIA,117,112,1,5
2022-06-09,2022,MIA,Miami Heat,Eastern,101.78,0,,,,,
2022-06-09,2022,MIL,Milwaukee Bucks,Eastern,102.89,0,,,,,
2022-06-09,2022,DEN,Denver Nuggets,Western,102.80,1,GSW,102,128,0,-26
2022-06-09,2022,GSW,Golden State Warriors,Western,105.84,0,,,,,
2022-06-09,2022,LAL,Los Angeles Lakers,Western,104.94,0,,,,,
2022-06-10,2022,BOS,Boston Celtics,Eastern,108.02,0,,,,,
2022-06-10,2022,MIA,Miami Heat,Eastern,102.68,1,MIL,124,104,1,20
2022-06-10,2022,MIL,Milwaukee Bucks,Eastern,103.18,0,,,,,
2022-06-10,2022,DEN,Denver Nuggets,Western,105.33,0,,,,,
2022-06-10,2022,GSW,Golden State Warriors,Western,106.34,1,LAL,120,121,0,-1
2022-06-10,2022,LAL,Los Angeles Lakers,Western,105.79,0,,,,,
2022-06-11,2022,BOS,Boston Celtics,Eastern,107.40,0,,,,,
2022-06-11,2022,MIA,Miami Heat,Eastern,101.70,0,,,,,
2022-06-11,2022,MIL,Milwaukee Bucks,Eastern,102.09,1,DEN,114,122,0,-8
2022-06-11,2022,DEN,Denver Nuggets,Western,104.94,0,,,,,
2022-06-11,2022,GSW,Golden State Warriors,Western,105.57,0,,,,,
2022-06-11,2022,LAL,Los Angeles Lakers,Western,107.05,1,BOS,127,96,1,31
2022-06-12,2022,BOS,Boston Celtics,Eastern,105.20,1,MIA,101,122,0,-21
2022-06-12,2022,MIA,Miami Heat,Eastern,101.07,0,,,,,
2022-06-12,2022,MIL,Milwaukee Bucks,Eastern,102.04,0,,,,,
2022-06-12,2022,DEN,Denver Nuggets,Western,106.90,1,GSW,120,101,1,19
2022-06-12,2022,GSW,Golden State Warriors,Western,106.51,0,,,,,
2022-06-12,2022,LAL,Los Angeles Lakers,Western,106.75,0,,,,,
2022-06-13,2022,BOS,Boston Celtics,Eastern,107.18,0,,,,,
2022-06-13,2022,MIA,Miami Heat,Eastern,103.54,1,MIL,115,97,1,18
2022-06-13,2022,MIL,Milwaukee Bucks,Eastern,102.72,0,,,,,
2022-06-13,2022,DEN,Denver Nuggets,Western,104.84,0,,,,,
2022-06-13,2022,GSW,Golden State Warriors,Western,106.00,1,LAL,101,120,0,-19
2022-06-13,2022,LAL,Los Angeles Lakers,Western,106.17,0,,,,,
2022-06-14,2022,BOS,Boston Celtics,Eastern,107.28,0,,,,,
2022-06-14,2022,MIA,Miami Heat,Eastern,101.21,0,,,,,
2022-06-14,2022,MIL,Milwaukee Bucks,Eastern,101.48,1,DEN,99,104,0,-5
2022-06-14,2022,DEN,Denver Nuggets,Western,105.50,0,,,,,
2022-06-14,2022,GSW,Golden State Warriors,Western,106.80,0,,,,,
2022-06-14,2022,LAL,Los Angeles Lakers,Western,106.39,1,BOS,110,119,0,-9
2022-06-15,2022,BOS,Boston Celtics,Eastern,106.12,1,MIL,112,118,0,-6
2022-06-15,2022,MIA,Miami Heat,Eastern,101.25,0,,,,,
2022-06-15,2022,MIL,Milwaukee Bucks,Eastern,101.52,0,,,,,
2022-06-15,2022,DEN,Denver Nuggets,Western,104.79,1,LAL,99,114,0,-15
2022-06-15,2022,GSW,Golden State Warriors,Western,107.66,0,,,,,
2022-06-15,2022,LAL,Los Angeles Lakers,Western,106.10,0,,,,,
2022-06-16,2022,BOS,Boston Celtics,Eastern,106.17,0,,,,,
2022-06-16,2022,MIA,Miami Heat,Eastern,101.39,1,DEN,130,120,1,10
2022-06-16,2022,MIL,Milwaukee Bucks,Eastern,102.01,0,,,,,
2022-06-16,2022,DEN,Denver Nuggets,Western,104.57,0,,,,,
2022-06-16,2022,GSW,Golden State Warriors,Western,107.13,1,BOS,110,111,0,-1
2022-06-16,2022,LAL,Los Angeles Lakers,Western,106.53,0,,,,,
2022-06-17,2022,BOS,Boston Celtics,Eastern,106.56,0,,,,,
2022-06-17,2022,MIA,Miami Heat,Eastern,100.30,0,,,,,
2022-06-17,2022,MIL,Milwaukee Bucks,Eastern,102.45,1,GSW,122,108,1,14
2022-06-17,2022,DEN,Denver Nuggets,Western,105.16,0,,,,,
2022-06-17,2022,GSW,Golden State Warriors,Western,107.42,0,,,,,
2022-06-17,2022,LAL,Los Angeles Lakers,Western,107.28,1,MIA,119,112,1,7
2022-06-18,2022,BOS,Boston Celtics,Eastern,106.23,1,DEN,107,112,0,-5
2022-06-18,2022,MIA,Miami Heat,Eastern,100.04,0,,,,,
2022-06-18,2022,MIL,Milwaukee Bucks,Eastern,102.79,0,,,,,
2022-06-18,2022,DEN,Denver Nuggets,Western,107.55,1,BOS,130,108,1,22
2022-06-18,2022,GSW,Golden State Warriors,Western,107.94,0,,,,,
2022-06-18,2022,LAL,Los Angeles Lakers,Western,107.32,0,,,,,
2022-06-19,2022,BOS,Boston Celtics,Eastern,106.51,0,,,,,
2022-06-19,2022,MIA,Miami Heat,Eastern,99.32,1,GSW,119,130,0,-11
2022-06-19,2022,MIL,Milwaukee Bucks,Eastern,101.91,0,,,,,
2022-06-19,2022,DEN,Denver Nuggets,Western,104.93,0,,,,,
2022-06-19,2022,GSW,Golden State Warriors,Western,108.27,1,MIA,125,114,1,11
2022-06-19,2022,LAL,Los Angeles Lakers,Western,107.61,0,,,,,
2022-06-20,2022,BOS,Boston Celtics,Eastern,106.15,0,,,,,
2022-06-20,2022,MIA,Miami Heat,Eastern,100.91,0,,,,,
2022-06-20,2022,MIL,Milwaukee Bucks,Eastern,102.14,1,LAL,108,107,1,1
2022-06-20,2022,DEN,Denver Nuggets,Western,105.12,0,,,,,
2022-06-20,2022,GSW,Golden State Warriors,Western,107.62,0,,,,,
2022-06-20,2022,LAL,Los Angeles Lakers,Western,106.52,1,MIL,109,124,0,-15
2022-06-21,2022,BOS,Boston Celtics,Eastern,106.32,1,GSW,125,127,0,-2
2022-06-21,2022,MIA,Miami Heat,Eastern,99.61,0,,,,,
2022-06-21,2022,MIL,Milwaukee Bucks,Eastern,101.38,0,,,,,
2022-06-21,2022,DEN,Denver Nuggets,Western,106.15,1,MIA,118,113,1,5
2022-06-21,2022,GSW,Golden State Warriors,Western,107.63,0,,,,,
2022-06-21,2022,LAL,Los Angeles Lakers,Western,106.54,0,,,,,
2022-06-22,2022,BOS,Boston Celtics,Eastern,106.23,0,,,,,
2022-06-22,2022,MIA,Miami Heat,Eastern,100.40,1,LAL,99,106,0,-7
2022-06-22,2022,MIL,Milwaukee Bucks,Eastern,101.42,0,,,,,
2022-06-22,2022,DEN,Denver Nuggets,Western,106.50,0,,,,,
2022-06-22,2022,GSW,Golden State Warriors,Western,106.80,1,MIL,103,125,0,-22
2022-06-22,2022,LAL,Los Angeles Lakers,Western,106.22,0,,,,,
2022-06-23,2022,BOS,Boston Celtics,Eastern,105.57,0,,,,,
2022-06-23,2022,MIA,Miami Heat,Eastern,99.54,0,,,,,
2022-06-23,2022,MIL,Milwaukee Bucks,Eastern,103.44,1,BOS,117,103,1,14
2022-06-23,2022,DEN,Denver Nuggets,Western,106.70,0,,,,,
2022-06-23,2022,GSW,Golden State Warriors,Western,108.60,0,,,,,
2022-06-23,2022,LAL,Los Angeles Lakers,Western,105.49,1,DEN,98,113,0,-15
2022-06-24,2022,BOS,Boston Celtics,Eastern,106.43,1,LAL,126,115,1,11
2022-06-24,2022,MIA,Miami Heat,Eastern,100.38,0,,,,,
2022-06-24,2022,MIL,Milwaukee Bucks,Eastern,102.12,0,,,,,
2022-06-24,2022,DEN,Denver Nuggets,Western,107.82,1,MIL,111,102,1,9
2022-06-24,2022,GSW,Golden State Warriors,Western,107.60,0,,,,,
2022-06-24,2022,LAL,Los Angeles Lakers,Western,107.84,0,,,,,
2022-06-25,2022,BOS,Boston Celtics,Eastern,105.71,0,,,,,
2022-06-25,2022,MIA,Miami Heat,Eastern,100.37,1,BOS,102,96,1,6
2022-06-25,2022,MIL,Milwaukee Bucks,Eastern,101.93,0,,,,,
2022-06-25,2022,DEN,Denver Nuggets,Western,105.80,0,,,,,
2022-06-25,2022,GSW,Golden State Warriors,Western,108.74,1,DEN,112,101,1,11
2022-06-25,2022,LAL,Los Angeles Lakers,Western,107.29,0,,,,,
2022-06-26,2022,BOS,Boston Celtics,Eastern,105.97,0,,,,,
2022-06-26,2022,MIA,Miami Heat,Eastern,100.50,0,,,,,
2022-06-26,2022,MIL,Milwaukee Bucks,Eastern,104.00,1,MIA,122,108,1,14
2022-06-26,2022,DEN,Denver Nuggets,Western,106.05,0,,,,,
2022-06-26,2022,GSW,Golden State Warriors,Western,108.42,0,,,,,
2022-06-26,2022,LAL,Los Angeles Lakers,Western,107.82,1,GSW,111,97,1,14
2022-06-27,2022,BOS,Boston Celtics,Eastern,104.39,1,MIA,99,107,0,-8
2022-06-27,2022,MIA,Miami Heat,Eastern,98.97,0,,,,,
2022-06-27,2022,MIL,Milwaukee Bucks,Eastern,102.87,0,,,,,
2022-06-27,2022,DEN,Denver Nuggets,Western,106.00,1,GSW,108,129,0,-21
2022-06-27,2022,GSW,Golden State Warriors,Western,109.30,0,,,,,
2022-06-27,2022,LAL,Los Angeles Lakers,Western,107.20,0,,,,,
2022-06-28,2022,BOS,Boston Celtics,Eastern,105.76,0,,,,,
2022-06-28,2022,MIA,Miami Heat,Eastern,100.20,1,MIL,125,126,0,-1
2022-06-28,2022,MIL,Milwaukee Bucks,Eastern,102.39,0,,,,,
2022-06-28,2022,DEN,Denver Nuggets,Western,107.53,0,,,,,
2022-06-28,2022,GSW,Golden State Warriors,Western,109.77,1,LAL,121,106,1,15
2022-06-28,2022,LAL,Los Angeles Lakers,Western,106.84,0,,,,,
2022-06-29,2022,BOS,Boston Celtics,Eastern,105.77,0,,,,,
2022-06-29,2022,MIA,Miami Heat,Eastern,100.34,0,,,,,
2022-06-29,2022,MIL,Milwaukee Bucks,Eastern,103.84,1,DEN,121,109,1,12
2022-06-29,2022,DEN,Denver Nuggets,Western,106.96,0,,,,,
2022-06-29,2022,GSW,Golden State Warriors,Western,108.20,0,,,,,
2022-06-29,2022,LAL,Los Angeles Lakers,Western,107.18,1,BOS,100,97,1,3
2022-06-30,2022,BOS,Boston Celtics,Eastern,106.36,1,MIA,129,114,1,15
2022-06-30,2022,MIA,Miami Heat,Eastern,99.78,0,,,,,
2022-06-30,2022,MIL,Milwaukee Bucks,Eastern,102.13,0,,,,,
2022-06-30,2022,DEN,Denver Nuggets,Western,108.31,1,GSW,114,103,1,11
2022-06-30,2022,GSW,Golden State Warriors,Western,108.56,0,,,,,
2022-06-30,2022,LAL,Los Angeles Lakers,Western,106.49,0,,,,,
2022-07-01,2022,BOS,Boston Celtics,Eastern,105.76,0,,,,,
2022-07-01,2022,MIA,Miami Heat,Eastern,99.77,0,,,,,
2022-07-01,2022,MIL,Milwaukee Bucks,Eastern,103.29,0,,,,,
2022-07-01,2022,DEN,Denver Nuggets,Western,107.03,0,,,,,
2022-07-01,2022,GSW,Golden State Warriors,Western,109.47,0,,,,,
2022-07-01,2022,LAL,Los Angeles Lakers,Western,107.64,0,,,,,
2022-07-02,2022,BOS,Boston Celtics,Eastern,105.64,0,,,,,
2022-07-02,2022,MIA,Miami Heat,Eastern,99.78,0,,,,,
2022-07-02,2022,MIL,Milwaukee Bucks,Eastern,101.78,0,,,,,
2022-07-02,2022,DEN,Denver Nuggets,Western,107.87,0,,,,,
2022-07-02,2022,GSW,Golden State Warriors,Western,108.54,0,,,,,
2022-07-02,2022,LAL,Los Angeles Lakers,Western,107.07,0,,,,,
2022-07-03,2022,BOS,Boston Celtics,Eastern,105.60,0,,,,,
2022-07-03,2022,MIA,Miami Heat,Eastern,99.06,0,,,,,
2022-07-03,2022,MIL,Milwaukee Bucks,Eastern,102.93,0,,,,,
2022-07-03,2022,DEN,Denver Nuggets,Western,108.62,0,,,,,
2022-07-03,2022,GSW,Golden State Warriors,Western,109.76,0,,,,,
2022-07-03,2022,LAL,Los Angeles Lakers,Western,106.68,0,,,,,
2022-07-04,2022,BOS,Boston Celtics,Eastern,104.92,0,,,,,
2022-07-04,2022,MIA,Miami Heat,Eastern,99.57,0,,,,,
2022-07-04,2022,MIL,Milwaukee Bucks,Eastern,102.76,0,,,,,
2022-07-04,2022,DEN,Denver Nuggets,Western,107.74,0,,,,,
2022-07-04,2022,GSW,Golden State Warriors,Western,108.77,0,,,,,
2022-07-04,2022,LAL,Los Angeles Lakers,Western,107.40,0,,,,,
2022-07-05,2022,BOS,Boston Celtics,Eastern,104.77,0,,,,,
2022-07-05,2022,MIA,Miami Heat,Eastern,100.13,0,,,,,
2022-07-05,2022,MIL,Milwaukee Bucks,Eastern,102.05,0,,,,,
2022-07-05,2022,DEN,Denver Nuggets,Western,107.45,0,,,,,
2022-07-05,2022,GSW,Golden State Warriors,Western,110.31,0,,,,,
2022-07-05,2022,LAL,Los Angeles Lakers,Western,106.83,0,,,,,
2022-07-06,2022,BOS,Boston Celtics,Eastern,105.27,0,,,,,
2022-07-06,2022,MIA,Miami Heat,Eastern,99.41,0,,,,,
2022-07-06,2022,MIL,Milwaukee Bucks,Eastern,102.18,0,,,,,
2022-07-06,2022,DEN,Denver Nuggets,Western,108.01,0,,,,,
2022-07-06,2022,GSW,Golden State Warriors,Western,109.01,0,,,,,
2022-07-06,2022,LAL,Los Angeles Lakers,Western,106.80,0,,,,,
2022-07-07,2022,BOS,Boston Celtics,Eastern,105.10,0,,,,,
2022-07-07,2022,MIA,Miami Heat,Eastern,99.30,0,,,,,
2022-07-07,2022,MIL,Milwaukee Bucks,Eastern,103.95,0,,,,,
2022-07-07,2022,DEN,Denver Nuggets,Western,107.67,0,,,,,
2022-07-07,2022,GSW,Golden State Warriors,Western,109.02,0,,,,,
2022-07-07,2022,LAL,Los Angeles Lakers,Western,106.70,0,,,,,
2022-07-08,2022,BOS,Boston Celtics,Eastern,104.38,0,,,,,
2022-07-08,2022,MIA,Miami Heat,Eastern,99.91,0,,,,,
2022-07-08,2022,MIL,Milwaukee Bucks,Eastern,104.11,0,,,,,
2022-07-08,2022,DEN,Denver Nuggets,Western,107.98,0,,,,,
2022-07-08,2022,GSW,Golden State Warriors,Western,109.03,0,,,,,
2022-07-08,2022,LAL,Los Angeles Lakers,Western,106.74,0,,,,,
2022-07-09,2022,BOS,Boston Celtics,Eastern,104.73,0,,,,,
2022-07-09,2022,MIA,Miami Heat,Eastern,98.70,0,,,,,
2022-07-09,2022,MIL,Milwaukee Bucks,Eastern,103.56,0,,,,,
2022-07-09,2022,DEN,Denver Nuggets,Western,108.17,0,,,,,
2022-07-09,2022,GSW,Golden State Warriors,Western,109.06,0,,,,,
2022-07-09,2022,LAL,Los Angeles Lakers,Western,106.58,0,,,,,
2022-07-10,2022,BOS,Boston Celtics,Eastern,103.42,0,,,,,
2022-07-10,2022,MIA,Miami Heat,Eastern,99.43,0,,,,,
2022-07-10,2022,MIL,Milwaukee Bucks,Eastern,103.53,0,,,,,
2022-07-10,2022,DEN,Denver Nuggets,Western,109.11,0,,,,,
2022-07-10,2022,GSW,Golden State Warriors,Western,110.72,0,,,,,
2022-07-10,2022,LAL,Los Angeles Lakers,Western,106.01,0,,,,,
2022-07-11,2022,BOS,Boston Celtics,Eastern,103.19,0,,,,,
2022-07-11,2022,MIA,Miami Heat,Eastern,99.81,0,,,,,
2022-07-11,2022,MIL,Milwaukee Bucks,Eastern,103.99,0,,,,,
2022-07-11,2022,DEN,Denver Nuggets,Western,109.27,0,,,,,
2022-07-11,2022,GSW,Golden State Warriors,Western,109.39,0,,,,,
2022-07-11,2022,LAL,Los Angeles Lakers,Western,106.51,0,,,,,
2022-07-12,2022,BOS,Boston Celtics,Eastern,102.93,0,,,,,
2022-07-12,2022,MIA,Miami Heat,Eastern,99.26,0,,,,,
2022-07-12,2022,MIL,Milwaukee Bucks,Eastern,104.13,0,,,,,
2022-07-12,2022,DEN,Denver Nuggets,Western,108.68,0,,,,,
2022-07-12,2022,GSW,Golden State Warriors,Western,110.58,0,,,,,
2022-07-12,2022,LAL,Los Angeles Lakers,Western,105.97,0,,,,,
2022-07-13,2022,BOS,Boston Celtics,Eastern,102.82,0,,,,,
2022-07-13,2022,MIA,Miami Heat,Eastern,99.26,0,,,,,
2022-07-13,2022,MIL,Milwaukee Bucks,Eastern,104.81,0,,,,,
2022-07-13,2022,DEN,Denver Nuggets,Western,109.85,0,,,,,
2022-07-13,2022,GSW,Golden State Warriors,Western,109.41,0,,,,,
2022-07-13,2022,LAL,Los Angeles Lakers,Western,106.27,0,,,,,
2022-07-14,2022,BOS,Boston Celtics,Eastern,103.33,0,,,,,
2022-07-14,2022,MIA,Miami Heat,Eastern,99.92,0,,,,,
2022-07-14,2022,MIL,Milwaukee Bucks,Eastern,103.56,0,,,,,
2022-07-14,2022,DEN,Denver Nuggets,Western,109.77,0,,,,,
2022-07-14,2022,GSW,Golden State Warriors,Western,109.18,0,,,,,
2022-07-14,2022,LAL,Los Angeles Lakers,Western,105.52,0,,,,,
2022-07-15,2022,BOS,Boston Celtics,Eastern,102.97,0,,,,,
2022-07-15,2022,MIA,Miami Heat,Eastern,98.89,0,,,,,
2022-07-15,2022,MIL,Milwaukee Bucks,Eastern,104.35,0,,,,,
2022-07-15,2022,DEN,Denver Nuggets,Western,109.98,0,,,,,
2022-07-15,2022,GSW,Golden State Warriors,Western,109.40,0,,,,,
2022-07-15,2022,LAL,Los Angeles Lakers,Western,106.68,0,,,,,
2022-07-16,2022,BOS,Boston Celtics,Eastern,103.15,0,,,,,
2022-07-16,2022,MIA,Miami Heat,Eastern,100.04,0,,,,,
2022-07-16,2022,MIL,Milwaukee Bucks,Eastern,103.93,0,,,,,
2022-07-16,2022,DEN,Denver Nuggets,Western,110.38,0,,,,,
2022-07-16,2022,GSW,Golden State Warriors,Western,109.92,0,,,,,
2022-07-16,2022,LAL,Los Angeles Lakers,Western,106.29,0,,,,,
2022-07-17,2022,BOS,Boston Celtics,Eastern,103.29,0,,,,,
2022-07-17,2022,MIA,Miami Heat,Eastern,100.63,0,,,,,
2022-07-17,2022,MIL,Milwaukee Bucks,Eastern,104.73,0,,,,,
2022-07-17,2022,DEN,Denver Nuggets,Western,110.87,0,,,,,
2022-07-17,2022,GSW,Golden State Warriors,Western,110.07,0,,,,,
2022-07-17,2022,LAL,Los Angeles Lakers,Western,105.67,0,,,,,
2022-07-18,2022,BOS,Boston Celtics,Eastern,103.10,0,,,,,
2022-07-18,2022,MIA,Miami Heat,Eastern,100.66,0,,,,,
2022-07-18,2022,MIL,Milwaukee Bucks,Eastern,104.63,0,,,,,
2022-07-18,2022,DEN,Denver Nuggets,Western,110.21,0,,,,,
2022-07-18,2022,GSW,Golden State Warriors,Western,110.11,0,,,,,
2022-07-18,2022,LAL,Los Angeles Lakers,Western,104.58,0,,,,,
2022-07-19,2022,BOS,Boston Celtics,Eastern,102.44,0,,,,,
2022-07-19,2022,MIA,Miami Heat,Eastern,99.31,0,,,,,
2022-07-19,2022,MIL,Milwaukee Bucks,Eastern,104.42,0,,,,,
2022-07-19,2022,DEN,Denver Nuggets,Western,110.83,0,,,,,
2022-07-19,2022,GSW,Golden State Warriors,Western,109.49,0,,,,,
2022-07-19,2022,LAL,Los Angeles Lakers,Western,104.50,0,,,,,
2022-07-20,2022,BOS,Boston Celtics,Eastern,103.37,0,,,,,
2022-07-20,2022,MIA,Miami Heat,Eastern,100.31,0,,,,,
2022-07-20,2022,MIL,Milwaukee Bucks,Eastern,104.95,0,,,,,
2022-07-20,2022,DEN,Denver Nuggets,Western,111.17,0,,,,,
2022-07-20,2022,GSW,Golden State Warriors,Western,109.83,0,,,,,
2022-07-20,2022,LAL,Los Angeles Lakers,Western,105.24,0,,,,,
2022-07-21,2022,BOS,Boston Celtics,Eastern,103.24,0,,,,,
2022-07-21,2022,MIA,Miami Heat,Eastern,101.10,0,,,,,
2022-07-21,2022,MIL,Milwaukee Bucks,Eastern,105.30,0,,,,,
2022-07-21,2022,DEN,Denver Nuggets,Western,111.33,0,,,,,
2022-07-21,2022,GSW,Golden State Warriors,Western,109.67,0,,,,,
2022-07-21,2022,LAL,Los Angeles Lakers,Western,105.42,0,,,,,
2022-07-22,2022,BOS,Boston Celtics,Eastern,103.20,0,,,,,
2022-07-22,2022,MIA,Miami Heat,Eastern,101.18,0,,,,,
2022-07-22,2022,MIL,Milwaukee Bucks,Eastern,105.51,0,,,,,
2022-07-22,2022,DEN,Denver Nuggets,Western,111.00,0,,,,,
2022-07-22,2022,GSW,Golden State Warriors,Western,109.01,0,,,,,
2022-07-22,2022,LAL,Los Angeles Lakers,Western,103.99,0,,,,,
2022-07-23,2022,BOS,Boston Celtics,Eastern,102.40,0,,,,,
2022-07-23,2022,MIA,Miami Heat,Eastern,101.27,0,,,,,
2022-07-23,2022,MIL,Milwaukee Bucks,Eastern,105.34,0,,,,,
2022-07-23,2022,DEN,Denver Nuggets,Western,111.43,0,,,,,
2022-07-23,2022,GSW,Golden State Warriors,Western,110.52,0,,,,,
2022-07-23,2022,LAL,Los Angeles Lakers,Western,104.46,0,,,,,
2022-07-24,2022,BOS,Boston Celtics,Eastern,103.33,0,,,,,
2022-07-24,2022,MIA,Miami Heat,Eastern,101.16,0,,,,,
2022-07-24,2022,MIL,Milwaukee Bucks,Eastern,105.76,0,,,,,
2022-07-24,2022,DEN,Denver Nuggets,Western,110.80,0,,,,,
2022-07-24,2022,GSW,Golden State Warriors,Western,110.26,0,,,,,
2022-07-24,2022,LAL,Los Angeles Lakers,Western,104.90,0,,,,,
2022-07-25,2022,BOS,Boston Celtics,Eastern,103.39,0,,,,,
2022-07-25,2022,MIA,Miami Heat,Eastern,101.41,0,,,,,
2022-07-25,2022,MIL,Milwaukee Bucks,Eastern,105.49,0,,,,,
2022-07-25,2022,DEN,Denver Nuggets,Western,111.54,0,,,,,
2022-07-25,2022,GSW,Golden State Warriors,Western,109.59,0,,,,,
2022-07-25,2022,LAL,Los Angeles Lakers,Western,104.76,0,,,,,
2022-07-26,2022,BOS,Boston Celtics,Eastern,102.78,0,,,,,
2022-07-26,2022,MIA,Miami Heat,Eastern,100.47,0,,,,,
2022-07-26,2022,MIL,Milwaukee Bucks,Eastern,106.83,0,,,,,
2022-07-26,2022,DEN,Denver Nuggets,Western,110.84,0,,,,,
2022-07-26,2022,GSW,Golden State Warriors,Western,110.14,0,,,,,
2022-07-26,2022,LAL,Los Angeles Lakers,Western,104.55,0,,,,,
2022-07-27,2022,BOS,Boston Celtics,Eastern,102.82,0,,,,,
2022-07-27,2022,MIA,Miami Heat,Eastern,101.84,0,,,,,
2022-07-27,2022,MIL,Milwaukee Bucks,Eastern,107.38,0,,,,,
2022-07-27,2022,DEN,Denver Nuggets,Western,110.10,0,,,,,
2022-07-27,2022,GSW,Golden State Warriors,Western,109.43,0,,,,,
2022-07-27,2022,LAL,Los Angeles Lakers,Western,103.10,0,,,,,
2022-07-28,2022,BOS,Boston Celtics,Eastern,103.22,0,,,,,
2022-07-28,2022,MIA,Miami Heat,Eastern,100.61,0,,,,,
2022-07-28,2022,MIL,Milwaukee Bucks,Eastern,105.89,0,,,,,
2022-07-28,2022,DEN,Denver Nuggets,Western,110.40,0,,,,,
2022-07-28,2022,GSW,Golden State Warriors,Western,109.53,0,,,,,
2022-07-28,2022,LAL,Los Angeles Lakers,Western,104.67,0,,,,,
2022-07-29,2022,BOS,Boston Celtics,Eastern,102.75,0,,,,,
2022-07-29,2022,MIA,Miami Heat,Eastern,100.62,0,,,,,
2022-07-29,2022,MIL,Milwaukee Bucks,Eastern,106.72,0,,,,,
2022-07-29,2022,DEN,Denver Nuggets,Western,111.06,0,,,,,
2022-07-29,2022,GSW,Golden State Warriors,Western,108.94,0,,,,,
2022-07-29,2022,LAL,Los Angeles Lakers,Western,103.07,0,,,,,
2022-07-30,2022,BOS,Boston Celtics,Eastern,103.69,0,,,,,
2022-07-30,2022,MIA,Miami Heat,Eastern,102.05,0,,,,,
2022-07-30,2022,MIL,Milwaukee Bucks,Eastern,107.03,0,,,,,
2022-07-30,2022,DEN,Denver Nuggets,Western,110.32,0,,,,,
2022-07-30,2022,GSW,Golden State Warriors,Western,109.36,0,,,,,
2022-07-30,2022,LAL,Los Angeles Lakers,Western,103.83,0,,,,,
2022-07-31,2022,BOS,Boston Celtics,Eastern,103.77,0,,,,,
2022-07-31,2022,MIA,Miami Heat,Eastern,101.25,0,,,,,
2022-07-31,2022,MIL,Milwaukee Bucks,Eastern,107.45,0,,,,,
2022-07-31,2022,DEN,Denver Nuggets,Western,110.32,0,,,,,
2022-07-31,2022,GSW,Golden State Warriors,Western,108.88,0,,,,,
2022-07-31,2022,LAL,Los Angeles Lakers,Western,103.74,0,,,,,
2022-08-01,2022,BOS,Boston Celtics,Eastern,103.80,0,,,,,
2022-08-01,2022,MIA,Miami Heat,Eastern,101.69,0,,,,,
2022-08-01,2022,MIL,Milwaukee Bucks,Eastern,106.48,0,,,,,
2022-08-01,2022,DEN,Denver Nuggets,Western,111.72,0,,,,,
2022-08-01,2022,GSW,Golden State Warriors,Western,108.49,0,,,,,
2022-08-01,2022,LAL,Los Angeles Lakers,Western,102.97,0,,,,,
2022-08-02,2022,BOS,Boston Celtics,Eastern,104.39,0,,,,,
2022-08-02,2022,MIA,Miami Heat,Eastern,102.06,0,,,,,
2022-08-02,2022,MIL,Milwaukee Bucks,Eastern,108.23,0,,,,,
2022-08-02,2022,DEN,Denver Nuggets,Western,111.58,0,,,,,
2022-08-02,2022,GSW,Golden State Warriors,Western,108.29,0,,,,,
2022-08-02,2022,LAL,Los Angeles Lakers,Western,102.85,0,,,,,
2022-08-03,2022,BOS,Boston Celtics,Eastern,103.71,0,,,,,
2022-08-03,2022,MIA,Miami Heat,Eastern,101.74,0,,,,,
2022-08-03,2022,MIL,Milwaukee Bucks,Eastern,108.41,0,,,,,
2022-08-03,2022,DEN,Denver Nuggets,Western,110.18,0,,,,,
2022-08-03,2022,GSW,Golden State Warriors,Western,108.38,0,,,,,
2022-08-03,2022,LAL,Los Angeles Lakers,Western,103.27,0,,,,,
2022-08-04,2022,BOS,Boston Celtics,Eastern,104.15,0,,,,,
2022-08-04,2022,MIA,Miami Heat,Eastern,101.78,0,,,,,
2022-08-04,2022,MIL,Milwaukee Bucks,Eastern,108.48,0,,,,,
2022-08-04,2022,DEN,Denver Nuggets,Western,111.04,0,,,,,
2022-08-04,2022,GSW,Golden State Warriors,Western,109.04,0,,,,,
2022-08-04,2022,LAL,Los Angeles Lakers,Western,103.06,0,,,,,
2022-08-05,2022,BOS,Boston Celtics,Eastern,102.99,0,,,,,
2022-08-05,2022,MIA,Miami Heat,Eastern,102.48,0,,,,,
2022-08-05,2022,MIL,Milwaukee Bucks,Eastern,108.08,0,,,,,
2022-08-05,2022,DEN,Denver Nuggets,Western,110.81,0,,,,,
2022-08-05,2022,GSW,Golden State Warriors,Western,107.86,0,,,,,
2022-08-05,2022,LAL,Los Angeles Lakers,Western,102.93,0,,,,,
2022-08-06,2022,BOS,Boston Celtics,Eastern,103.73,0,,,,,
2022-08-06,2022,MIA,Miami Heat,Eastern,101.96,0,,,,,
2022-08-06,2022,MIL,Milwaukee Bucks,Eastern,108.11,0,,,,,
2022-08-06,2022,DEN,Denver Nuggets,Western,110.49,0,,,,,
2022-08-06,2022,GSW,Golden State Warriors,Western,107.73,0,,,,,
2022-08-06,2022,LAL,Los Angeles Lakers,Western,102.04,0,,,,,
2022-08-07,2022,BOS,Boston Celtics,Eastern,103.74,0,,,,,
2022-08-07,2022,MIA,Miami Heat,Eastern,103.42,0,,,,,
2022-08-07,2022,MIL,Milwaukee Bucks,Eastern,108.58,0,,,,,
2022-08-07,2022,DEN,Denver Nuggets,Western,110.90,0,,,,,
2022-08-07,2022,GSW,Golden State Warriors,Western,107.59,0,,,,,
2022-08-07,2022,LAL,Los Angeles Lakers,Western,103.24,0,,,,,
2022-08-08,2022,BOS,Boston Celtics,Eastern,104.88,0,,,,,
2022-08-08,2022,MIA,Miami Heat,Eastern,102.20,0,,,,,
2022-08-08,2022,MIL,Milwaukee Bucks,Eastern,107.58,0,,,,,
2022-08-08,2022,DEN,Denver Nuggets,Western,111.50,0,,,,,
2022-08-08,2022,GSW,Golden State Warriors,Western,107.11,0,,,,,
2022-08-08,2022,LAL,Los Angeles Lakers,Western,101.92,0,,,,,
2022-08-09,2022,BOS,Boston Celtics,Eastern,103.45,0,,,,,
2022-08-09,2022,MIA,Miami Heat,Eastern,103.34,0,,,,,
2022-08-09,2022,MIL,Milwaukee Bucks,Eastern,107.38,0,,,,,
2022-08-09,2022,DEN,Denver Nuggets,Western,110.38,0,,,,,
2022-08-09,2022,GSW,Golden State Warriors,Western,107.72,0,,,,,
2022-08-09,2022,LAL,Los Angeles Lakers,Western,101.63,0,,,,,
2022-08-10,2022,BOS,Boston Celtics,Eastern,105.02,0,,,,,
2022-08-10,2022,MIA,Miami Heat,Eastern,102.70,0,,,,,
2022-08-10,2022,MIL,Milwaukee Bucks,Eastern,108.73,0,,,,,
2022-08-10,2022,DEN,Denver Nuggets,Western,110.69,0,,,,,
2022-08-10,2022,GSW,Golden State Warriors,Western,107.60,0,,,,,
2022-08-10,2022,LAL,Los Angeles Lakers,Western,101.90,0,,,,,
2022-08-11,2022,BOS,Boston Celtics,Eastern,104.46,0,,,,,
2022-08-11,2022,MIA,Miami Heat,Eastern,102.86,0,,,,,
2022-08-11,2022,MIL,Milwaukee Bucks,Eastern,108.82,0,,,,,
2022-08-11,2022,DEN,Denver Nuggets,Western,109.85,0,,,,,
2022-08-11,2022,GSW,Golden State Warriors,Western,107.63,0,,,,,
2022-08-11,2022,LAL,Los Angeles Lakers,Western,101.81,0,,,,,
2022-08-12,2022,BOS,Boston Celtics,Eastern,105.40,0,,,,,
2022-08-12,2022,MIA,Miami Heat,Eastern,104.06,0,,,,,
2022-08-12,2022,MIL,Milwaukee Bucks,Eastern,108.85,0,,,,,
2022-08-12,2022,DEN,Denver Nuggets,Western,110.55,0,,,,,
2022-08-12,2022,GSW,Golden State Warriors,Western,107.63,0,,,,,
2022-08-12,2022,LAL,Los Angeles Lakers,Western,101.58,0,,,,,
2022-08-13,2022,BOS,Boston Celtics,Eastern,105.71,0,,,,,
2022-08-13,2022,MIA,Miami Heat,Eastern,104.15,0,,,,,
2022-08-13,2022,MIL,Milwaukee Bucks,Eastern,108.27,0,,,,,
2022-08-13,2022,DEN,Denver Nuggets,Western,111.08,0,,,,,
2022-08-13,2022,GSW,Golden State Warriors,Western,106.21,0,,,,,
2022-08-13,2022,LAL,Los Angeles Lakers,Western,102.76,0,,,,,
2022-08-14,2022,BOS,Boston Celtics,Eastern,105.46,0,,,,,
2022-08-14,2022,MIA,Miami Heat,Eastern,104.26,0,,,,,
2022-08-14,2022,MIL,Milwaukee Bucks,Eastern,107.66,0,,,,,
2022-08-14,2022,DEN,Denver Nuggets,Western,110.55,0,,,,,
2022-08-14,2022,GSW,Golden State Warriors,Western,107.69,0,,,,,
2022-08-14,2022,LAL,Los Angeles Lakers,Western,102.32,0,,,,,
2022-08-15,2022,BOS,Boston Celtics,Eastern,106.04,0,,,,,
2022-08-15,2022,MIA,Miami Heat,Eastern,103.27,0,,,,,
2022-08-15,2022,MIL,Milwaukee Bucks,Eastern,108.94,0,,,,,
2022-08-15,2022,DEN,Denver Nuggets,Western,110.20,0,,,,,
2022-08-15,2022,GSW,Golden State Warriors,Western,107.32,0,,,,,
2022-08-15,2022,LAL,Los Angeles Lakers,Western,102.92,0,,,,,
2022-08-16,2022,BOS,Boston Celtics,Eastern,105.10,0,,,,,
2022-08-16,2022,MIA,Miami Heat,Eastern,103.78,0,,,,,
2022-08-16,2022,MIL,Milwaukee Bucks,Eastern,108.60,0,,,,,
2022-08-16,2022,DEN,Denver Nuggets,Western,110.66,0,,,,,
2022-08-16,2022,GSW,Golden State Warriors,Western,107.50,0,,,,,
2022-08-16,2022,LAL,Los Angeles Lakers,Western,101.53,0,,,,,
2022-08-17,2022,BOS,Boston Celtics,Eastern,105.26,0,,,,,
2022-08-17,2022,MIA,Miami Heat,Eastern,104.17,0,,,,,
2022-08-17,2022,MIL,Milwaukee Bucks,Eastern,108.94,0,,,,,
2022-08-17,2022,DEN,Denver Nuggets,Western,110.37,0,,,,,
2022-08-17,2022,GSW,Golden State Warriors,Western,106.44,0,,,,,
2022-08-17,2022,LAL,Los Angeles Lakers,Western,101.93,0,,,,,
2022-08-18,2022,BOS,Boston Celtics,Eastern,106.03,0,,,,,
2022-08-18,2022,MIA,Miami Heat,Eastern,103.65,0,,,,,
2022-08-18,2022,MIL,Milwaukee Bucks,Eastern,108.93,0,,,,,
2022-08-18,2022,DEN,Denver Nuggets,Western,110.35,0,,,,,
2022-08-18,2022,GSW,Golden State Warriors,Western,105.69,0,,,,,
2022-08-18,2022,LAL,Los Angeles Lakers,Western,102.14,0,,,,,
2022-08-19,2022,BOS,Boston Celtics,Eastern,106.31,0,,,,,
2022-08-19,2022,MIA,Miami Heat,Eastern,104.36,0,,,,,
2022-08-19,2022,MIL,Milwaukee Bucks,Eastern,108.50,0,,,,,
2022-08-19,2022,DEN,Denver Nuggets,Western,110.15,0,,,,,
2022-08-19,2022,GSW,Golden State Warriors,Western,106.07,0,,,,,
2022-08-19,2022,LAL,Los Angeles Lakers,Western,101.60,0,,,,,
2022-08-20,2022,BOS,Boston Celtics,Eastern,106.06,0,,,,,
2022-08-20,2022,MIA,Miami Heat,Eastern,103.74,0,,,,,
2022-08-20,2022,MIL,Milwaukee Bucks,Eastern,107.97,0,,,,,
2022-08-20,2022,DEN,Denver Nuggets,Western,108.95,0,,,,,
2022-08-20,2022,GSW,Golden State Warriors,Western,107.24,0,,,,,
2022-08-20,2022,LAL,Los Angeles Lakers,Western,102.10,0,,,,,
2022-08-21,2022,BOS,Boston Celtics,Eastern,106.84,0,,,,,
2022-08-21,2022,MIA,Miami Heat,Eastern,104.29,0,,,,,
2022-08-21,2022,MIL,Milwaukee Bucks,Eastern,107.69,0,,,,,
2022-08-21,2022,DEN,Denver Nuggets,Western,110.13,0,,,,,
2022-08-21,2022,GSW,Golden State Warriors,Western,105.62,0,,,,,
2022-08-21,2022,LAL,Los Angeles Lakers,Western,102.69,0,,,,,
2022-08-22,2022,BOS,Boston Celtics,Eastern,106.73,0,,,,,
2022-08-22,2022,MIA,Miami Heat,Eastern,103.86,0,,,,,
2022-08-22,2022,MIL,Milwaukee Bucks,Eastern,108.99,0,,,,,
2022-08-22,2022,DEN,Denver Nuggets,Western,110.37,0,,,,,
2022-08-22,2022,GSW,Golden State Warriors,Western,106.00,0,,,,,
2022-08-22,2022,LAL,Los Angeles Lakers,Western,101.37,0,,,,,
2022-08-23,2022,BOS,Boston Celtics,Eastern,105.50,0,,,,,
2022-08-23,2022,MIA,Miami Heat,Eastern,103.99,0,,,,,
2022-08-23,2022,MIL,Milwaukee Bucks,Eastern,108.34,0,,,,,
2022-08-23,2022,DEN,Denver Nuggets,Western,109.25,0,,,,,
2022-08-23,2022,GSW,Golden State Warriors,Western,106.02,0,,,,,
2022-08-23,2022,LAL,Los Angeles Lakers,Western,102.73,0,,,,,
2022-08-24,2022,BOS,Boston Celtics,Eastern,107.10,0,,,,,
2022-08-24,2022,MIA,Miami Heat,Eastern,104.39,0,,,,,
2022-08-24,2022,MIL,Milwaukee Bucks,Eastern,108.91,0,,,,,
2022-08-24,2022,DEN,Denver Nuggets,Western,110.23,0,,,,,
2022-08-24,2022,GSW,Golden State Warriors,Western,106.98,0,,,,,
2022-08-24,2022,LAL,Los Angeles Lakers,Western,102.14,0,,,,,
2022-08-25,2022,BOS,Boston Celtics,Eastern,106.08,0,,,,,
2022-08-25,2022,MIA,Miami Heat,Eastern,105.25,0,,,,,
2022-08-25,2022,MIL,Milwaukee Bucks,Eastern,108.44,0,,,,,
2022-08-25,2022,DEN,Denver Nuggets,Western,109.01,0,,,,,
2022-08-25,2022,GSW,Golden State Warriors,Western,107.02,0,,,,,
2022-08-25,2022,LAL,Los Angeles Lakers,Western,102.79,0,,,,,
2022-08-26,2022,BOS,Boston Celtics,Eastern,106.03,0,,,,,
2022-08-26,2022,MIA,Miami Heat,Eastern,105.34,0,,,,,
2022-08-26,2022,MIL,Milwaukee Bucks,Eastern,108.82,0,,,,,
2022-08-26,2022,DEN,Denver Nuggets,Western,109.29,0,,,,,
2022-08-26,2022,GSW,Golden State Warriors,Western,105.49,0,,,,,
2022-08-26,2022,LAL,Los Angeles Lakers,Western,102.39,0,,,,,
2022-08-27,2022,BOS,Boston Celtics,Eastern,106.87,0,,,,,
2022-08-27,2022,MIA,Miami Heat,Eastern,104.42,0,,,,,
2022-08-27,2022,MIL,Milwaukee Bucks,Eastern,108.10,0,,,,,
2022-08-27,2022,DEN,Denver Nuggets,Western,108.36,0,,,,,
2022-08-27,2022,GSW,Golden State Warriors,Western,105.46,0,,,,,
2022-08-27,2022,LAL,Los Angeles Lakers,Western,102.67,0,,,,,
2022-08-28,2022,BOS,Boston Celtics,Eastern,107.65,0,,,,,
2022-08-28,2022,MIA,Miami Heat,Eastern,105.23,0,,,,,
2022-08-28,2022,MIL,Milwaukee Bucks,Eastern,108.52,0,,,,,
2022-08-28,2022,DEN,Denver Nuggets,Western,109.02,0,,,,,
2022-08-28,2022,GSW,Golden State Warriors,Western,106.40,0,,,,,
2022-08-28,2022,LAL,Los Angeles Lakers,Western,102.22,0,,,,,
2022-08-29,2022,BOS,Boston Celtics,Eastern,106.35,0,,,,,
2022-08-29,2022,MIA,Miami Heat,Eastern,104.48,0,,,,,
2022-08-29,2022,MIL,Milwaukee Bucks,Eastern,107.43,0,,,,,
2022-08-29,2022,DEN,Denver Nuggets,Western,109.39,0,,,,,
2022-08-29,2022,GSW,Golden State Warriors,Western,106.74,0,,,,,
2022-08-29,2022,LAL,Los Angeles Lakers,Western,102.11,0,,,,,
2022-08-30,2022,BOS,Boston Celtics,Eastern,106.78,0,,,,,
2022-08-30,2022,MIA,Miami Heat,Eastern,104.32,0,,,,,
2022-08-30,2022,MIL,Milwaukee Bucks,Eastern,108.03,0,,,,,
2022-08-30,2022,DEN,Denver Nuggets,Western,108.27,0,,,,,
2022-08-30,2022,GSW,Golden State Warriors,Western,106.04,0,,,,,
2022-08-30,2022,LAL,Los Angeles Lakers,Western,102.00,0,,,,,
2022-08-31,2022,BOS,Boston Celtics,Eastern,108.14,0,,,,,
2022-08-31,2022,MIA,Miami Heat,Eastern,105.31,0,,,,,
2022-08-31,2022,MIL,Milwaukee Bucks,Eastern,107.17,0,,,,,
2022-08-31,2022,DEN,Denver Nuggets,Western,108.50,0,,,,,
2022-08-31,2022,GSW,Golden State Warriors,Western,105.84,0,,,,,
2022-08-31,2022,LAL,Los Angeles Lakers,Western,101.44,0,,,,,
2022-09-01,2022,BOS,Boston Celtics,Eastern,107.27,0,,,,,
2022-09-01,2022,MIA,Miami Heat,Eastern,104.48,0,,,,,
2022-09-01,2022,MIL,Milwaukee Bucks,Eastern,108.30,0,,,,,
2022-09-01,2022,DEN,Denver Nuggets,Western,108.10,0,,,,,
2022-09-01,2022,GSW,Golden State Warriors,Western,105.51,0,,,,,
2022-09-01,2022,LAL,Los Angeles Lakers,Western,101.63,0,,,,,
2022-09-02,2022,BOS,Boston Celtics,Eastern,108.02,0,,,,,
2022-09-02,2022,MIA,Miami Heat,Eastern,104.53,0,,,,,
2022-09-02,2022,MIL,Milwaukee Bucks,Eastern,106.96,0,,,,,
2022-09-02,2022,DEN,Denver Nuggets,Western,108.24,0,,,,,
2022-09-02,2022,GSW,Golden State Warriors,Western,105.88,0,,,,,
2022-09-02,2022,LAL,Los Angeles Lakers,Western,101.63,0,,,,,
2022-09-03,2022,BOS,Boston Celtics,Eastern,106.68,0,,,,,
2022-09-03,2022,MIA,Miami Heat,Eastern,105.57,0,,,,,
2022-09-03,2022,MIL,Milwaukee Bucks,Eastern,106.55,0,,,,,
2022-09-03,2022,DEN,Denver Nuggets,Western,108.63,0,,,,,
2022-09-03,2022,GSW,Golden State Warriors,Western,105.52,0,,,,,
2022-09-03,2022,LAL,Los Angeles Lakers,Western,101.74,0,,,,,
2022-09-04,2022,BOS,Boston Celtics,Eastern,106.73,0,,,,,
2022-09-04,2022,MIA,Miami Heat,Eastern,105.03,0,,,,,
2022-09-04,2022,MIL,Milwaukee Bucks,Eastern,106.89,0,,,,,
2022-09-04,2022,DEN,Denver Nuggets,Western,109.10,0,,,,,
2022-09-04,2022,GSW,Golden State Warriors,Western,106.93,0,,,,,
2022-09-04,2022,LAL,Los Angeles Lakers,Western,102.91,0,,,,,
2022-09-05,2022,BOS,Boston Celtics,Eastern,108.15,0,,,,,
2022-09-05,2022,MIA,Miami Heat,Eastern,104.27,0,,,,,
2022-09-05,2022,MIL,Milwaukee Bucks,Eastern,107.94,0,,,,,
2022-09-05,2022,DEN,Denver Nuggets,Western,108.75,0,,,,,
2022-09-05,2022,GSW,Golden State Warriors,Western,106.60,0,,,,,
2022-09-05,2022,LAL,Los Angeles Lakers,Western,101.88,0,,,,,
2022-09-06,2022,BOS,Boston Celtics,Eastern,108.16,0,,,,,
2022-09-06,2022,MIA,Miami Heat,Eastern,104.41,0,,,,,
2022-09-06,2022,MIL,Milwaukee Bucks,Eastern,107.98,0,,,,,
2022-09-06,2022,DEN,Denver Nuggets,Western,108.43,0,,,,,
2022-09-06,2022,GSW,Golden State Warriors,Western,106.85,0,,,,,
2022-09-06,2022,LAL,Los Angeles Lakers,Western,102.11,0,,,,,
2022-09-07,2022,BOS,Boston Celtics,Eastern,107.98,0,,,,,
2022-09-07,2022,MIA,Miami Heat,Eastern,104.02,0,,,,,
2022-09-07,2022,MIL,Milwaukee Bucks,Eastern,107.92,0,,,,,
2022-09-07,2022,DEN,Denver Nuggets,Western,109.40,0,,,,,
2022-09-07,2022,GSW,Golden State Warriors,Western,106.15,0,,,,,
2022-09-07,2022,LAL,Los Angeles Lakers,Western,101.68,0,,,,,
2022-09-08,2022,BOS,Boston Celtics,Eastern,108.26,0,,,,,
2022-09-08,2022,MIA,Miami Heat,Eastern,104.44,0,,,,,
2022-09-08,2022,MIL,Milwaukee Bucks,Eastern,107.72,0,,,,,
2022-09-08,2022,DEN,Denver Nuggets,Western,108.27,0,,,,,
2022-09-08,2022,GSW,Golden State Warriors,Western,106.83,0,,,,,
2022-09-08,2022,LAL,Los Angeles Lakers,Western,102.61,0,,,,,
2022-09-09,2022,BOS,Boston Celtics,Eastern,108.22,0,,,,,
2022-09-09,2022,MIA,Miami Heat,Eastern,104.12,0,,,,,
2022-09-09,2022,MIL,Milwaukee Bucks,Eastern,107.63,0,,,,,
2022-09-09,2022,DEN,Denver Nuggets,Western,108.26,0,,,,,
2022-09-09,2022,GSW,Golden State Warriors,Western,106.42,0,,,,,
2022-09-09,2022,LAL,Los Angeles Lakers,Western,101.64,0,,,,,
2022-09-10,2022,BOS,Boston Celtics,Eastern,107.03,0,,,,,
2022-09-10,2022,MIA,Miami Heat,Eastern,104.76,0,,,,,
2022-09-10,2022,MIL,Milwaukee Bucks,Eastern,107.02,0,,,,,
2022-09-10,2022,DEN,Denver Nuggets,Western,109.44,0,,,,,
2022-09-10,2022,GSW,Golden State Warriors,Western,106.51,0,,,,,
2022-09-10,2022,LAL,Los Angeles Lakers,Western,103.15,0,,,,,
2022-09-11,2022,BOS,Boston Celtics,Eastern,108.12,0,,,,,
2022-09-11,2022,MIA,Miami Heat,Eastern,104.28,0,,,,,
2022-09-11,2022,MIL,Milwaukee Bucks,Eastern,106.98,0,,,,,
2022-09-11,2022,DEN,Denver Nuggets,Western,109.24,0,,,,,
2022-09-11,2022,GSW,Golden State Warriors,Western,106.94,0,,,,,
2022-09-11,2022,LAL,Los Angeles Lakers,Western,103.33,0,,,,,
2022-09-12,2022,BOS,Boston Celtics,Eastern,107.16,0,,,,,
2022-09-12,2022,MIA,Miami Heat,Eastern,104.77,0,,,,,
2022-09-12,2022,MIL,Milwaukee Bucks,Eastern,107.41,0,,,,,
2022-09-12,2022,DEN,Denver Nuggets,Western,108.81,0,,,,,
2022-09-12,2022,GSW,Golden State Warriors,Western,106.87,0,,,,,
2022-09-12,2022,LAL,Los Angeles Lakers,Western,103.18,0,,,,,
2022-09-13,2022,BOS,Boston Celtics,Eastern,106.99,0,,,,,
2022-09-13,2022,MIA,Miami Heat,Eastern,104.39,0,,,,,
2022-09-13,2022,MIL,Milwaukee Bucks,Eastern,107.49,0,,,,,
2022-09-13,2022,DEN,Denver Nuggets,Western,109.68,0,,,,,
2022-09-13,2022,GSW,Golden State Warriors,Western,105.95,0,,,,,
2022-09-13,2022,LAL,Los Angeles Lakers,Western,103.21,0,,,,,
2022-09-14,2022,BOS,Boston Celtics,Eastern,107.29,0,,,,,
2022-09-14,2022,MIA,Miami Heat,Eastern,104.50,0,,,,,
2022-09-14,2022,MIL,Milwaukee Bucks,Eastern,106.57,0,,,,,
2022-09-14,2022,DEN,Denver Nuggets,Western,109.51,0,,,,,
2022-09-14,2022,GSW,Golden State Warriors,Western,107.13,0,,,,,
2022-09-14,2022,LAL,Los Angeles Lakers,Western,102.61,0,,,,,
2022-09-15,2022,BOS,Boston Celtics,Eastern,108.26,0,,,,,
2022-09-15,2022,MIA,Miami Heat,Eastern,105.32,0,,,,,
2022-09-15,2022,MIL,Milwaukee Bucks,Eastern,107.35,0,,,,,
2022-09-15,2022,DEN,Denver Nuggets,Western,108.88,0,,,,,
2022-09-15,2022,GSW,Golden State Warriors,Western,105.70,0,,,,,
2022-09-15,2022,LAL,Los Angeles Lakers,Western,102.65,0,,,,,
2022-09-16,2022,BOS,Boston Celtics,Eastern,107.90,0,,,,,
2022-09-16,2022,MIA,Miami Heat,Eastern,104.02,0,,,,,
2022-09-16,2022,MIL,Milwaukee Bucks,Eastern,106.63,0,,,,,
2022-09-16,2022,DEN,Denver Nuggets,Western,108.20,0,,,,,
2022-09-16,2022,GSW,Golden State Warriors,Western,105.95,0,,,,,
2022-09-16,2022,LAL,Los Angeles Lakers,Western,101.88,0,,,,,
2022-09-17,2022,BOS,Boston Celtics,Eastern,107.55,0,,,,,
2022-09-17,2022,MIA,Miami Heat,Eastern,105.12,0,,,,,
2022-09-17,2022,MIL,Milwaukee Bucks,Eastern,107.86,0,,,,,
2022-09-17,2022,DEN,Denver Nuggets,Western,109.10,0,,,,,
2022-09-17,2022,GSW,Golden State Warriors,Western,106.81,0,,,,,
2022-09-17,2022,LAL,Los Angeles Lakers,Western,102.91,0,,,,,
2022-09-18,2022,BOS,Boston Celtics,Eastern,107.88,0,,,,,
2022-09-18,2022,MIA,Miami Heat,Eastern,105.19,0,,,,,
2022-09-18,2022,MIL,Milwaukee Bucks,Eastern,107.63,0,,,,,
2022-09-18,2022,DEN,Denver Nuggets,Western,109.42,0,,,,,
2022-09-18,2022,GSW,Golden State Warriors,Western,106.49,0,,,,,
2022-09-18,2022,LAL,Los Angeles Lakers,Western,102.11,0,,,,,
2022-09-19,2022,BOS,Boston Celtics,Eastern,107.99,0,,,,,
2022-09-19,2022,MIA,Miami Heat,Eastern,105.29,0,,,,,
2022-09-19,2022,MIL,Milwaukee Bucks,Eastern,106.57,0,,,,,
2022-09-19,2022,DEN,Denver Nuggets,Western,109.87,0,,,,,
2022-09-19,2022,GSW,Golden State Warriors,Western,105.77,0,,,,,
2022-09-19,2022,LAL,Los Angeles Lakers,Western,102.16,0,,,,,
2022-09-20,2022,BOS,Boston Celtics,Eastern,107.38,0,,,,,
2022-09-20,2022,MIA,Miami Heat,Eastern,104.98,0,,,,,
2022-09-20,2022,MIL,Milwaukee Bucks,Eastern,107.81,0,,,,,
2022-09-20,2022,DEN,Denver Nuggets,Western,109.55,0,,,,,
2022-09-20,2022,GSW,Golden State Warriors,Western,107.30,0,,,,,
2022-09-20,2022,LAL,Los Angeles Lakers,Western,101.88,0,,,,,
2022-09-21,2022,BOS,Boston Celtics,Eastern,108.31,0,,,,,
2022-09-21,2022,MIA,Miami Heat,Eastern,103.86,0,,,,,
2022-09-21,2022,MIL,Milwaukee Bucks,Eastern,107.90,0,,,,,
2022-09-21,2022,DEN,Denver Nuggets,Western,108.90,0,,,,,
2022-09-21,2022,GSW,Golden State Warriors,Western,106.52,0,,,,,
2022-09-21,2022,LAL,Los Angeles Lakers,Western,101.93,0,,,,,
2022-09-22,2022,BOS,Boston Celtics,Eastern,107.37,0,,,,,
2022-09-22,2022,MIA,Miami Heat,Eastern,105.28,0,,,,,
2022-09-22,2022,MIL,Milwaukee Bucks,Eastern,107.88,0,,,,,
2022-09-22,2022,DEN,Denver Nuggets,Western,109.77,0,,,,,
2022-09-22,2022,GSW,Golden State Warriors,Western,106.41,0,,,,,
2022-09-22,2022,LAL,Los Angeles Lakers,Western,102.05,0,,,,,
2022-09-23,2022,BOS,Boston Celtics,Eastern,107.26,0,,,,,
2022-09-23,2022,MIA,Miami Heat,Eastern,104.43,0,,,,,
2022-09-23,2022,MIL,Milwaukee Bucks,Eastern,106.95,0,,,,,
2022-09-23,2022,DEN,Denver Nuggets,Western,109.09,0,,,,,
2022-09-23,2022,GSW,Golden State Warriors,Western,105.69,0,,,,,
2022-09-23,2022,LAL,Los Angeles Lakers,Western,101.92,0,,,,,
2022-09-24,2022,BOS,Boston Celtics,Eastern,106.69,0,,,,,
2022-09-24,2022,MIA,Miami Heat,Eastern,103.94,0,,,,,
2022-09-24,2022,MIL,Milwaukee Bucks,Eastern,106.70,0,,,,,
2022-09-24,2022,DEN,Denver Nuggets,Western,108.88,0,,,,,
2022-09-24,2022,GSW,Golden State Warriors,Western,106.43,0,,,,,
2022-09-24,2022,LAL,Los Angeles Lakers,Western,101.27,0,,,,,
2022-09-25,2022,BOS,Boston Celtics,Eastern,108.41,0,,,,,
2022-09-25,2022,MIA,Miami Heat,Eastern,103.74,0,,,,,
2022-09-25,2022,MIL,Milwaukee Bucks,Eastern,106.92,0,,,,,
2022-09-25,2022,DEN,Denver Nuggets,Western,109.94,0,,,,,
2022-09-25,2022,GSW,Golden State Warriors,Western,105.70,0,,,,,
2022-09-25,2022,LAL,Los Angeles Lakers,Western,101.16,0,,,,,
2022-09-26,2022,BOS,Boston Celtics,Eastern,107.08,0,,,,,
2022-09-26,2022,MIA,Miami Heat,Eastern,105.01,0,,,,,
2022-09-26,2022,MIL,Milwaukee Bucks,Eastern,107.94,0,,,,,
2022-09-26,2022,DEN,Denver Nuggets,Western,110.16,0,,,,,
2022-09-26,2022,GSW,Golden State Warriors,Western,107.02,0,,,,,
2022-09-26,2022,LAL,Los Angeles Lakers,Western,100.92,0,,,,,
2022-09-27,2022,BOS,Boston Celtics,Eastern,107.50,0,,,,,
2022-09-27,2022,MIA,Miami Heat,Eastern,103.84,0,,,,,
2022-09-27,2022,MIL,Milwaukee Bucks,Eastern,106.90,0,,,,,
2022-09-27,2022,DEN,Denver Nuggets,Western,108.81,0,,,,,
2022-09-27,2022,GSW,Golden State Warriors,Western,106.37,0,,,,,
2022-09-27,2022,LAL,Los Angeles Lakers,Western,101.34,0,,,,,
2022-09-28,2022,BOS,Boston Celtics,Eastern,108.20,0,,,,,
2022-09-28,2022,MIA,Miami Heat,Eastern,104.66,0,,,,,
2022-09-28,2022,MIL,Milwaukee Bucks,Eastern,107.42,0,,,,,
2022-09-28,2022,DEN,Denver Nuggets,Western,110.43,0,,,,,
2022-09-28,2022,GSW,Golden State Warriors,Western,106.99,0,,,,,
2022-09-28,2022,LAL,Los Angeles Lakers,Western,102.22,0,,,,,
2022-09-29,2022,BOS,Boston Celtics,Eastern,106.66,0,,,,,
2022-09-29,2022,MIA,Miami Heat,Eastern,104.32,0,,,,,
2022-09-29,2022,MIL,Milwaukee Bucks,Eastern,107.57,0,,,,,
2022-09-29,2022,DEN,Denver Nuggets,Western,108.78,0,,,,,
2022-09-29,2022,GSW,Golden State Warriors,Western,105.73,0,,,,,
2022-09-29,2022,LAL,Los Angeles Lakers,Western,102.32,0,,,,,
2022-09-30,2022,BOS,Boston Celtics,Eastern,106.83,0,,,,,
2022-09-30,2022,MIA,Miami Heat,Eastern,104.75,0,,,,,
2022-09-30,2022,MIL,Milwaukee Bucks,Eastern,106.98,0,,,,,
2022-09-30,2022,DEN,Denver Nuggets,Western,109.73,0,,,,,
2022-09-30,2022,GSW,Golden State Warriors,Western,106.95,0,,,,,
2022-09-30,2022,LAL,Los Angeles Lakers,Western,102.01,0,,,,,
2022-10-01,2022,BOS,Boston Celtics,Eastern,106.35,1,MIL,124,127,0,-3
2022-10-01,2022,MIA,Miami Heat,Eastern,104.01,0,,,,,
2022-10-01,2022,MIL,Milwaukee Bucks,Eastern,107.81,0,,,,,
2022-10-01,2022,DEN,Denver Nuggets,Western,110.40,1,LAL,105,100,1,5
2022-10-01,2022,GSW,Golden State Warriors,Western,105.69,0,,,,,
2022-10-01,2022,LAL,Los Angeles Lakers,Western,101.61,0,,,,,
2022-10-02,2022,BOS,Boston Celtics,Eastern,107.29,0,,,,,
2022-10-02,2022,MIA,Miami Heat,Eastern,104.76,1,DEN,112,115,0,-3
2022-10-02,2022,MIL,Milwaukee Bucks,Eastern,108.36,0,,,,,
2022-10-02,2022,DEN,Denver Nuggets,Western,109.06,0,,,,,
2022-10-02,2022,GSW,Golden State Warriors,Western,105.28,1,BOS,108,123,0,-15
2022-10-02,2022,LAL,Los Angeles Lakers,Western,101.85,0,,,,,
2022-10-03,2022,BOS,Boston Celtics,Eastern,108.10,0,,,,,
2022-10-03,2022,MIA,Miami Heat,Eastern,104.83,0,,,,,
2022-10-03,2022,MIL,Milwaukee Bucks,Eastern,106.81,1,GSW,98,121,0,-23
2022-10-03,2022,DEN,Denver Nuggets,Western,109.68,0,,,,,
2022-10-03,2022,GSW,Golden State Warriors,Western,106.55,0,,,,,
2022-10-03,2022,LAL,Los Angeles Lakers,Western,102.53,1,MIA,119,100,1,19
2022-10-04,2022,BOS,Boston Celtics,Eastern,107.64,1,DEN,117,119,0,-2
2022-10-04,2022,MIA,Miami Heat,Eastern,105.44,0,,,,,
2022-10-04,2022,MIL,Milwaukee Bucks,Eastern,107.79,0,,,,,
2022-10-04,2022,DEN,Denver Nuggets,Western,108.84,1,BOS,104,108,0,-4
2022-10-04,2022,GSW,Golden State Warriors,Western,105.57,0,,,,,
2022-10-04,2022,LAL,Los Angeles Lakers,Western,101.18,0,,,,,
2022-10-05,2022,BOS,Boston Celtics,Eastern,107.83,0,,,,,
2022-10-05,2022,MIA,Miami Heat,Eastern,105.52,1,GSW,119,104,1,15
2022-10-05,2022,MIL,Milwaukee Bucks,Eastern,108.04,0,,,,,
2022-10-05,2022,DEN,Denver Nuggets,Western,109.80,0,,,,,
2022-10-05,2022,GSW,Golden State Warriors,Western,104.85,1,MIA,119,129,0,-10
2022-10-05,2022,LAL,Los Angeles Lakers,Western,100.92,0,,,,,
2022-10-06,2022,BOS,Boston Celtics,Eastern,107.75,0,,,,,
2022-10-06,2022,MIA,Miami Heat,Eastern,105.46,0,,,,,
2022-10-06,2022,MIL,Milwaukee Bucks,Eastern,109.38,1,LAL,125,110,1,15
2022-10-06,2022,DEN,Denver Nuggets,Western,110.75,0,,,,,
2022-10-06,2022,GSW,Golden State Warriors,Western,106.25,0,,,,,
2022-10-06,2022,LAL,Los Angeles Lakers,Western,102.44,1,MIL,116,101,1,15
2022-10-07,2022,BOS,Boston Celtics,Eastern,106.41,1,GSW,124,127,0,-3
2022-10-07,2022,MIA,Miami Heat,Eastern,105.47,0,,,,,
2022-10-07,2022,MIL,Milwaukee Bucks,Eastern,107.90,0,,,,,
2022-10-07,2022,DEN,Denver Nuggets,Western,109.05,1,MIA,103,127,0,-24
2022-10-07,2022,GSW,Golden State Warriors,Western,105.71,0,,,,,
2022-10-07,2022,LAL,Los Angeles Lakers,Western,100.70,0,,,,,
2022-10-08,2022,BOS,Boston Celtics,Eastern,107.14,0,,,,,
2022-10-08,2022,MIA,Miami Heat,Eastern,104.91,1,LAL,105,106,0,-1
2022-10-08,2022,MIL,Milwaukee Bucks,Eastern,108.15,0,,,,,
2022-10-08,2022,DEN,Denver Nuggets,Western,109.98,0,,,,,
2022-10-08,2022,GSW,Golden State Warriors,Western,107.54,1,MIL,127,106,1,21
2022-10-08,2022,LAL,Los Angeles Lakers,Western,100.78,0,,,,,
2022-10-09,2022,BOS,Boston Celtics,Eastern,107.27,0,,,,,
2022-10-09,2022,MIA,Miami Heat,Eastern,105.44,0,,,,,
2022-10-09,2022,MIL,Milwaukee Bucks,Eastern,109.32,1,BOS,119,110,1,9
2022-10-09,2022,DEN,Denver Nuggets,Western,110.25,0,,,,,
2022-10-09,2022,GSW,Golden State Warriors,Western,105.41,0,,,,,
2022-10-09,2022,LAL,Los Angeles Lakers,Western,100.20,1,DEN,114,104,1,10
2022-10-10,2022,BOS,Boston Celtics,Eastern,106.72,1,LAL,100,127,0,-27
2022-10-10,2022,MIA,Miami Heat,Eastern,104.90,0,,,,,
2022-10-10,2022,MIL,Milwaukee Bucks,Eastern,108.16,0,,,,,
2022-10-10,2022,DEN,Denver Nuggets,Western,109.84,1,MIL,105,112,0,-7
2022-10-10,2022,GSW,Golden State Warriors,Western,105.30,0,,,,,
2022-10-10,2022,LAL,Los Angeles Lakers,Western,99.94,0,,,,,
2022-10-11,2022,BOS,Boston Celtics,Eastern,108.47,0,,,,,
2022-10-11,2022,MIA,Miami Heat,Eastern,105.34,1,BOS,116,107,1,9
2022-10-11,2022,MIL,Milwaukee Bucks,Eastern,108.93,0,,,,,
2022-10-11,2022,DEN,Denver Nuggets,Western,109.51,0,,,,,
2022-10-11,2022,GSW,Golden State Warriors,Western,104.81,1,DEN,120,129,0,-9
2022-10-11,2022,LAL,Los Angeles Lakers,Western,99.23,0,,,,,
2022-10-12,2022,BOS,Boston Celtics,Eastern,107.56,0,,,,,
2022-10-12,2022,MIA,Miami Heat,Eastern,105.53,0,,,,,
2022-10-12,2022,MIL,Milwaukee Bucks,Eastern,107.32,1,MIA,100,128,0,-28
2022-10-12,2022,DEN,Denver Nuggets,Western,109.06,0,,,,,
2022-10-12,2022,GSW,Golden State Warriors,Western,104.74,0,,,,,
2022-10-12,2022,LAL,Los Angeles Lakers,Western,99.19,1,GSW,121,130,0,-9
2022-10-13,2022,BOS,Boston Celtics,Eastern,108.04,1,MIA,101,103,0,-2
2022-10-13,2022,MIA,Miami Heat,Eastern,106.10,0,,,,,
2022-10-13,2022,MIL,Milwaukee Bucks,Eastern,109.25,0,,,,,
2022-10-13,2022,DEN,Denver Nuggets,Western,109.90,1,GSW,124,115,1,9
2022-10-13,2022,GSW,Golden State Warriors,Western,105.77,0,,,,,
2022-10-13,2022,LAL,Los Angeles Lakers,Western,100.28,0,,,,,
2022-10-14,2022,BOS,Boston Celtics,Eastern,108.43,0,,,,,
2022-10-14,2022,MIA,Miami Heat,Eastern,106.23,1,MIL,131,122,1,9
2022-10-14,2022,MIL,Milwaukee Bucks,Eastern,107.93,0,,,,,
2022-10-14,2022,DEN,Denver Nuggets,Western,109.50,0,,,,,
2022-10-14,2022,GSW,Golden State Warriors,Western,106.36,1,LAL,129,114,1,15
2022-10-14,2022,LAL,Los Angeles Lakers,Western,98.86,0,,,,,
2022-10-15,2022,BOS,Boston Celtics,Eastern,108.43,0,,,,,
2022-10-15,2022,MIA,Miami Heat,Eastern,106.21,0,,,,,
2022-10-15,2022,MIL,Milwaukee Bucks,Eastern,107.56,1,DEN,99,119,0,-20
2022-10-15,2022,DEN,Denver Nuggets,Western,109.45,0,,,,,
2022-10-15,2022,GSW,Golden State Warriors,Western,105.45,0,,,,,
2022-10-15,2022,LAL,Los Angeles Lakers,Western,99.27,1,BOS,120,128,0,-8
2022-10-16,2022,BOS,Boston Celtics,Eastern,106.98,1,MIA,118,126,0,-8
2022-10-16,2022,MIA,Miami Heat,Eastern,106.47,0,,,,,
2022-10-16,2022,MIL,Milwaukee Bucks,Eastern,108.73,0,,,,,
2022-10-16,2022,DEN,Denver Nuggets,Western,110.24,1,GSW,103,105,0,-2
2022-10-16,2022,GSW,Golden State Warriors,Western,105.28,0,,,,,
2022-10-16,2022,LAL,Los Angeles Lakers,Western,99.45,0,,,,,
2022-10-17,2022,BOS,Boston Celtics,Eastern,108.21,0,,,,,
2022-10-17,2022,MIA,Miami Heat,Eastern,107.89,1,MIL,116,96,1,20
2022-10-17,2022,MIL,Milwaukee Bucks,Eastern,108.85,0,,,,,
2022-10-17,2022,DEN,Denver Nuggets,Western,109.91,0,,,,,
2022-10-17,2022,GSW,Golden State Warriors,Western,104.42,1,LAL,122,130,0,-8
2022-10-17,2022,LAL,Los Angeles Lakers,Western,99.33,0,,,,,
2022-10-18,2022,BOS,Boston Celtics,Eastern,108.05,0,,,,,
2022-10-18,2022,MIA,Miami Heat,Eastern,107.12,0,,,,,
2022-10-18,2022,MIL,Milwaukee Bucks,Eastern,108.82,1,DEN,111,119,0,-8
2022-10-18,2022,DEN,Denver Nuggets,Western,108.94,0,,,,,
2022-10-18,2022,GSW,Golden State Warriors,Western,103.61,0,,,,,
2022-10-18,2022,LAL,Los Angeles Lakers,Western,100.32,1,BOS,118,97,1,21
2022-10-19,2022,BOS,Boston Celtics,Eastern,107.05,1,MIL,102,123,0,-21
2022-10-19,2022,MIA,Miami Heat,Eastern,106.51,0,,,,,
2022-10-19,2022,MIL,Milwaukee Bucks,Eastern,108.28,0,,,,,
2022-10-19,2022,DEN,Denver Nuggets,Western,110.60,1,LAL,117,111,1,6
2022-10-19,2022,GSW,Golden State Warriors,Western,104.63,0,,,,,
2022-10-19,2022,LAL,Los Angeles Lakers,Western,98.02,0,,,,,
2022-10-20,2022,BOS,Boston Celtics,Eastern,107.61,0,,,,,
2022-10-20,2022,MIA,Miami Heat,Eastern,107.39,1,DEN,105,104,1,1
2022-10-20,2022,MIL,Milwaukee Bucks,Eastern,108.45,0,,,,,
2022-10-20,2022,DEN,Denver Nuggets,Western,109.41,0,,,,,
2022-10-20,2022,GSW,Golden State Warriors,Western,104.71,1,BOS,126,109,1,17
2022-10-20,2022,LAL,Los Angeles Lakers,Western,99.69,0,,,,,
2022-10-21,2022,BOS,Boston Celtics,Eastern,107.71,0,,,,,
2022-10-21,2022,MIA,Miami Heat,Eastern,107.36,0,,,,,
2022-10-21,2022,MIL,Milwaukee Bucks,Eastern,107.22,1,GSW,104,130,0,-26
2022-10-21,2022,DEN,Denver Nuggets,Western,109.15,0,,,,,
2022-10-21,2022,GSW,Golden State Warriors,Western,104.49,0,,,,,
2022-10-21,2022,LAL,Los Angeles Lakers,Western,100.17,1,MIA,107,96,1,11
2022-10-22,2022,BOS,Boston Celtics,Eastern,108.15,1,DEN,113,119,0,-6
2022-10-22,2022,MIA,Miami Heat,Eastern,107.51,0,,,,,
2022-10-22,2022,MIL,Milwaukee Bucks,Eastern,109.59,0,,,,,
2022-10-22,2022,DEN,Denver Nuggets,Western,108.92,1,BOS,98,110,0,-12
2022-10-22,2022,GSW,Golden State Warriors,Western,103.63,0,,,,,
2022-10-22,2022,LAL,Los Angeles Lakers,Western,97.80,0,,,,,
2022-10-23,2022,BOS,Boston Celtics,Eastern,108.04,0,,,,,
2022-10-23,2022,MIA,Miami Heat,Eastern,108.06,1,GSW,111,104,1,7
2022-10-23,2022,MIL,Milwaukee Bucks,Eastern,108.58,0,,,,,
2022-10-23,2022,DEN,Denver Nuggets,Western,109.72,0,,,,,
2022-10-23,2022,GSW,Golden State Warriors,Western,104.39,1,MIA,113,108,1,5
2022-10-23,2022,LAL,Los Angeles Lakers,Western,97.81,0,,,,,
2022-10-24,2022,BOS,Boston Celtics,Eastern,109.02,0,,,,,
2022-10-24,2022,MIA,Miami Heat,Eastern,106.40,0,,,,,
2022-10-24,2022,MIL,Milwaukee Bucks,Eastern,110.15,1,LAL,99,97,1,2
2022-10-24,2022,DEN,Denver Nuggets,Western,109.05,0,,,,,
2022-10-24,2022,GSW,Golden State Warriors,Western,102.58,0,,,,,
2022-10-24,2022,LAL,Los Angeles Lakers,Western,98.90,1,MIL,124,119,1,5
2022-10-25,2022,BOS,Boston Celtics,Eastern,106.87,1,GSW,98,117,0,-19
2022-10-25,2022,MIA,Miami Heat,Eastern,106.66,0,,,,,
2022-10-25,2022,MIL,Milwaukee Bucks,Eastern,109.66,0,,,,,
2022-10-25,2022,DEN,Denver Nuggets,Western,107.84,1,MIA,123,127,0,-4
2022-10-25,2022,GSW,Golden State Warriors,Western,102.88,0,,,,,
2022-10-25,2022,LAL,Los Angeles Lakers,Western,99.09,0,,,,,
2022-10-26,2022,BOS,Boston Celtics,Eastern,109.36,0,,,,,
2022-10-26,2022,MIA,Miami Heat,Eastern,107.07,1,LAL,122,116,1,6
2022-10-26,2022,MIL,Milwaukee Bucks,Eastern,109.80,0,,,,,
2022-10-26,2022,DEN,Denver Nuggets,Western,109.21,0,,,,,
2022-10-26,2022,GSW,Golden State Warriors,Western,103.36,1,MIL,126,124,1,2
2022-10-26,2022,LAL,Los Angeles Lakers,Western,98.20,0,,,,,
2022-10-27,2022,BOS,Boston Celtics,Eastern,109.91,0,,,,,
2022-10-27,2022,MIA,Miami Heat,Eastern,107.70,0,,,,,
2022-10-27,2022,MIL,Milwaukee Bucks,Eastern,108.92,1,BOS,110,122,0,-12
2022-10-27,2022,DEN,Denver Nuggets,Western,107.70,0,,,,,
2022-10-27,2022,GSW,Golden State Warriors,Western,102.95,0,,,,,
2022-10-27,2022,LAL,Los Angeles Lakers,Western,98.39,1,DEN,125,119,1,6
2022-10-28,2022,BOS,Boston Celtics,Eastern,109.01,1,LAL,105,119,0,-14
2022-10-28,2022,MIA,Miami Heat,Eastern,106.57,0,,,,,
2022-10-28,2022,MIL,Milwaukee Bucks,Eastern,109.67,0,,,,,
2022-10-28,2022,DEN,Denver Nuggets,Western,107.79,1,MIL,114,120,0,-6
2022-10-28,2022,GSW,Golden State Warriors,Western,102.25,0,,,,,
2022-10-28,2022,LAL,Los Angeles Lakers,Western,98.78,0,,,,,
2022-10-29,2022,BOS,Boston Celtics,Eastern,110.33,0,,,,,
2022-10-29,2022,MIA,Miami Heat,Eastern,106.86,1,BOS,103,116,0,-13
2022-10-29,2022,MIL,Milwaukee Bucks,Eastern,108.94,0,,,,,
2022-10-29,2022,DEN,Denver Nuggets,Western,108.18,0,,,,,
2022-10-29,2022,GSW,Golden State Warriors,Western,100.51,1,DEN,107,120,0,-13
2022-10-29,2022,LAL,Los Angeles Lakers,Western,98.42,0,,,,,
2022-10-30,2022,BOS,Boston Celtics,Eastern,109.73,0,,,,,
2022-10-30,2022,MIA,Miami Heat,Eastern,108.01,0,,,,,
2022-10-30,2022,MIL,Milwaukee Bucks,Eastern,109.99,1,MIA,107,105,1,2
2022-10-30,2022,DEN,Denver Nuggets,Western,107.38,0,,,,,
2022-10-30,2022,GSW,Golden State Warriors,Western,101.49,0,,,,,
2022-10-30,2022,LAL,Los Angeles Lakers,Western,96.90,1,GSW,102,117,0,-15
2022-10-31,2022,BOS,Boston Celtics,Eastern,109.02,1,MIA,128,129,0,-1
2022-10-31,2022,MIA,Miami Heat,Eastern,106.87,0,,,,,
2022-10-31,2022,MIL,Milwaukee Bucks,Eastern,108.17,0,,,,,
2022-10-31,2022,DEN,Denver Nuggets,Western,108.72,1,GSW,125,99,1,26
2022-10-31,2022,GSW,Golden State Warriors,Western,101.33,0,,,,,
2022-10-31,2022,LAL,Los Angeles Lakers,Western,98.09,0,,,,,
2022-11-01,2022,BOS,Boston Celtics,Eastern,109.73,0,,,,,
2022-11-01,2022,MIA,Miami Heat,Eastern,108.44,1,MIL,106,97,1,9
2022-11-01,2022,MIL,Milwaukee Bucks,Eastern,108.26,0,,,,,
2022-11-01,2022,DEN,Denver Nuggets,Western,107.59,0,,,,,
2022-11-01,2022,GSW,Golden State Warriors,Western,103.14,1,LAL,126,117,1,9
2022-11-01,2022,LAL,Los Angeles Lakers,Western,98.32,0,,,,,
2022-11-02,2022,BOS,Boston Celtics,Eastern,111.07,0,,,,,
2022-11-02,2022,MIA,Miami Heat,Eastern,107.28,0,,,,,
2022-11-02,2022,MIL,Milwaukee Bucks,Eastern,110.64,1,DEN,126,103,1,23
2022-11-02,2022,DEN,Denver Nuggets,Western,107.32,0,,,,,
2022-11-02,2022,GSW,Golden State Warriors,Western,101.63,0,,,,,
2022-11-02,2022,LAL,Los Angeles Lakers,Western,100.22,1,BOS,121,108,1,13
2022-11-03,2022,BOS,Boston Celtics,Eastern,109.45,1,MIA,99,102,0,-3
2022-11-03,2022,MIA,Miami Heat,Eastern,107.72,0,,,,,
2022-11-03,2022,MIL,Milwaukee Bucks,Eastern,107.89,0,,,,,
2022-11-03,2022,DEN,Denver Nuggets,Western,105.63,1,GSW,100,126,0,-26
2022-11-03,2022,GSW,Golden State Warriors,Western,100.97,0,,,,,
2022-11-03,2022,LAL,Los Angeles Lakers,Western,98.12,0,,,,,
2022-11-04,2022,BOS,Boston Celtics,Eastern,110.21,0,,,,,
2022-11-04,2022,MIA,Miami Heat,Eastern,106.68,1,MIL,101,108,0,-7
2022-11-04,2022,MIL,Milwaukee Bucks,Eastern,108.46,0,,,,,
2022-11-04,2022,DEN,Denver Nuggets,Western,106.16,0,,,,,
2022-11-04,2022,GSW,Golden State Warriors,Western,102.48,1,LAL,103,101,1,2
2022-11-04,2022,LAL,Los Angeles Lakers,Western,98.17,0,,,,,
2022-11-05,2022,BOS,Boston Celtics,Eastern,111.39,0,,,,,
2022-11-05,2022,MIA,Miami Heat,Eastern,108.13,0,,,,,
2022-11-05,2022,MIL,Milwaukee Bucks,Eastern,109.84,1,DEN,113,102,1,11
2022-11-05,2022,DEN,Denver Nuggets,Western,107.27,0,,,,,
2022-11-05,2022,GSW,Golden State Warriors,Western,100.74,0,,,,,
2022-11-05,2022,LAL,Los Angeles Lakers,Western,98.89,1,BOS,110,102,1,8
2022-11-06,2022,BOS,Boston Celtics,Eastern,110.58,1,MIL,108,104,1,4
2022-11-06,2022,MIA,Miami Heat,Eastern,107.49,0,,,,,
2022-11-06,2022,MIL,Milwaukee Bucks,Eastern,107.95,0,,,,,
2022-11-06,2022,DEN,Denver Nuggets,Western,105.54,1,LAL,119,123,0,-4
2022-11-06,2022,GSW,Golden State Warriors,Western,100.65,0,,,,,
2022-11-06,2022,LAL,Los Angeles Lakers,Western,97.94,0,,,,,
2022-11-07,2022,BOS,Boston Celtics,Eastern,111.81,0,,,,,
2022-11-07,2022,MIA,Miami Heat,Eastern,107.37,1,DEN,103,114,0,-11
2022-11-07,2022,MIL,Milwaukee Bucks,Eastern,108.99,0,,,,,
2022-11-07,2022,DEN,Denver Nuggets,Western,106.40,0,,,,,
2022-11-07,2022,GSW,Golden State Warriors,Western,102.36,1,BOS,103,98,1,5
2022-11-07,2022,LAL,Los Angeles Lakers,Western,98.59,0,,,,,
2022-11-08,2022,BOS,Boston Celtics,Eastern,110.31,0,,,,,
2022-11-08,2022,MIA,Miami Heat,Eastern,108.98,0,,,,,
2022-11-08,2022,MIL,Milwaukee Bucks,Eastern,109.18,1,GSW,123,97,1,26
2022-11-08,2022,DEN,Denver Nuggets,Western,106.57,0,,,,,
2022-11-08,2022,GSW,Golden State Warriors,Western,101.35,0,,,,,
2022-11-08,2022,LAL,Los Angeles Lakers,Western,97.76,1,MIA,104,126,0,-22
2022-11-09,2022,BOS,Boston Celtics,Eastern,111.40,1,DEN,112,122,0,-10
2022-11-09,2022,MIA,Miami Heat,Eastern,108.23,0,,,,,
2022-11-09,2022,MIL,Milwaukee Bucks,Eastern,108.70,0,,,,,
2022-11-09,2022,DEN,Denver Nuggets,Western,107.26,1,BOS,109,105,1,4
2022-11-09,2022,GSW,Golden State Warriors,Western,101.03,0,,,,,
2022-11-09,2022,LAL,Los Angeles Lakers,Western,98.07,0,,,,,
2022-11-10,2022,BOS,Boston Celtics,Eastern,111.15,0,,,,,
2022-11-10,2022,MIA,Miami Heat,Eastern,107.60,1,GSW,126,124,1,2
2022-11-10,2022,MIL,Milwaukee Bucks,Eastern,107.37,0,,,,,
2022-11-10,2022,DEN,Denver Nuggets,Western,105.58,0,,,,,
2022-11-10,2022,GSW,Golden State Warriors,Western,100.67,1,MIA,98,96,1,2
2022-11-10,2022,LAL,Los Angeles Lakers,Western,98.64,0,,,,,
2022-11-11,2022,BOS,Boston Celtics,Eastern,112.03,0,,,,,
2022-11-11,2022,MIA,Miami Heat,Eastern,107.19,0,,,,,
2022-11-11,2022,MIL,Milwaukee Bucks,Eastern,108.50,1,LAL,130,118,1,12
2022-11-11,2022,DEN,Denver Nuggets,Western,106.02,0,,,,,
2022-11-11,2022,GSW,Golden State Warriors,Western,101.64,0,,,,,
2022-11-11,2022,LAL,Los Angeles Lakers,Western,101.19,1,MIL,131,110,1,21
2022-11-12,2022,BOS,Boston Celtics,Eastern,112.43,1,GSW,117,108,1,9
2022-11-12,2022,MIA,Miami Heat,Eastern,107.23,0,,,,,
2022-11-12,2022,MIL,Milwaukee Bucks,Eastern,107.85,0,,,,,
2022-11-12,2022,DEN,Denver Nuggets,Western,106.12,1,MIA,108,105,1,3
2022-11-12,2022,GSW,Golden State Warriors,Western,100.41,0,,,,,
2022-11-12,2022,LAL,Los Angeles Lakers,Western,99.22,0,,,,,
2022-11-13,2022,BOS,Boston Celtics,Eastern,112.18,0,,,,,
2022-11-13,2022,MIA,Miami Heat,Eastern,110.08,1,LAL,131,108,1,23
2022-11-13,2022,MIL,Milwaukee Bucks,Eastern,107.59,0,,,,,
2022-11-13,2022,DEN,Denver Nuggets,Western,105.66,0,,,,,
2022-11-13,2022,GSW,Golden State Warriors,Western,101.46,1,MIL,121,101,1,20
2022-11-13,2022,LAL,Los Angeles Lakers,Western,99.99,0,,,,,
2022-11-14,2022,BOS,Boston Celtics,Eastern,111.78,0,,,,,
2022-11-14,2022,MIA,Miami Heat,Eastern,107.08,0,,,,,
2022-11-14,2022,MIL,Milwaukee Bucks,Eastern,105.53,1,BOS,99,126,0,-27
2022-11-14,2022,DEN,Denver Nuggets,Western,106.01,0,,,,,
2022-11-14,2022,GSW,Golden State Warriors,Western,100.36,0,,,,,
2022-11-14,2022,LAL,Los Angeles Lakers,Western,98.69,1,DEN,98,116,0,-18
2022-11-15,2022,BOS,Boston Celtics,Eastern,113.22,1,LAL,124,118,1,6
2022-11-15,2022,MIA,Miami Heat,Eastern,108.73,0,,,,,
2022-11-15,2022,MIL,Milwaukee Bucks,Eastern,106.01,0,,,,,
2022-11-15,2022,DEN,Denver Nuggets,Western,107.29,1,MIL,125,103,1,22
2022-11-15,2022,GSW,Golden State Warriors,Western,101.49,0,,,,,
2022-11-15,2022,LAL,Los Angeles Lakers,Western,99.84,0,,,,,
2022-11-16,2022,BOS,Boston Celtics,Eastern,112.15,0,,,,,
2022-11-16,2022,MIA,Miami Heat,Eastern,109.07,1,BOS,106,99,1,7
2022-11-16,2022,MIL,Milwaukee Bucks,Eastern,106.63,0,,,,,
2022-11-16,2022,DEN,Denver Nuggets,Western,104.20,0,,,,,
2022-11-16,2022,GSW,Golden State Warriors,Western,101.58,1,DEN,114,97,1,17
2022-11-16,2022,LAL,Los Angeles Lakers,Western,99.51,0,,,,,
2022-11-17,2022,BOS,Boston Celtics,Eastern,111.88,0,,,,,
2022-11-17,2022,MIA,Miami Heat,Eastern,107.74,0,,,,,
2022-11-17,2022,MIL,Milwaukee Bucks,Eastern,108.60,1,MIA,129,100,1,29
2022-11-17,2022,DEN,Denver Nuggets,Western,104.24,0,,,,,
2022-11-17,2022,GSW,Golden State Warriors,Western,100.82,0,,,,,
2022-11-17,2022,LAL,Los Angeles Lakers,Western,100.06,1,GSW,120,111,1,9
2022-11-18,2022,BOS,Boston Celtics,Eastern,111.93,1,MIA,104,99,1,5
2022-11-18,2022,MIA,Miami Heat,Eastern,106.92,0,,,,,
2022-11-18,2022,MIL,Milwaukee Bucks,Eastern,105.82,0,,,,,
2022-11-18,2022,DEN,Denver Nuggets,Western,104.43,1,GSW,111,105,1,6
2022-11-18,2022,GSW,Golden State Warriors,Western,101.00,0,,,,,
2022-11-18,2022,LAL,Los Angeles Lakers,Western,100.70,0,,,,,
2022-11-19,2022,BOS,Boston Celtics,Eastern,113.13,0,,,,,
2022-11-19,2022,MIA,Miami Heat,Eastern,107.08,1,MIL,98,103,0,-5
2022-11-19,2022,MIL,Milwaukee Bucks,Eastern,106.36,0,,,,,
2022-11-19,2022,DEN,Denver Nuggets,Western,105.08,0,,,,,
2022-11-19,2022,GSW,Golden State Warriors,Western,99.55,1,LAL,100,127,0,-27
2022-11-19,2022,LAL,Los Angeles Lakers,Western,99.98,0,,,,,
2022-11-20,2022,BOS,Boston Celtics,Eastern,111.95,0,,,,,
2022-11-20,2022,MIA,Miami Heat,Eastern,107.75,0,,,,,
2022-11-20,2022,MIL,Milwaukee Bucks,Eastern,107.11,1,DEN,108,101,1,7
2022-11-20,2022,DEN,Denver Nuggets,Western,103.64,0,,,,,
2022-11-20,2022,GSW,Golden State Warriors,Western,100.74,0,,,,,
2022-11-20,2022,LAL,Los Angeles Lakers,Western,101.38,1,BOS,129,100,1,29
2022-11-21,2022,BOS,Boston Celtics,Eastern,112.78,1,MIA,99,101,0,-2
2022-11-21,2022,MIA,Miami Heat,Eastern,107.90,0,,,,,
2022-11-21,2022,MIL,Milwaukee Bucks,Eastern,106.51,0,,,,,
2022-11-21,2022,DEN,Denver Nuggets,Western,104.79,1,GSW,126,127,0,-1
2022-11-21,2022,GSW,Golden State Warriors,Western,101.03,0,,,,,
2022-11-21,2022,LAL,Los Angeles Lakers,Western,100.11,0,,,,,
2022-11-22,2022,BOS,Boston Celtics,Eastern,113.37,0,,,,,
2022-11-22,2022,MIA,Miami Heat,Eastern,108.18,1,MIL,123,102,1,21
2022-11-22,2022,MIL,Milwaukee Bucks,Eastern,106.26,0,,,,,
2022-11-22,2022,DEN,Denver Nuggets,Western,104.17,0,,,,,
2022-11-22,2022,GSW,Golden State Warriors,Western,101.22,1,LAL,119,112,1,7
2022-11-22,2022,LAL,Los Angeles Lakers,Western,101.27,0,,,,,
2022-11-23,2022,BOS,Boston Celtics,Eastern,112.63,0,,,,,
2022-11-23,2022,MIA,Miami Heat,Eastern,107.83,0,,,,,
2022-11-23,2022,MIL,Milwaukee Bucks,Eastern,107.26,1,DEN,115,96,1,19
2022-11-23,2022,DEN,Denver Nuggets,Western,104.71,0,,,,,
2022-11-23,2022,GSW,Golden State Warriors,Western,101.86,0,,,,,
2022-11-23,2022,LAL,Los Angeles Lakers,Western,102.08,1,BOS,130,123,1,7
2022-11-24,2022,BOS,Boston Celtics,Eastern,113.53,1,MIL,123,122,1,1
2022-11-24,2022,MIA,Miami Heat,Eastern,106.23,0,,,,,
2022-11-24,2022,MIL,Milwaukee Bucks,Eastern,104.93,0,,,,,
2022-11-24,2022,DEN,Denver Nuggets,Western,105.71,1,LAL,129,108,1,21
2022-11-24,2022,GSW,Golden State Warriors,Western,100.51,0,,,,,
2022-11-24,2022,LAL,Los Angeles Lakers,Western,100.15,0,,,,,
2022-11-25,2022,BOS,Boston Celtics,Eastern,111.85,0,,,,,
2022-11-25,2022,MIA,Miami Heat,Eastern,107.19,1,DEN,110,101,1,9
2022-11-25,2022,MIL,Milwaukee Bucks,Eastern,104.30,0,,,,,
2022-11-25,2022,DEN,Denver Nuggets,Western,103.70,0,,,,,
2022-11-25,2022,GSW,Golden State Warriors,Western,102.24,1,BOS,120,97,1,23
2022-11-25,2022,LAL,Los Angeles Lakers,Western,100.30,0,,,,,
2022-11-26,2022,BOS,Boston Celtics,Eastern,113.52,0,,,,,
2022-11-26,2022,MIA,Miami Heat,Eastern,107.12,0,,,,,
2022-11-26,2022,MIL,Milwaukee Bucks,Eastern,103.50,1,GSW,102,113,0,-11
2022-11-26,2022,DEN,Denver Nuggets,Western,103.85,0,,,,,
2022-11-26,2022,GSW,Golden State Warriors,Western,101.49,0,,,,,
2022-11-26,2022,LAL,Los Angeles Lakers,Western,98.79,1,MIA,111,130,0,-19
2022-11-27,2022,BOS,Boston Celtics,Eastern,113.49,1,DEN,120,116,1,4
2022-11-27,2022,MIA,Miami Heat,Eastern,107.50,0,,,,,
2022-11-27,2022,MIL,Milwaukee Bucks,Eastern,104.44,0,,,,,
2022-11-27,2022,DEN,Denver Nuggets,Western,106.29,1,BOS,123,97,1,26
2022-11-27,2022,GSW,Golden State Warriors,Western,101.73,0,,,,,
2022-11-27,2022,LAL,Los Angeles Lakers,Western,101.31,0,,,,,
2022-11-28,2022,BOS,Boston Celtics,Eastern,112.40,0,,,,,
2022-11-28,2022,MIA,Miami Heat,Eastern,106.66,1,GSW,102,105,0,-3
2022-11-28,2022,MIL,Milwaukee Bucks,Eastern,104.64,0,,,,,
2022-11-28,2022,DEN,Denver Nuggets,Western,104.41,0,,,,,
2022-11-28,2022,GSW,Golden State Warriors,Western,101.33,1,MIA,124,120,1,4
2022-11-28,2022,LAL,Los Angeles Lakers,Western,102.15,0,,,,,
2022-11-29,2022,BOS,Boston Celtics,Eastern,113.04,0,,,,,
2022-11-29,2022,MIA,Miami Heat,Eastern,106.50,0,,,,,
2022-11-29,2022,MIL,Milwaukee Bucks,Eastern,106.40,1,LAL,124,103,1,21
2022-11-29,2022,DEN,Denver Nuggets,Western,103.23,0,,,,,
2022-11-29,2022,GSW,Golden State Warriors,Western,101.10,0,,,,,
2022-11-29,2022,LAL,Los Angeles Lakers,Western,100.75,1,MIL,105,117,0,-12
2022-11-30,2022,BOS,Boston Celtics,Eastern,114.17,1,GSW,131,99,1,32
2022-11-30,2022,MIA,Miami Heat,Eastern,106.90,0,,,,,
2022-11-30,2022,MIL,Milwaukee Bucks,Eastern,104.02,0,,,,,
2022-11-30,2022,DEN,Denver Nuggets,Western,104.41,1,MIA,124,121,1,3
2022-11-30,2022,GSW,Golden State Warriors,Western,101.02,0,,,,,
2022-11-30,2022,LAL,Los Angeles Lakers,Western,102.01,0,,,,,
2022-12-01,2022,BOS,Boston Celtics,Eastern,111.77,0,,,,,
2022-12-01,2022,MIA,Miami Heat,Eastern,107.39,1,LAL,131,96,1,35
2022-12-01,2022,MIL,Milwaukee Bucks,Eastern,104.63,0,,,,,
2022-12-01,2022,DEN,Denver Nuggets,Western,104.25,0,,,,,
2022-12-01,2022,GSW,Golden State Warriors,Western,100.44,1,MIL,101,110,0,-9
2022-12-01,2022,LAL,Los Angeles Lakers,Western,100.83,0,,,,,
2022-12-02,2022,BOS,Boston Celtics,Eastern,112.41,0,,,,,
2022-12-02,2022,MIA,Miami Heat,Eastern,106.11,0,,,,,
2022-12-02,2022,MIL,Milwaukee Bucks,Eastern,106.33,1,BOS,123,101,1,22
2022-12-02,2022,DEN,Denver Nuggets,Western,103.86,0,,,,,
2022-12-02,2022,GSW,Golden State Warriors,Western,101.25,0,,,,,
2022-12-02,2022,LAL,Los Angeles Lakers,Western,102.05,1,DEN,116,122,0,-6
2022-12-03,2022,BOS,Boston Celtics,Eastern,113.33,1,LAL,118,97,1,21
2022-12-03,2022,MIA,Miami Heat,Eastern,105.18,0,,,,,
2022-12-03,2022,MIL,Milwaukee Bucks,Eastern,103.10,0,,,,,
2022-12-03,2022,DEN,Denver Nuggets,Western,102.31,1,MIL,109,130,0,-21
2022-12-03,2022,GSW,Golden State Warriors,Western,102.67,0,,,,,
2022-12-03,2022,LAL,Los Angeles Lakers,Western,102.41,0,,,,,
2022-12-04,2022,BOS,Boston Celtics,Eastern,112.09,0,,,,,
2022-12-04,2022,MIA,Miami Heat,Eastern,106.06,1,BOS,120,117,1,3
2022-12-04,2022,MIL,Milwaukee Bucks,Eastern,103.67,0,,,,,
2022-12-04,2022,DEN,Denver Nuggets,Western,104.26,0,,,,,
2022-12-04,2022,GSW,Golden State Warriors,Western,103.04,1,DEN,114,110,1,4
2022-12-04,2022,LAL,Los Angeles Lakers,Western,101.68,0,,,,,
2022-12-05,2022,BOS,Boston Celtics,Eastern,112.35,0,,,,,
2022-12-05,2022,MIA,Miami Heat,Eastern,105.85,0,,,,,
2022-12-05,2022,MIL,Milwaukee Bucks,Eastern,103.96,1,MIA,110,105,1,5
2022-12-05,2022,DEN,Denver Nuggets,Western,103.58,0,,,,,
2022-12-05,2022,GSW,Golden State Warriors,Western,101.40,0,,,,,
2022-12-05,2022,LAL,Los Angeles Lakers,Western,103.96,1,GSW,113,97,1,16
2022-12-06,2022,BOS,Boston Celtics,Eastern,113.51,1,MIA,121,116,1,5
2022-12-06,2022,MIA,Miami Heat,Eastern,104.43,0,,,,,
2022-12-06,2022,MIL,Milwaukee Bucks,Eastern,103.62,0,,,,,
2022-12-06,2022,DEN,Denver Nuggets,Western,104.50,1,GSW,130,122,1,8
2022-12-06,2022,GSW,Golden State Warriors,Western,102.25,0,,,,,
2022-12-06,2022,LAL,Los Angeles Lakers,Western,101.38,0,,,,,
2022-12-07,2022,BOS,Boston Celtics,Eastern,111.31,0,,,,,
2022-12-07,2022,MIA,Miami Heat,Eastern,104.81,1,MIL,118,117,1,1
2022-12-07,2022,MIL,Milwaukee Bucks,Eastern,103.43,0,,,,,
2022-12-07,2022,DEN,Denver Nuggets,Western,103.83,0,,,,,
2022-12-07,2022,GSW,Golden State Warriors,Western,100.76,1,LAL,100,123,0,-23
2022-12-07,2022,LAL,Los Angeles Lakers,Western,101.93,0,,,,,
2022-12-08,2022,BOS,Boston Celtics,Eastern,112.12,0,,,,,
2022-12-08,2022,MIA,Miami Heat,Eastern,104.18,0,,,,,
2022-12-08,2022,MIL,Milwaukee Bucks,Eastern,105.11,1,DEN,114,105,1,9
2022-12-08,2022,DEN,Denver Nuggets,Western,104.70,0,,,,,
2022-12-08,2022,GSW,Golden State Warriors,Western,102.41,0,,,,,
2022-12-08,2022,LAL,Los Angeles Lakers,Western,101.99,1,BOS,123,118,1,5
2022-12-09,2022,BOS,Boston Celtics,Eastern,112.15,1,MIA,105,111,0,-6
2022-12-09,2022,MIA,Miami Heat,Eastern,105.15,0,,,,,
2022-12-09,2022,MIL,Milwaukee Bucks,Eastern,104.03,0,,,,,
2022-12-09,2022,DEN,Denver Nuggets,Western,103.34,1,GSW,110,115,0,-5
2022-12-09,2022,GSW,Golden State Warriors,Western,101.92,0,,,,,
2022-12-09,2022,LAL,Los Angeles Lakers,Western,101.71,0,,,,,
2022-12-10,2022,BOS,Boston Celtics,Eastern,112.56,0,,,,,
2022-12-10,2022,MIA,Miami Heat,Eastern,104.25,1,MIL,111,107,1,4
2022-12-10,2022,MIL,Milwaukee Bucks,Eastern,103.96,0,,,,,
2022-12-10,2022,DEN,Denver Nuggets,Western,104.67,0,,,,,
2022-12-10,2022,GSW,Golden State Warriors,Western,101.92,1,LAL,107,109,0,-2
2022-12-10,2022,LAL,Los Angeles Lakers,Western,103.29,0,,,,,
2022-12-11,2022,BOS,Boston Celtics,Eastern,111.10,0,,,,,
2022-12-11,2022,MIA,Miami Heat,Eastern,104.94,0,,,,,
2022-12-11,2022,MIL,Milwaukee Bucks,Eastern,102.04,1,DEN,119,124,0,-5
2022-12-11,2022,DEN,Denver Nuggets,Western,103.89,0,,,,,
2022-12-11,2022,GSW,Golden State Warriors,Western,102.13,0,,,,,
2022-12-11,2022,LAL,Los Angeles Lakers,Western,101.71,1,BOS,104,109,0,-5
2022-12-12,2022,BOS,Boston Celtics,Eastern,111.74,1,MIL,129,128,1,1
2022-12-12,2022,MIA,Miami Heat,Eastern,103.74,0,,,,,
2022-12-12,2022,MIL,Milwaukee Bucks,Eastern,102.76,0,,,,,
2022-12-12,2022,DEN,Denver Nuggets,Western,103.18,1,LAL,109,128,0,-19
2022-12-12,2022,GSW,Golden State Warriors,Western,103.05,0,,,,,
2022-12-12,2022,LAL,Los Angeles Lakers,Western,103.03,0,,,,,
2022-12-13,2022,BOS,Boston Celtics,Eastern,111.74,0,,,,,
2022-12-13,2022,MIA,Miami Heat,Eastern,103.85,1,DEN,114,111,1,3
2022-12-13,2022,MIL,Milwaukee Bucks,Eastern,103.84,0,,,,,
2022-12-13,2022,DEN,Denver Nuggets,Western,104.16,0,,,,,
2022-12-13,2022,GSW,Golden State Warriors,Western,104.10,1,BOS,124,109,1,15
2022-12-13,2022,LAL,Los Angeles Lakers,Western,102.43,0,,,,,
2022-12-14,2022,BOS,Boston Celtics,Eastern,110.78,0,,,,,
2022-12-14,2022,MIA,Miami Heat,Eastern,104.27,0,,,,,
2022-12-14,2022,MIL,Milwaukee Bucks,Eastern,102.79,1,GSW,106,119,0,-13
2022-12-14,2022,DEN,Denver Nuggets,Western,104.29,0,,,,,
2022-12-14,2022,GSW,Golden State Warriors,Western,103.11,0,,,,,
2022-12-14,2022,LAL,Los Angeles Lakers,Western,102.70,1,MIA,103,96,1,7
2022-12-15,2022,BOS,Boston Celtics,Eastern,110.89,1,DEN,103,111,0,-8
2022-12-15,2022,MIA,Miami Heat,Eastern,103.91,0,,,,,
2022-12-15,2022,MIL,Milwaukee Bucks,Eastern,103.71,0,,,,,
2022-12-15,2022,DEN,Denver Nuggets,Western,105.65,1,BOS,124,113,1,11
2022-12-15,2022,GSW,Golden State Warriors,Western,102.35,0,,,,,
2022-12-15,2022,LAL,Los Angeles Lakers,Western,103.06,0,,,,,
2022-12-16,2022,BOS,Boston Celtics,Eastern,111.78,0,,,,,
2022-12-16,2022,MIA,Miami Heat,Eastern,104.41,1,GSW,111,99,1,12
2022-12-16,2022,MIL,Milwaukee Bucks,Eastern,103.71,0,,,,,
2022-12-16,2022,DEN,Denver Nuggets,Western,104.07,0,,,,,
2022-12-16,2022,GSW,Golden State Warriors,Western,104.63,1,MIA,125,98,1,27
2022-12-16,2022,LAL,Los Angeles Lakers,Western,102.12,0,,,,,
2022-12-17,2022,BOS,Boston Celtics,Eastern,111.18,0,,,,,
2022-12-17,2022,MIA,Miami Heat,Eastern,103.11,0,,,,,
2022-12-17,2022,MIL,Milwaukee Bucks,Eastern,104.65,1,LAL,120,104,1,16
2022-12-17,2022,DEN,Denver Nuggets,Western,104.27,0,,,,,
2022-12-17,2022,GSW,Golden State Warriors,Western,103.65,0,,,,,
2022-12-17,2022,LAL,Los Angeles Lakers,Western,103.44,1,MIL,125,127,0,-2
2022-12-18,2022,BOS,Boston Celtics,Eastern,112.08,1,GSW,117,100,1,17
2022-12-18,2022,MIA,Miami Heat,Eastern,103.23,0,,,,,
2022-12-18,2022,MIL,Milwaukee Bucks,Eastern,103.92,0,,,,,
2022-12-18,2022,DEN,Denver Nuggets,Western,105.62,1,MIA,126,109,1,17
2022-12-18,2022,GSW,Golden State Warriors,Western,103.80,0,,,,,
2022-12-18,2022,LAL,Los Angeles Lakers,Western,102.92,0,,,,,
2022-12-19,2022,BOS,Boston Celtics,Eastern,111.65,0,,,,,
2022-12-19,2022,MIA,Miami Heat,Eastern,103.52,1,LAL,103,106,0,-3
2022-12-19,2022,MIL,Milwaukee Bucks,Eastern,103.41,0,,,,,
2022-12-19,2022,DEN,Denver Nuggets,Western,104.80,0,,,,,
2022-12-19,2022,GSW,Golden State Warriors,Western,104.11,1,MIL,129,118,1,11
2022-12-19,2022,LAL,Los Angeles Lakers,Western,103.42,0,,,,,
2022-12-20,2022,BOS,Boston Celtics,Eastern,109.76,0,,,,,
2022-12-20,2022,MIA,Miami Heat,Eastern,103.69,0,,,,,
2022-12-20,2022,MIL,Milwaukee Bucks,Eastern,102.20,1,BOS,121,130,0,-9
2022-12-20,2022,DEN,Denver Nuggets,Western,105.71,0,,,,,
2022-12-20,2022,GSW,Golden State Warriors,Western,104.00,0,,,,,
2022-12-20,2022,LAL,Los Angeles Lakers,Western,103.18,1,DEN,118,117,1,1
2022-12-21,2022,BOS,Boston Celtics,Eastern,111.19,1,LAL,122,101,1,21
2022-12-21,2022,MIA,Miami Heat,Eastern,104.07,0,,,,,
2022-12-21,2022,MIL,Milwaukee Bucks,Eastern,103.92,0,,,,,
2022-12-21,2022,DEN,Denver Nuggets,Western,104.84,1,MIL,119,130,0,-11
2022-12-21,2022,GSW,Golden State Warriors,Western,102.72,0,,,,,
2022-12-21,2022,LAL,Los Angeles Lakers,Western,103.46,0,,,,,
2022-12-22,2022,BOS,Boston Celtics,Eastern,110.31,0,,,,,
2022-12-22,2022,MIA,Miami Heat,Eastern,103.12,1,BOS,126,123,1,3
2022-12-22,2022,MIL,Milwaukee Bucks,Eastern,102.72,0,,,,,
2022-12-22,2022,DEN,Denver Nuggets,Western,104.11,0,,,,,
2022-12-22,2022,GSW,Golden State Warriors,Western,104.67,1,DEN,106,103,1,3
2022-12-22,2022,LAL,Los Angeles Lakers,Western,102.38,0,,,,,
2022-12-23,2022,BOS,Boston Celtics,Eastern,110.19,0,,,,,
2022-12-23,2022,MIA,Miami Heat,Eastern,103.01,0,,,,,
2022-12-23,2022,MIL,Milwaukee Bucks,Eastern,103.75,1,MIA,114,115,0,-1
2022-12-23,2022,DEN,Denver Nuggets,Western,105.32,0,,,,,
2022-12-23,2022,GSW,Golden State Warriors,Western,103.86,0,,,,,
2022-12-23,2022,LAL,Los Angeles Lakers,Western,102.51,1,GSW,115,130,0,-15
2022-12-24,2022,BOS,Boston Celtics,Eastern,110.29,1,MIA,121,128,0,-7
2022-12-24,2022,MIA,Miami Heat,Eastern,103.92,0,,,,,
2022-12-24,2022,MIL,Milwaukee Bucks,Eastern,103.33,0,,,,,
2022-12-24,2022,DEN,Denver Nuggets,Western,104.27,1,GSW,114,128,0,-14
2022-12-24,2022,GSW,Golden State Warriors,Western,104.04,0,,,,,
2022-12-24,2022,LAL,Los Angeles Lakers,Western,103.39,0,,,,,
2022-12-25,2022,BOS,Boston Celtics,Eastern,110.53,0,,,,,
2022-12-25,2022,MIA,Miami Heat,Eastern,103.24,1,MIL,101,106,0,-5
2022-12-25,2022,MIL,Milwaukee Bucks,Eastern,103.64,0,,,,,
2022-12-25,2022,DEN,Denver Nuggets,Western,104.59,0,,,,,
2022-12-25,2022,GSW,Golden State Warriors,Western,102.57,1,LAL,99,127,0,-28
2022-12-25,2022,LAL,Los Angeles Lakers,Western,102.49,0,,,,,
2022-12-26,2022,BOS,Boston Celtics,Eastern,110.04,0,,,,,
2022-12-26,2022,MIA,Miami Heat,Eastern,103.28,0,,,,,
2022-12-26,2022,MIL,Milwaukee Bucks,Eastern,104.00,1,DEN,111,106,1,5
2022-12-26,2022,DEN,Denver Nuggets,Western,106.01,0,,,,,
2022-12-26,2022,GSW,Golden State Warriors,Western,103.78,0,,,,,
2022-12-26,2022,LAL,Los Angeles Lakers,Western,102.04,1,BOS,100,128,0,-28
2022-12-27,2022,BOS,Boston Celtics,Eastern,111.81,1,MIA,131,97,1,34
2022-12-27,2022,MIA,Miami Heat,Eastern,103.88,0,,,,,
2022-12-27,2022,MIL,Milwaukee Bucks,Eastern,103.30,0,,,,,
2022-12-27,2022,DEN,Denver Nuggets,Western,105.96,1,GSW,102,99,1,3
2022-12-27,2022,GSW,Golden State Warriors,Western,103.81,0,,,,,
2022-12-27,2022,LAL,Los Angeles Lakers,Western,103.37,0,,,,,
2022-12-28,2022,BOS,Boston Celtics,Eastern,110.31,0,,,,,
2022-12-28,2022,MIA,Miami Heat,Eastern,101.92,1,MIL,103,112,0,-9
2022-12-28,2022,MIL,Milwaukee Bucks,Eastern,102.83,0,,,,,
2022-12-28,2022,DEN,Denver Nuggets,Western,105.97,0,,,,,
2022-12-28,2022,GSW,Golden State Warriors,Western,104.64,1,LAL,129,127,1,2
2022-12-28,2022,LAL,Los Angeles Lakers,Western,102.12,0,,,,,
2022-12-29,2022,BOS,Boston Celtics,Eastern,110.07,0,,,,,
2022-12-29,2022,MIA,Miami Heat,Eastern,102.65,0,,,,,
2022-12-29,2022,MIL,Milwaukee Bucks,Eastern,104.15,1,DEN,129,114,1,15
2022-12-29,2022,DEN,Denver Nuggets,Western,105.83,0,,,,,
2022-12-29,2022,GSW,Golden State Warriors,Western,103.68,0,,,,,
2022-12-29,2022,LAL,Los Angeles Lakers,Western,100.75,1,BOS,102,128,0,-26
2022-12-30,2022,BOS,Boston Celtics,Eastern,110.43,1,MIL,114,110,1,4
2022-12-30,2022,MIA,Miami Heat,Eastern,102.28,0,,,,,
2022-12-30,2022,MIL,Milwaukee Bucks,Eastern,103.33,0,,,,,
2022-12-30,2022,DEN,Denver Nuggets,Western,106.60,1,LAL,109,97,1,12
2022-12-30,2022,GSW,Golden State Warriors,Western,103.07,0,,,,,
2022-12-30,2022,LAL,Los Angeles Lakers,Western,102.13,0,,,,,
2022-12-31,2022,BOS,Boston Celtics,Eastern,109.18,0,,,,,
2022-12-31,2022,MIA,Miami Heat,Eastern,102.22,1,DEN,104,125,0,-21
2022-12-31,2022,MIL,Milwaukee Bucks,Eastern,102.70,0,,,,,
2022-12-31,2022,DEN,Denver Nuggets,Western,105.32,0,,,,,
2022-12-31,2022,GSW,Golden State Warriors,Western,104.33,1,BOS,106,97,1,9
2022-12-31,2022,LAL,Los Angeles Lakers,Western,101.89,0,,,,,
2023-01-01,2023,BOS,Boston Celtics,Eastern,108.91,0,,,,,
2023-01-01,2023,MIA,Miami Heat,Eastern,103.73,0,,,,,
2023-01-01,2023,MIL,Milwaukee Bucks,Eastern,103.25,1,GSW,98,106,0,-8
2023-01-01,2023,DEN,Denver Nuggets,Western,105.35,0,,,,,
2023-01-01,2023,GSW,Golden State Warriors,Western,103.21,0,,,,,
2023-01-01,2023,LAL,Los Angeles Lakers,Western,103.15,1,MIA,124,123,1,1
2023-01-02,2023,BOS,Boston Celtics,Eastern,110.57,1,DEN,123,103,1,20
2023-01-02,2023,MIA,Miami Heat,Eastern,102.19,0,,,,,
2023-01-02,2023,MIL,Milwaukee Bucks,Eastern,103.45,0,,,,,
2023-01-02,2023,DEN,Denver Nuggets,Western,104.66,1,BOS,100,112,0,-12
2023-01-02,2023,GSW,Golden State Warriors,Western,103.58,0,,,,,
2023-01-02,2023,LAL,Los Angeles Lakers,Western,102.83,0,,,,,
2023-01-03,2023,BOS,Boston Celtics,Eastern,109.60,0,,,,,
2023-01-03,2023,MIA,Miami Heat,Eastern,102.40,1,GSW,123,130,0,-7
2023-01-03,2023,MIL,Milwaukee Bucks,Eastern,103.99,0,,,,,
2023-01-03,2023,DEN,Denver Nuggets,Western,104.87,0,,,,,
2023-01-03,2023,GSW,Golden State Warriors,Western,103.94,1,MIA,109,96,1,13
2023-01-03,2023,LAL,Los Angeles Lakers,Western,102.31,0,,,,,
2023-01-04,2023,BOS,Boston Celtics,Eastern,110.11,0,,,,,
2023-01-04,2023,MIA,Miami Heat,Eastern,103.12,0,,,,,
2023-01-04,2023,MIL,Milwaukee Bucks,Eastern,104.61,1,LAL,129,122,1,7
2023-01-04,2023,DEN,Denver Nuggets,Western,105.29,0,,,,,
2023-01-04,2023,GSW,Golden State Warriors,Western,103.60,0,,,,,
2023-01-04,2023,LAL,Los Angeles Lakers,Western,102.03,1,MIL,102,113,0,-11
2023-01-05,2023,BOS,Boston Celtics,Eastern,110.38,1,GSW,122,103,1,19
2023-01-05,2023,MIA,Miami Heat,Eastern,103.19,0,,,,,
2023-01-05,2023,MIL,Milwaukee Bucks,Eastern,103.35,0,,,,,
2023-01-05,2023,DEN,Denver Nuggets,Western,106.28,1,MIA,125,109,1,16
2023-01-05,2023,GSW,Golden State Warriors,Western,102.87,0,,,,,
2023-01-05,2023,LAL,Los Angeles Lakers,Western,102.49,0,,,,,
2023-01-06,2023,BOS,Boston Celtics,Eastern,108.76,0,,,,,
2023-01-06,2023,MIA,Miami Heat,Eastern,103.21,1,LAL,129,127,1,2
2023-01-06,2023,MIL,Milwaukee Bucks,Eastern,104.56,0,,,,,
2023-01-06,2023,DEN,Denver Nuggets,Western,105.09,0,,,,,
2023-01-06,2023,GSW,Golden State Warriors,Western,102.76,1,MIL,130,129,1,1
2023-01-06,2023,LAL,Los Angeles Lakers,Western,103.21,0,,,,,
2023-01-07,2023,BOS,Boston Celtics,Eastern,109.36,0,,,,,
2023-01-07,2023,MIA,Miami Heat,Eastern,103.15,0,,,,,
2023-01-07,2023,MIL,Milwaukee Bucks,Eastern,104.56,1,BOS,119,112,1,7
2023-01-07,2023,DEN,Denver Nuggets,Western,105.18,0,,,,,
2023-01-07,2023,GSW,Golden State Warriors,Western,102.58,0,,,,,
2023-01-07,2023,LAL,Los Angeles Lakers,Western,101.20,1,DEN,106,121,0,-15
2023-01-08,2023,BOS,Boston Celtics,Eastern,110.34,1,LAL,122,110,1,12
2023-01-08,2023,MIA,Miami Heat,Eastern,103.03,0,,,,,
2023-01-08,2023,MIL,Milwaukee Bucks,Eastern,104.64,0,,,,,
2023-01-08,2023,DEN,Denver Nuggets,Western,105.48,1,MIL,115,122,0,-7
2023-01-08,2023,GSW,Golden State Warriors,Western,103.77,0,,,,,
2023-01-08,2023,LAL,Los Angeles Lakers,Western,103.28,0,,,,,
2023-01-09,2023,BOS,Boston Celtics,Eastern,108.97,0,,,,,
2023-01-09,2023,MIA,Miami Heat,Eastern,104.66,1,BOS,130,105,1,25
2023-01-09,2023,MIL,Milwaukee Bucks,Eastern,104.23,0,,,,,
2023-01-09,2023,DEN,Denver Nuggets,Western,105.04,0,,,,,
2023-01-09,2023,GSW,Golden State Warriors,Western,105.21,1,DEN,126,101,1,25
2023-01-09,2023,LAL,Los Angeles Lakers,Western,103.16,0,,,,,
2023-01-10,2023,BOS,Boston Celtics,Eastern,108.61,0,,,,,
2023-01-10,2023,MIA,Miami Heat,Eastern,104.16,0,,,,,
2023-01-10,2023,MIL,Milwaukee Bucks,Eastern,104.40,1,MIA,126,116,1,10
2023-01-10,2023,DEN,Denver Nuggets,Western,105.21,0,,,,,
2023-01-10,2023,GSW,Golden State Warriors,Western,104.11,0,,,,,
2023-01-10,2023,LAL,Los Angeles Lakers,Western,102.79,1,GSW,117,120,0,-3
2023-01-11,2023,BOS,Boston Celtics,Eastern,109.70,1,MIA,109,96,1,13
2023-01-11,2023,MIA,Miami Heat,Eastern,103.98,0,,,,,
2023-01-11,2023,MIL,Milwaukee Bucks,Eastern,103.40,0,,,,,
2023-01-11,2023,DEN,Denver Nuggets,Western,105.29,1,GSW,110,108,1,2
2023-01-11,2023,GSW,Golden State Warriors,Western,102.36,0,,,,,
2023-01-11,2023,LAL,Los Angeles Lakers,Western,101.63,0,,,,,
2023-01-12,2023,BOS,Boston Celtics,Eastern,108.88,0,,,,,
2023-01-12,2023,MIA,Miami Heat,Eastern,105.73,1,MIL,121,98,1,23
2023-01-12,2023,MIL,Milwaukee Bucks,Eastern,104.67,0,,,,,
2023-01-12,2023,DEN,Denver Nuggets,Western,106.32,0,,,,,
2023-01-12,2023,GSW,Golden State Warriors,Western,104.98,1,LAL,129,116,1,13
2023-01-12,2023,LAL,Los Angeles Lakers,Western,102.39,0,,,,,
2023-01-13,2023,BOS,Boston Celtics,Eastern,109.68,0,,,,,
2023-01-13,2023,MIA,Miami Heat,Eastern,103.05,0,,,,,
2023-01-13,2023,MIL,Milwaukee Bucks,Eastern,102.59,1,DEN,117,126,0,-9
2023-01-13,2023,DEN,Denver Nuggets,Western,106.27,0,,,,,
2023-01-13,2023,GSW,Golden State Warriors,Western,103.95,0,,,,,
2023-01-13,2023,LAL,Los Angeles Lakers,Western,102.29,1,BOS,98,99,0,-1
2023-01-14,2023,BOS,Boston Celtics,Eastern,109.89,1,MIA,112,111,1,1
2023-01-14,2023,MIA,Miami Heat,Eastern,103.63,0,,,,,
2023-01-14,2023,MIL,Milwaukee Bucks,Eastern,103.81,0,,,,,
2023-01-14,2023,DEN,Denver Nuggets,Western,105.81,1,GSW,107,102,1,5
2023-01-14,2023,GSW,Golden State Warriors,Western,103.18,0,,,,,
2023-01-14,2023,LAL,Los Angeles Lakers,Western,101.93,0,,,,,
2023-01-15,2023,BOS,Boston Celtics,Eastern,109.89,0,,,,,
2023-01-15,2023,MIA,Miami Heat,Eastern,105.19,1,MIL,120,109,1,11
2023-01-15,2023,MIL,Milwaukee Bucks,Eastern,103.72,0,,,,,
2023-01-15,2023,DEN,Denver Nuggets,Western,104.74,0,,,,,
2023-01-15,2023,GSW,Golden State Warriors,Western,104.06,1,LAL,130,105,1,25
2023-01-15,2023,LAL,Los Angeles Lakers,Western,102.46,0,,,,,
2023-01-16,2023,BOS,Boston Celtics,Eastern,110.20,0,,,,,
2023-01-16,2023,MIA,Miami Heat,Eastern,103.86,0,,,,,
2023-01-16,2023,MIL,Milwaukee Bucks,Eastern,104.69,1,DEN,121,106,1,15
2023-01-16,2023,DEN,Denver Nuggets,Western,104.85,0,,,,,
2023-01-16,2023,GSW,Golden State Warriors,Western,102.98,0,,,,,
2023-01-16,2023,LAL,Los Angeles Lakers,Western,103.50,1,BOS,130,110,1,20
2023-01-17,2023,BOS,Boston Celtics,Eastern,110.15,1,MIL,126,101,1,25
2023-01-17,2023,MIA,Miami Heat,Eastern,103.54,0,,,,,
2023-01-17,2023,MIL,Milwaukee Bucks,Eastern,104.47,0,,,,,
2023-01-17,2023,DEN,Denver Nuggets,Western,103.71,1,LAL,105,126,0,-21
2023-01-17,2023,GSW,Golden State Warriors,Western,102.97,0,,,,,
2023-01-17,2023,LAL,Los Angeles Lakers,Western,103.23,0,,,,,
2023-01-18,2023,BOS,Boston Celtics,Eastern,109.22,0,,,,,
2023-01-18,2023,MIA,Miami Heat,Eastern,102.01,1,DEN,102,117,0,-15
2023-01-18,2023,MIL,Milwaukee Bucks,Eastern,104.17,0,,,,,
2023-01-18,2023,DEN,Denver Nuggets,Western,105.80,0,,,,,
2023-01-18,2023,GSW,Golden State Warriors,Western,102.52,1,BOS,128,124,1,4
2023-01-18,2023,LAL,Los Angeles Lakers,Western,102.80,0,,,,,
2023-01-19,2023,BOS,Boston Celtics,Eastern,109.44,0,,,,,
2023-01-19,2023,MIA,Miami Heat,Eastern,102.65,0,,,,,
2023-01-19,2023,MIL,Milwaukee Bucks,Eastern,104.84,1,GSW,124,104,1,20
2023-01-19,2023,DEN,Denver Nuggets,Western,105.38,0,,,,,
2023-01-19,2023,GSW,Golden State Warriors,Western,103.56,0,,,,,
2023-01-19,2023,LAL,Los Angeles Lakers,Western,102.04,1,MIA,99,126,0,-27
2023-01-20,2023,BOS,Boston Celtics,Eastern,110.23,1,DEN,115,106,1,9
2023-01-20,2023,MIA,Miami Heat,Eastern,103.92,0,,,,,
2023-01-20,2023,MIL,Milwaukee Bucks,Eastern,103.17,0,,,,,
2023-01-20,2023,DEN,Denver Nuggets,Western,104.67,1,BOS,106,119,0,-13
2023-01-20,2023,GSW,Golden State Warriors,Western,102.96,0,,,,,
2023-01-20,2023,LAL,Los Angeles Lakers,Western,103.60,0,,,,,
2023-01-21,2023,BOS,Boston Celtics,Eastern,108.83,0,,,,,
2023-01-21,2023,MIA,Miami Heat,Eastern,102.41,1,GSW,103,128,0,-25
2023-01-21,2023,MIL,Milwaukee Bucks,Eastern,103.52,0,,,,,
2023-01-21,2023,DEN,Denver Nuggets,Western,105.75,0,,,,,
2023-01-21,2023,GSW,Golden State Warriors,Western,103.65,1,MIA,129,130,0,-1
2023-01-21,2023,LAL,Los Angeles Lakers,Western,103.50,0,,,,,
2023-01-22,2023,BOS,Boston Celtics,Eastern,109.36,0,,,,,
2023-01-22,2023,MIA,Miami Heat,Eastern,103.70,0,,,,,
2023-01-22,2023,MIL,Milwaukee Bucks,Eastern,104.59,1,LAL,121,100,1,21
2023-01-22,2023,DEN,Denver Nuggets,Western,104.62,0,,,,,
2023-01-22,2023,GSW,Golden State Warriors,Western,102.87,0,,,,,
2023-01-22,2023,LAL,Los Angeles Lakers,Western,103.44,1,MIL,110,97,1,13
2023-01-23,2023,BOS,Boston Celtics,Eastern,110.44,1,GSW,130,125,1,5
2023-01-23,2023,MIA,Miami Heat,Eastern,103.89,0,,,,,
2023-01-23,2023,MIL,Milwaukee Bucks,Eastern,104.12,0,,,,,
2023-01-23,2023,DEN,Denver Nuggets,Western,105.46,1,MIA,125,122,1,3
2023-01-23,2023,GSW,Golden State Warriors,Western,103.60,0,,,,,
2023-01-23,2023,LAL,Los Angeles Lakers,Western,102.91,0,,,,,
2023-01-24,2023,BOS,Boston Celtics,Eastern,110.11,0,,,,,
2023-01-24,2023,MIA,Miami Heat,Eastern,104.06,1,LAL,128,127,1,1
2023-01-24,2023,MIL,Milwaukee Bucks,Eastern,103.59,0,,,,,
2023-01-24,2023,DEN,Denver Nuggets,Western,104.29,0,,,,,
2023-01-24,2023,GSW,Golden State Warriors,Western,102.68,1,MIL,118,109,1,9
2023-01-24,2023,LAL,Los Angeles Lakers,Western,103.48,0,,,,,
2023-01-25,2023,BOS,Boston Celtics,Eastern,108.94,0,,,,,
2023-01-25,2023,MIA,Miami Heat,Eastern,103.61,0,,,,,
2023-01-25,2023,MIL,Milwaukee Bucks,Eastern,104.06,1,BOS,128,114,1,14
2023-01-25,2023,DEN,Denver Nuggets,Western,103.94,0,,,,,
2023-01-25,2023,GSW,Golden State Warriors,Western,102.44,0,,,,,
2023-01-25,2023,LAL,Los Angeles Lakers,Western,102.01,1,DEN,105,128,0,-23
2023-01-26,2023,BOS,Boston Celtics,Eastern,111.37,1,LAL,122,105,1,17
2023-01-26,2023,MIA,Miami Heat,Eastern,103.87,0,,,,,
2023-01-26,2023,MIL,Milwaukee Bucks,Eastern,103.46,0,,,,,
2023-01-26,2023,DEN,Denver Nuggets,Western,103.34,1,MIL,101,123,0,-22
2023-01-26,2023,GSW,Golden State Warriors,Western,102.02,0,,,,,
2023-01-26,2023,LAL,Los Angeles Lakers,Western,102.62,0,,,,,
2023-01-27,2023,BOS,Boston Celtics,Eastern,110.34,0,,,,,
2023-01-27,2023,MIA,Miami Heat,Eastern,104.15,1,BOS,108,107,1,1
2023-01-27,2023,MIL,Milwaukee Bucks,Eastern,103.95,0,,,,,
2023-01-27,2023,DEN,Denver Nuggets,Western,105.30,0,,,,,
2023-01-27,2023,GSW,Golden State Warriors,Western,100.97,1,DEN,104,124,0,-20
2023-01-27,2023,LAL,Los Angeles Lakers,Western,103.34,0,,,,,
2023-01-28,2023,BOS,Boston Celtics,Eastern,109.39,0,,,,,
2023-01-28,2023,MIA,Miami Heat,Eastern,102.76,0,,,,,
2023-01-28,2023,MIL,Milwaukee Bucks,Eastern,104.50,1,MIA,110,96,1,14
2023-01-28,2023,DEN,Denver Nuggets,Western,104.14,0,,,,,
2023-01-28,2023,GSW,Golden State Warriors,Western,103.62,0,,,,,
2023-01-28,2023,LAL,Los Angeles Lakers,Western,104.32,1,GSW,121,111,1,10
2023-01-29,2023,BOS,Boston Celtics,Eastern,110.31,1,MIA,113,103,1,10
2023-01-29,2023,MIA,Miami Heat,Eastern,102.90,0,,,,,
2023-01-29,2023,MIL,Milwaukee Bucks,Eastern,103.84,0,,,,,
2023-01-29,2023,DEN,Denver Nuggets,Western,104.17,1,GSW,108,100,1,8
2023-01-29,2023,GSW,Golden State Warriors,Western,103.26,0,,,,,
2023-01-29,2023,LAL,Los Angeles Lakers,Western,104.00,0,,,,,
2023-01-30,2023,BOS,Boston Celtics,Eastern,108.96,0,,,,,
2023-01-30,2023,MIA,Miami Heat,Eastern,104.35,1,MIL,131,101,1,30
2023-01-30,2023,MIL,Milwaukee Bucks,Eastern,102.84,0,,,,,
2023-01-30,2023,DEN,Denver Nuggets,Western,104.29,0,,,,,
2023-01-30,2023,GSW,Golden State Warriors,Western,101.30,1,LAL,101,117,0,-16
2023-01-30,2023,LAL,Los Angeles Lakers,Western,104.14,0,,,,,
2023-01-31,2023,BOS,Boston Celtics,Eastern,110.09,0,,,,,
2023-01-31,2023,MIA,Miami Heat,Eastern,103.91,0,,,,,
2023-01-31,2023,MIL,Milwaukee Bucks,Eastern,103.25,1,DEN,131,126,1,5
2023-01-31,2023,DEN,Denver Nuggets,Western,104.70,0,,,,,
2023-01-31,2023,GSW,Golden State Warriors,Western,102.52,0,,,,,
2023-01-31,2023,LAL,Los Angeles Lakers,Western,105.15,1,BOS,124,103,1,21
2023-02-01,2023,BOS,Boston Celtics,Eastern,109.99,1,MIA,120,127,0,-7
2023-02-01,2023,MIA,Miami Heat,Eastern,102.53,0,,,,,
2023-02-01,2023,MIL,Milwaukee Bucks,Eastern,103.63,0,,,,,
2023-02-01,2023,DEN,Denver Nuggets,Western,102.02,1,GSW,99,115,0,-16
2023-02-01,2023,GSW,Golden State Warriors,Western,102.42,0,,,,,
2023-02-01,2023,LAL,Los Angeles Lakers,Western,104.40,0,,,,,
2023-02-02,2023,BOS,Boston Celtics,Eastern,110.09,0,,,,,
2023-02-02,2023,MIA,Miami Heat,Eastern,103.74,1,MIL,128,120,1,8
2023-02-02,2023,MIL,Milwaukee Bucks,Eastern,101.93,0,,,,,
2023-02-02,2023,DEN,Denver Nuggets,Western,104.51,0,,,,,
2023-02-02,2023,GSW,Golden State Warriors,Western,104.08,1,LAL,130,115,1,15
2023-02-02,2023,LAL,Los Angeles Lakers,Western,105.04,0,,,,,
2023-02-03,2023,BOS,Boston Celtics,Eastern,109.08,0,,,,,
2023-02-03,2023,MIA,Miami Heat,Eastern,103.73,0,,,,,
2023-02-03,2023,MIL,Milwaukee Bucks,Eastern,101.97,1,DEN,110,116,0,-6
2023-02-03,2023,DEN,Denver Nuggets,Western,103.42,0,,,,,
2023-02-03,2023,GSW,Golden State Warriors,Western,102.50,0,,,,,
2023-02-03,2023,LAL,Los Angeles Lakers,Western,106.27,1,BOS,121,108,1,13
2023-02-04,2023,BOS,Boston Celtics,Eastern,111.37,1,MIL,111,101,1,10
2023-02-04,2023,MIA,Miami Heat,Eastern,103.55,0,,,,,
2023-02-04,2023,MIL,Milwaukee Bucks,Eastern,101.93,0,,,,,
2023-02-04,2023,DEN,Denver Nuggets,Western,102.72,1,LAL,104,120,0,-16
2023-02-04,2023,GSW,Golden State Warriors,Western,103.55,0,,,,,
2023-02-04,2023,LAL,Los Angeles Lakers,Western,105.31,0,,,,,
2023-02-05,2023,BOS,Boston Celtics,Eastern,110.08,0,,,,,
2023-02-05,2023,MIA,Miami Heat,Eastern,101.71,1,DEN,99,123,0,-24
2023-02-05,2023,MIL,Milwaukee Bucks,Eastern,101.95,0,,,,,
2023-02-05,2023,DEN,Denver Nuggets,Western,103.45,0,,,,,
2023-02-05,2023,GSW,Golden State Warriors,Western,103.36,1,BOS,109,110,0,-1
2023-02-05,2023,LAL,Los Angeles Lakers,Western,105.17,0,,,,,
2023-02-06,2023,BOS,Boston Celtics,Eastern,110.40,0,,,,,
2023-02-06,2023,MIA,Miami Heat,Eastern,103.61,0,,,,,
2023-02-06,2023,MIL,Milwaukee Bucks,Eastern,102.49,1,GSW,123,125,0,-2
2023-02-06,2023,DEN,Denver Nuggets,Western,103.29,0,,,,,
2023-02-06,2023,GSW,Golden State Warriors,Western,103.89,0,,,,,
2023-02-06,2023,LAL,Los Angeles Lakers,Western,104.04,1,MIA,102,120,0,-18
2023-02-07,2023,BOS,Boston Celtics,Eastern,111.39,1,DEN,130,101,1,29
2023-02-07,2023,MIA,Miami Heat,Eastern,103.04,0,,,,,
2023-02-07,2023,MIL,Milwaukee Bucks,Eastern,101.56,0,,,,,
2023-02-07,2023,DEN,Denver Nuggets,Western,105.29,1,BOS,129,98,1,31
2023-02-07,2023,GSW,Golden State Warriors,Western,104.00,0,,,,,
2023-02-07,2023,LAL,Los Angeles Lakers,Western,104.44,0,,,,,
2023-02-08,2023,BOS,Boston Celtics,Eastern,110.56,0,,,,,
2023-02-08,2023,MIA,Miami Heat,Eastern,101.69,1,GSW,110,125,0,-15
2023-02-08,2023,MIL,Milwaukee Bucks,Eastern,102.31,0,,,,,
2023-02-08,2023,DEN,Denver Nuggets,Western,103.93,0,,,,,
2023-02-08,2023,GSW,Golden State Warriors,Western,104.77,1,MIA,112,105,1,7
2023-02-08,2023,LAL,Los Angeles Lakers,Western,104.78,0,,,,,
2023-02-09,2023,BOS,Boston Celtics,Eastern,109.22,0,,,,,
2023-02-09,2023,MIA,Miami Heat,Eastern,103.38,0,,,,,
2023-02-09,2023,MIL,Milwaukee Bucks,Eastern,102.36,1,LAL,118,106,1,12
2023-02-09,2023,DEN,Denver Nuggets,Western,104.59,0,,,,,
2023-02-09,2023,GSW,Golden State Warriors,Western,103.45,0,,,,,
2023-02-09,2023,LAL,Los Angeles Lakers,Western,105.02,1,MIL,126,125,1,1
2023-02-10,2023,BOS,Boston Celtics,Eastern,110.82,1,GSW,119,117,1,2
2023-02-10,2023,MIA,Miami Heat,Eastern,102.08,0,,,,,
2023-02-10,2023,MIL,Milwaukee Bucks,Eastern,101.99,0,,,,,
2023-02-10,2023,DEN,Denver Nuggets,Western,105.18,1,MIA,104,98,1,6
2023-02-10,2023,GSW,Golden State Warriors,Western,104.59,0,,,,,
2023-02-10,2023,LAL,Los Angeles Lakers,Western,106.21,0,,,,,
2023-02-11,2023,BOS,Boston Celtics,Eastern,109.21,0,,,,,
2023-02-11,2023,MIA,Miami Heat,Eastern,103.75,1,LAL,129,104,1,25
2023-02-11,2023,MIL,Milwaukee Bucks,Eastern,101.29,0,,,,,
2023-02-11,2023,DEN,Denver Nuggets,Western,103.34,0,,,,,
2023-02-11,2023,GSW,Golden State Warriors,Western,104.12,1,MIL,131,127,1,4
2023-02-11,2023,LAL,Los Angeles Lakers,Western,105.05,0,,,,,
2023-02-12,2023,BOS,Boston Celtics,Eastern,110.22,0,,,,,
2023-02-12,2023,MIA,Miami Heat,Eastern,102.47,0,,,,,
2023-02-12,2023,MIL,Milwaukee Bucks,Eastern,102.75,1,BOS,125,103,1,22
2023-02-12,2023,DEN,Denver Nuggets,Western,104.11,0,,,,,
2023-02-12,2023,GSW,Golden State Warriors,Western,104.61,0,,,,,
2023-02-12,2023,LAL,Los Angeles Lakers,Western,106.90,1,DEN,122,109,1,13
2023-02-13,2023,BOS,Boston Celtics,Eastern,110.02,1,LAL,106,103,1,3
2023-02-13,2023,MIA,Miami Heat,Eastern,102.34,0,,,,,
2023-02-13,2023,MIL,Milwaukee Bucks,Eastern,101.53,0,,,,,
2023-02-13,2023,DEN,Denver Nuggets,Western,104.73,1,MIL,129,103,1,26
2023-02-13,2023,GSW,Golden State Warriors,Western,104.42,0,,,,,
2023-02-13,2023,LAL,Los Angeles Lakers,Western,106.02,0,,,,,
2023-02-14,2023,BOS,Boston Celtics,Eastern,110.45,0,,,,,
2023-02-14,2023,MIA,Miami Heat,Eastern,102.86,1,BOS,112,104,1,8
2023-02-14,2023,MIL,Milwaukee Bucks,Eastern,100.70,0,,,,,
2023-02-14,2023,DEN,Denver Nuggets,Western,104.64,0,,,,,
2023-02-14,2023,GSW,Golden State Warriors,Western,104.50,1,DEN,120,125,0,-5
2023-02-14,2023,LAL,Los Angeles Lakers,Western,106.76,0,,,,,
2023-02-15,2023,BOS,Boston Celtics,Eastern,109.16,0,,,,,
2023-02-15,2023,MIA,Miami Heat,Eastern,101.28,0,,,,,
2023-02-15,2023,MIL,Milwaukee Bucks,Eastern,101.65,1,MIA,107,96,1,11
2023-02-15,2023,DEN,Denver Nuggets,Western,103.79,0,,,,,
2023-02-15,2023,GSW,Golden State Warriors,Western,104.56,0,,,,,
2023-02-15,2023,LAL,Los Angeles Lakers,Western,104.58,1,GSW,98,124,0,-26
2023-02-16,2023,BOS,Boston Celtics,Eastern,109.54,1,MIA,108,109,0,-1
2023-02-16,2023,MIA,Miami Heat,Eastern,101.15,0,,,,,
2023-02-16,2023,MIL,Milwaukee Bucks,Eastern,100.51,0,,,,,
2023-02-16,2023,DEN,Denver Nuggets,Western,104.77,1,GSW,105,104,1,1
2023-02-16,2023,GSW,Golden State Warriors,Western,105.29,0,,,,,
2023-02-16,2023,LAL,Los Angeles Lakers,Western,105.87,0,,,,,
2023-02-17,2023,BOS,Boston Celtics,Eastern,109.67,0,,,,,
2023-02-17,2023,MIA,Miami Heat,Eastern,102.49,1,MIL,116,105,1,11
2023-02-17,2023,MIL,Milwaukee Bucks,Eastern,100.96,0,,,,,
2023-02-17,2023,DEN,Denver Nuggets,Western,103.77,0,,,,,
2023-02-17,2023,GSW,Golden State Warriors,Western,105.69,1,LAL,104,101,1,3
2023-02-17,2023,LAL,Los Angeles Lakers,Western,105.71,0,,,,,
2023-02-18,2023,BOS,Boston Celtics,Eastern,109.13,0,,,,,
2023-02-18,2023,MIA,Miami Heat,Eastern,101.48,0,,,,,
2023-02-18,2023,MIL,Milwaukee Bucks,Eastern,102.54,1,DEN,128,100,1,28
2023-02-18,2023,DEN,Denver Nuggets,Western,104.03,0,,,,,
2023-02-18,2023,GSW,Golden State Warriors,Western,105.07,0,,,,,
2023-02-18,2023,LAL,Los Angeles Lakers,Western,105.98,1,BOS,123,122,1,1
2023-02-19,2023,BOS,Boston Celtics,Eastern,110.87,1,MIA,125,113,1,12
2023-02-19,2023,MIA,Miami Heat,Eastern,101.14,0,,,,,
2023-02-19,2023,MIL,Milwaukee Bucks,Eastern,101.64,0,,,,,
2023-02-19,2023,DEN,Denver Nuggets,Western,103.80,1,GSW,118,120,0,-2
2023-02-19,2023,GSW,Golden State Warriors,Western,105.34,0,,,,,
2023-02-19,2023,LAL,Los Angeles Lakers,Western,107.27,0,,,,,
2023-02-20,2023,BOS,Boston Celtics,Eastern,108.73,0,,,,,
2023-02-20,2023,MIA,Miami Heat,Eastern,100.37,1,MIL,121,119,1,2
2023-02-20,2023,MIL,Milwaukee Bucks,Eastern,101.67,0,,,,,
2023-02-20,2023,DEN,Denver Nuggets,Western,104.80,0,,,,,
2023-02-20,2023,GSW,Golden State Warriors,Western,106.78,1,LAL,129,121,1,8
2023-02-20,2023,LAL,Los Angeles Lakers,Western,106.68,0,,,,,
2023-02-21,2023,BOS,Boston Celtics,Eastern,108.21,0,,,,,
2023-02-21,2023,MIA,Miami Heat,Eastern,100.96,0,,,,,
2023-02-21,2023,MIL,Milwaukee Bucks,Eastern,100.36,1,DEN,113,112,1,1
2023-02-21,2023,DEN,Denver Nuggets,Western,105.43,0,,,,,
2023-02-21,2023,GSW,Golden State Warriors,Western,105.09,0,,,,,
2023-02-21,2023,LAL,Los Angeles Lakers,Western,108.76,1,BOS,130,100,1,30
2023-02-22,2023,BOS,Boston Celtics,Eastern,108.21,1,MIL,118,121,0,-3
2023-02-22,2023,MIA,Miami Heat,Eastern,100.72,0,,,,,
2023-02-22,2023,MIL,Milwaukee Bucks,Eastern,100.98,0,,,,,
2023-02-22,2023,DEN,Denver Nuggets,Western,105.16,1,LAL,125,117,1,8
2023-02-22,2023,GSW,Golden State Warriors,Western,105.48,0,,,,,
2023-02-22,2023,LAL,Los Angeles Lakers,Western,106.86,0,,,,,
2023-02-23,2023,BOS,Boston Celtics,Eastern,107.79,0,,,,,
2023-02-23,2023,MIA,Miami Heat,Eastern,100.10,1,DEN,104,114,0,-10
2023-02-23,2023,MIL,Milwaukee Bucks,Eastern,100.04,0,,,,,
2023-02-23,2023,DEN,Denver Nuggets,Western,104.99,0,,,,,
2023-02-23,2023,GSW,Golden State Warriors,Western,104.06,1,BOS,98,127,0,-29
2023-02-23,2023,LAL,Los Angeles Lakers,Western,107.73,0,,,,,
2023-02-24,2023,BOS,Boston Celtics,Eastern,107.80,0,,,,,
2023-02-24,2023,MIA,Miami Heat,Eastern,100.26,0,,,,,
2023-02-24,2023,MIL,Milwaukee Bucks,Eastern,101.63,1,GSW,122,119,1,3
2023-02-24,2023,DEN,Denver Nuggets,Western,104.39,0,,,,,
2023-02-24,2023,GSW,Golden State Warriors,Western,105.78,0,,,,,
2023-02-24,2023,LAL,Los Angeles Lakers,Western,108.46,1,MIA,121,109,1,12
2023-02-25,2023,BOS,Boston Celtics,Eastern,108.07,1,DEN,120,121,0,-1
2023-02-25,2023,MIA,Miami Heat,Eastern,100.28,0,,,,,
2023-02-25,2023,MIL,Milwaukee Bucks,Eastern,100.33,0,,,,,
2023-02-25,2023,DEN,Denver Nuggets,Western,105.29,1,BOS,109,99,1,10
2023-02-25,2023,GSW,Golden State Warriors,Western,107.17,0,,,,,
2023-02-25,2023,LAL,Los Angeles Lakers,Western,108.19,0,,,,,
2023-02-26,2023,BOS,Boston Celtics,Eastern,108.72,0,,,,,
2023-02-26,2023,MIA,Miami Heat,Eastern,98.24,1,GSW,114,129,0,-15
2023-02-26,2023,MIL,Milwaukee Bucks,Eastern,101.22,0,,,,,
2023-02-26,2023,DEN,Denver Nuggets,Western,105.82,0,,,,,
2023-02-26,2023,GSW,Golden State Warriors,Western,105.21,1,MIA,104,127,0,-23
2023-02-26,2023,LAL,Los Angeles Lakers,Western,106.93,0,,,,,
2023-02-27,2023,BOS,Boston Celtics,Eastern,107.12,0,,,,,
2023-02-27,2023,MIA,Miami Heat,Eastern,100.42,0,,,,,
2023-02-27,2023,MIL,Milwaukee Bucks,Eastern,102.30,1,LAL,118,103,1,15
2023-02-27,2023,DEN,Denver Nuggets,Western,105.76,0,,,,,
2023-02-27,2023,GSW,Golden State Warriors,Western,107.48,0,,,,,
2023-02-27,2023,LAL,Los Angeles Lakers,Western,108.59,1,MIL,125,120,1,5
2023-02-28,2023,BOS,Boston Celtics,Eastern,108.21,1,GSW,105,107,0,-2
2023-02-28,2023,MIA,Miami Heat,Eastern,100.22,0,,,,,
2023-02-28,2023,MIL,Milwaukee Bucks,Eastern,100.79,0,,,,,
2023-02-28,2023,DEN,Denver Nuggets,Western,104.40,1,MIA,110,116,0,-6
2023-02-28,2023,GSW,Golden State Warriors,Western,107.02,0,,,,,
2023-02-28,2023,LAL,Los Angeles Lakers,Western,106.93,0,,,,,
2023-03-01,2023,BOS,Boston Celtics,Eastern,108.33,0,,,,,
2023-03-01,2023,MIA,Miami Heat,Eastern,101.17,1,LAL,131,106,1,25
2023-03-01,2023,MIL,Milwaukee Bucks,Eastern,100.52,0,,,,,
2023-03-01,2023,DEN,Denver Nuggets,Western,106.38,0,,,,,
2023-03-01,2023,GSW,Golden State Warriors,Western,107.14,1,MIL,125,121,1,4
2023-03-01,2023,LAL,Los Angeles Lakers,Western,107.56,0,,,,,
2023-03-02,2023,BOS,Boston Celtics,Eastern,107.15,0,,,,,
2023-03-02,2023,MIA,Miami Heat,Eastern,99.92,0,,,,,
2023-03-02,2023,MIL,Milwaukee Bucks,Eastern,102.05,1,BOS,127,103,1,24
2023-03-02,2023,DEN,Denver Nuggets,Western,105.38,0,,,,,
2023-03-02,2023,GSW,Golden State Warriors,Western,106.45,0,,,,,
2023-03-02,2023,LAL,Los Angeles Lakers,Western,108.77,1,DEN,116,100,1,16
2023-03-03,2023,BOS,Boston Celtics,Eastern,108.76,1,LAL,128,108,1,20
2023-03-03,2023,MIA,Miami Heat,Eastern,99.85,0,,,,,
2023-03-03,2023,MIL,Milwaukee Bucks,Eastern,100.21,0,,,,,
2023-03-03,2023,DEN,Denver Nuggets,Western,105.10,1,MIL,101,113,0,-12
2023-03-03,2023,GSW,Golden State Warriors,Western,107.74,0,,,,,
2023-03-03,2023,LAL,Los Angeles Lakers,Western,108.16,0,,,,,
2023-03-04,2023,BOS,Boston Celtics,Eastern,107.84,0,,,,,
2023-03-04,2023,MIA,Miami Heat,Eastern,99.65,1,BOS,108,96,1,12
2023-03-04,2023,MIL,Milwaukee Bucks,Eastern,101.94,0,,,,,
2023-03-04,2023,DEN,Denver Nuggets,Western,106.95,0,,,,,
2023-03-04,2023,GSW,Golden State Warriors,Western,109.02,1,DEN,118,109,1,9
2023-03-04,2023,LAL,Los Angeles Lakers,Western,107.59,0,,,,,
2023-03-05,2023,BOS,Boston Celtics,Eastern,106.69,0,,,,,
2023-03-05,2023,MIA,Miami Heat,Eastern,99.76,0,,,,,
2023-03-05,2023,MIL,Milwaukee Bucks,Eastern,101.37,1,MIA,124,115,1,9
2023-03-05,2023,DEN,Denver Nuggets,Western,106.30,0,,,,,
2023-03-05,2023,GSW,Golden State Warriors,Western,106.85,0,,,,,
2023-03-05,2023,LAL,Los Angeles Lakers,Western,107.81,1,GSW,115,105,1,10
2023-03-06,2023,BOS,Boston Celtics,Eastern,108.53,1,MIA,125,97,1,28
2023-03-06,2023,MIA,Miami Heat,Eastern,99.69,0,,,,,
2023-03-06,2023,MIL,Milwaukee Bucks,Eastern,100.35,0,,,,,
2023-03-06,2023,DEN,Denver Nuggets,Western,107.38,1,GSW,118,97,1,21
2023-03-06,2023,GSW,Golden State Warriors,Western,107.99,0,,,,,
2023-03-06,2023,LAL,Los Angeles Lakers,Western,107.07,0,,,,,
2023-03-07,2023,BOS,Boston Celtics,Eastern,107.55,0,,,,,
2023-03-07,2023,MIA,Miami Heat,Eastern,97.38,1,MIL,102,120,0,-18
2023-03-07,2023,MIL,Milwaukee Bucks,Eastern,100.58,0,,,,,
2023-03-07,2023,DEN,Denver Nuggets,Western,106.38,0,,,,,
2023-03-07,2023,GSW,Golden State Warriors,Western,106.30,1,LAL,106,122,0,-16
2023-03-07,2023,LAL,Los Angeles Lakers,Western,108.04,0,,,,,
2023-03-08,2023,BOS,Boston Celtics,Eastern,106.02,0,,,,,
2023-03-08,2023,MIA,Miami Heat,Eastern,99.78,0,,,,,
2023-03-08,2023,MIL,Milwaukee Bucks,Eastern,101.06,1,DEN,112,122,0,-10
2023-03-08,2023,DEN,Denver Nuggets,Western,107.45,0,,,,,
2023-03-08,2023,GSW,Golden State Warriors,Western,107.95,0,,,,,
2023-03-08,2023,LAL,Los Angeles Lakers,Western,108.15,1,BOS,117,108,1,9
2023-03-09,2023,BOS,Boston Celtics,Eastern,108.48,1,MIA,129,102,1,27
2023-03-09,2023,MIA,Miami Heat,Eastern,99.22,0,,,,,
2023-03-09,2023,MIL,Milwaukee Bucks,Eastern,101.78,0,,,,,
2023-03-09,2023,DEN,Denver Nuggets,Western,106.03,1,GSW,100,117,0,-17
2023-03-09,2023,GSW,Golden State Warriors,Western,108.66,0,,,,,
2023-03-09,2023,LAL,Los Angeles Lakers,Western,108.10,0,,,,,
2023-03-10,2023,BOS,Boston Celtics,Eastern,105.32,0,,,,,
2023-03-10,2023,MIA,Miami Heat,Eastern,99.24,1,MIL,115,116,0,-1
2023-03-10,2023,MIL,Milwaukee Bucks,Eastern,100.89,0,,,,,
2023-03-10,2023,DEN,Denver Nuggets,Western,107.35,0,,,,,
2023-03-10,2023,GSW,Golden State Warriors,Western,109.85,1,LAL,111,99,1,12
2023-03-10,2023,LAL,Los Angeles Lakers,Western,107.59,0,,,,,
2023-03-11,2023,BOS,Boston Celtics,Eastern,106.29,0,,,,,
2023-03-11,2023,MIA,Miami Heat,Eastern,99.93,0,,,,,
2023-03-11,2023,MIL,Milwaukee Bucks,Eastern,102.40,1,DEN,113,112,1,1
2023-03-11,2023,DEN,Denver Nuggets,Western,107.22,0,,,,,
2023-03-11,2023,GSW,Golden State Warriors,Western,109.14,0,,,,,
2023-03-11,2023,LAL,Los Angeles Lakers,Western,106.96,1,BOS,120,117,1,3
2023-03-12,2023,BOS,Boston Celtics,Eastern,106.79,1,MIL,126,107,1,19
2023-03-12,2023,MIA,Miami Heat,Eastern,99.86,0,,,,,
2023-03-12,2023,MIL,Milwaukee Bucks,Eastern,101.28,0,,,,,
2023-03-12,2023,DEN,Denver Nuggets,Western,108.23,1,LAL,127,117,1,10
2023-03-12,2023,GSW,Golden State Warriors,Western,108.02,0,,,,,
2023-03-12,2023,LAL,Los Angeles Lakers,Western,107.06,0,,,,,
2023-03-13,2023,BOS,Boston Celtics,Eastern,104.99,0,,,,,
2023-03-13,2023,MIA,Miami Heat,Eastern,100.21,1,DEN,130,104,1,26
2023-03-13,2023,MIL,Milwaukee Bucks,Eastern,101.96,0,,,,,
2023-03-13,2023,DEN,Denver Nuggets,Western,107.17,0,,,,,
2023-03-13,2023,GSW,Golden State Warriors,Western,110.41,1,BOS,120,106,1,14
2023-03-13,2023,LAL,Los Angeles Lakers,Western,107.63,0,,,,,
2023-03-14,2023,BOS,Boston Celtics,Eastern,105.20,0,,,,,
2023-03-14,2023,MIA,Miami Heat,Eastern,98.64,0,,,,,
2023-03-14,2023,MIL,Milwaukee Bucks,Eastern,102.03,1,GSW,110,119,0,-9
2023-03-14,2023,DEN,Denver Nuggets,Western,109.02,0,,,,,
2023-03-14,2023,GSW,Golden State Warriors,Western,108.09,0,,,,,
2023-03-14,2023,LAL,Los Angeles Lakers,Western,105.70,1,MIA,109,127,0,-18
2023-03-15,2023,BOS,Boston Celtics,Eastern,106.16,1,DEN,125,96,1,29
2023-03-15,2023,MIA,Miami Heat,Eastern,98.85,0,,,,,
2023-03-15,2023,MIL,Milwaukee Bucks,Eastern,102.10,0,,,,,
2023-03-15,2023,DEN,Denver Nuggets,Western,107.38,1,BOS,124,129,0,-5
2023-03-15,2023,GSW,Golden State Warriors,Western,108.06,0,,,,,
2023-03-15,2023,LAL,Los Angeles Lakers,Western,107.18,0,,,,,
2023-03-16,2023,BOS,Boston Celtics,Eastern,105.49,0,,,,,
2023-03-16,2023,MIA,Miami Heat,Eastern,97.15,1,GSW,103,117,0,-14
2023-03-16,2023,MIL,Milwaukee Bucks,Eastern,101.65,0,,,,,
2023-03-16,2023,DEN,Denver Nuggets,Western,109.41,0,,,,,
2023-03-16,2023,GSW,Golden State Warriors,Western,109.35,1,MIA,129,112,1,17
2023-03-16,2023,LAL,Los Angeles Lakers,Western,106.96,0,,,,,
2023-03-17,2023,BOS,Boston Celtics,Eastern,106.09,0,,,,,
2023-03-17,2023,MIA,Miami Heat,Eastern,98.29,0,,,,,
2023-03-17,2023,MIL,Milwaukee Bucks,Eastern,103.05,1,LAL,112,97,1,15
2023-03-17,2023,DEN,Denver Nuggets,Western,108.35,0,,,,,
2023-03-17,2023,GSW,Golden State Warriors,Western,107.94,0,,,,,
2023-03-17,2023,LAL,Los Angeles Lakers,Western,106.48,1,MIL,99,107,0,-8
2023-03-18,2023,BOS,Boston Celtics,Eastern,105.26,1,GSW,121,120,1,1
2023-03-18,2023,MIA,Miami Heat,Eastern,99.40,0,,,,,
2023-03-18,2023,MIL,Milwaukee Bucks,Eastern,102.01,0,,,,,
2023-03-18,2023,DEN,Denver Nuggets,Western,109.44,1,MIA,116,109,1,7
2023-03-18,2023,GSW,Golden State Warriors,Western,109.41,0,,,,,
2023-03-18,2023,LAL,Los Angeles Lakers,Western,105.98,0,,,,,
2023-03-19,2023,BOS,Boston Celtics,Eastern,105.29,0,,,,,
2023-03-19,2023,MIA,Miami Heat,Eastern,98.14,1,LAL,99,123,0,-24
2023-03-19,2023,MIL,Milwaukee Bucks,Eastern,102.22,0,,,,,
2023-03-19,2023,DEN,Denver Nuggets,Western,109.53,0,,,,,
2023-03-19,2023,GSW,Golden State Warriors,Western,108.01,1,MIL,121,130,0,-9
2023-03-19,2023,LAL,Los Angeles Lakers,Western,106.41,0,,,,,
2023-03-20,2023,BOS,Boston Celtics,Eastern,103.98,0,,,,,
2023-03-20,2023,MIA,Miami Heat,Eastern,99.64,0,,,,,
2023-03-20,2023,MIL,Milwaukee Bucks,Eastern,104.52,1,BOS,123,111,1,12
2023-03-20,2023,DEN,Denver Nuggets,Western,108.50,0,,,,,
2023-03-20,2023,GSW,Golden State Warriors,Western,109.51,0,,,,,
2023-03-20,2023,LAL,Los Angeles Lakers,Western,105.60,1,DEN,124,125,0,-1
2023-03-21,2023,BOS,Boston Celtics,Eastern,104.32,1,LAL,118,129,0,-11
2023-03-21,2023,MIA,Miami Heat,Eastern,98.73,0,,,,,
2023-03-21,2023,MIL,Milwaukee Bucks,Eastern,102.42,0,,,,,
2023-03-21,2023,DEN,Denver Nuggets,Western,107.74,1,MIL,99,126,0,-27
2023-03-21,2023,GSW,Golden State Warriors,Western,108.73,0,,,,,
2023-03-21,2023,LAL,Los Angeles Lakers,Western,107.17,0,,,,,
2023-03-22,2023,BOS,Boston Celtics,Eastern,104.48,0,,,,,
2023-03-22,2023,MIA,Miami Heat,Eastern,100.12,1,BOS,104,100,1,4
2023-03-22,2023,MIL,Milwaukee Bucks,Eastern,103.18,0,,,,,
2023-03-22,2023,DEN,Denver Nuggets,Western,109.39,0,,,,,
2023-03-22,2023,GSW,Golden State Warriors,Western,106.89,1,DEN,106,128,0,-22
2023-03-22,2023,LAL,Los Angeles Lakers,Western,105.40,0,,,,,
2023-03-23,2023,BOS,Boston Celtics,Eastern,104.98,0,,,,,
2023-03-23,2023,MIA,Miami Heat,Eastern,98.76,0,,,,,
2023-03-23,2023,MIL,Milwaukee Bucks,Eastern,102.00,1,MIA,98,114,0,-16
2023-03-23,2023,DEN,Denver Nuggets,Western,109.46,0,,,,,
2023-03-23,2023,GSW,Golden State Warriors,Western,107.78,0,,,,,
2023-03-23,2023,LAL,Los Angeles Lakers,Western,105.95,1,GSW,127,126,1,1
2023-03-24,2023,BOS,Boston Celtics,Eastern,103.55,1,MIA,105,122,0,-17
2023-03-24,2023,MIA,Miami Heat,Eastern,98.68,0,,,,,
2023-03-24,2023,MIL,Milwaukee Bucks,Eastern,104.51,0,,,,,
2023-03-24,2023,DEN,Denver Nuggets,Western,111.57,1,GSW,114,96,1,18
2023-03-24,2023,GSW,Golden State Warriors,Western,108.18,0,,,,,
2023-03-24,2023,LAL,Los Angeles Lakers,Western,105.60,0,,,,,
2023-03-25,2023,BOS,Boston Celtics,Eastern,104.75,0,,,,,
2023-03-25,2023,MIA,Miami Heat,Eastern,100.13,1,MIL,117,101,1,16
2023-03-25,2023,MIL,Milwaukee Bucks,Eastern,104.17,0,,,,,
2023-03-25,2023,DEN,Denver Nuggets,Western,109.42,0,,,,,
2023-03-25,2023,GSW,Golden State Warriors,Western,109.37,1,LAL,131,101,1,30
2023-03-25,2023,LAL,Los Angeles Lakers,Western,106.44,0,,,,,
2023-03-26,2023,BOS,Boston Celtics,Eastern,104.23,0,,,,,
2023-03-26,2023,MIA,Miami Heat,Eastern,100.01,0,,,,,
2023-03-26,2023,MIL,Milwaukee Bucks,Eastern,105.41,1,DEN,117,111,1,6
2023-03-26,2023,DEN,Denver Nuggets,Western,109.87,0,,,,,
2023-03-26,2023,GSW,Golden State Warriors,Western,108.77,0,,,,,
2023-03-26,2023,LAL,Los Angeles Lakers,Western,106.79,1,BOS,126,102,1,24
2023-03-27,2023,BOS,Boston Celtics,Eastern,103.60,1,MIA,107,109,0,-2
2023-03-27,2023,MIA,Miami Heat,Eastern,99.94,0,,,,,
2023-03-27,2023,MIL,Milwaukee Bucks,Eastern,103.98,0,,,,,
2023-03-27,2023,DEN,Denver Nuggets,Western,109.13,1,GSW,112,111,1,1
2023-03-27,2023,GSW,Golden State Warriors,Western,108.88,0,,,,,
2023-03-27,2023,LAL,Los Angeles Lakers,Western,105.99,0,,,,,
2023-03-28,2023,BOS,Boston Celtics,Eastern,103.84,0,,,,,
2023-03-28,2023,MIA,Miami Heat,Eastern,99.50,1,MIL,123,125,0,-2
2023-03-28,2023,MIL,Milwaukee Bucks,Eastern,104.48,0,,,,,
2023-03-28,2023,DEN,Denver Nuggets,Western,109.18,0,,,,,
2023-03-28,2023,GSW,Golden State Warriors,Western,107.65,1,LAL,101,107,0,-6
2023-03-28,2023,LAL,Los Angeles Lakers,Western,104.90,0,,,,,
2023-03-29,2023,BOS,Boston Celtics,Eastern,103.80,0,,,,,
2023-03-29,2023,MIA,Miami Heat,Eastern,99.77,0,,,,,
2023-03-29,2023,MIL,Milwaukee Bucks,Eastern,103.66,1,DEN,107,128,0,-21
2023-03-29,2023,DEN,Denver Nuggets,Western,109.30,0,,,,,
2023-03-29,2023,GSW,Golden State Warriors,Western,108.12,0,,,,,
2023-03-29,2023,LAL,Los Angeles Lakers,Western,105.91,1,BOS,116,100,1,16
2023-03-30,2023,BOS,Boston Celtics,Eastern,104.63,1,MIL,124,115,1,9
2023-03-30,2023,MIA,Miami Heat,Eastern,100.40,0,,,,,
2023-03-30,2023,MIL,Milwaukee Bucks,Eastern,104.14,0,,,,,
2023-03-30,2023,DEN,Denver Nuggets,Western,108.99,1,LAL,105,125,0,-20
2023-03-30,2023,GSW,Golden State Warriors,Western,108.89,0,,,,,
2023-03-30,2023,LAL,Los Angeles Lakers,Western,105.59,0,,,,,
2023-03-31,2023,BOS,Boston Celtics,Eastern,104.80,0,,,,,
2023-03-31,2023,MIA,Miami Heat,Eastern,102.00,1,DEN,114,101,1,13
2023-03-31,2023,MIL,Milwaukee Bucks,Eastern,104.89,0,,,,,
2023-03-31,2023,DEN,Denver Nuggets,Western,111.08,0,,,,,
2023-03-31,2023,GSW,Golden State Warriors,Western,110.15,1,BOS,116,97,1,19
2023-03-31,2023,LAL,Los Angeles Lakers,Western,105.02,0,,,,,
2023-04-01,2023,BOS,Boston Celtics,Eastern,103.61,0,,,,,
2023-04-01,2023,MIA,Miami Heat,Eastern,100.55,0,,,,,
2023-04-01,2023,MIL,Milwaukee Bucks,Eastern,104.13,1,GSW,106,117,0,-11
2023-04-01,2023,DEN,Denver Nuggets,Western,109.91,0,,,,,
2023-04-01,2023,GSW,Golden State Warriors,Western,108.35,0,,,,,
2023-04-01,2023,LAL,Los Angeles Lakers,Western,105.65,1,MIA,127,118,1,9
2023-04-02,2023,BOS,Boston Celtics,Eastern,106.34,1,DEN,125,107,1,18
2023-04-02,2023,MIA,Miami Heat,Eastern,101.20,0,,,,,
2023-04-02,2023,MIL,Milwaukee Bucks,Eastern,105.13,0,,,,,
2023-04-02,2023,DEN,Denver Nuggets,Western,108.76,1,BOS,114,128,0,-14
2023-04-02,2023,GSW,Golden State Warriors,Western,107.33,0,,,,,
2023-04-02,2023,LAL,Los Angeles Lakers,Western,104.15,0,,,,,
2023-04-03,2023,BOS,Boston Celtics,Eastern,104.66,0,,,,,
2023-04-03,2023,MIA,Miami Heat,Eastern,101.58,1,GSW,113,96,1,17
2023-04-03,2023,MIL,Milwaukee Bucks,Eastern,105.76,0,,,,,
2023-04-03,2023,DEN,Denver Nuggets,Western,110.97,0,,,,,
2023-04-03,2023,GSW,Golden State Warriors,Western,109.42,1,MIA,127,107,1,20
2023-04-03,2023,LAL,Los Angeles Lakers,Western,104.95,0,,,,,
2023-04-04,2023,BOS,Boston Celtics,Eastern,104.45,0,,,,,
2023-04-04,2023,MIA,Miami Heat,Eastern,100.71,0,,,,,
2023-04-04,2023,MIL,Milwaukee Bucks,Eastern,105.79,1,LAL,123,115,1,8
2023-04-04,2023,DEN,Denver Nuggets,Western,110.48,0,,,,,
2023-04-04,2023,GSW,Golden State Warriors,Western,108.41,0,,,,,
2023-04-04,2023,LAL,Los Angeles Lakers,Western,103.51,1,MIL,118,129,0,-11
2023-04-05,2023,BOS,Boston Celtics,Eastern,105.32,1,GSW,124,100,1,24
2023-04-05,2023,MIA,Miami Heat,Eastern,100.45,0,,,,,
2023-04-05,2023,MIL,Milwaukee Bucks,Eastern,105.60,0,,,,,
2023-04-05,2023,DEN,Denver Nuggets,Western,109.71,1,MIA,117,125,0,-8
2023-04-05,2023,GSW,Golden State Warriors,Western,106.91,0,,,,,
2023-04-05,2023,LAL,Los Angeles Lakers,Western,103.89,0,,,,,
2023-04-06,2023,BOS,Boston Celtics,Eastern,104.85,0,,,,,
2023-04-06,2023,MIA,Miami Heat,Eastern,102.25,1,LAL,131,123,1,8
2023-04-06,2023,MIL,Milwaukee Bucks,Eastern,104.77,0,,,,,
2023-04-06,2023,DEN,Denver Nuggets,Western,110.85,0,,,,,
2023-04-06,2023,GSW,Golden State Warriors,Western,107.68,1,MIL,107,109,0,-2
2023-04-06,2023,LAL,Los Angeles Lakers,Western,104.12,0,,,,,
2023-04-07,2023,BOS,Boston Celtics,Eastern,104.13,0,,,,,
2023-04-07,2023,MIA,Miami Heat,Eastern,100.53,0,,,,,
2023-04-07,2023,MIL,Milwaukee Bucks,Eastern,104.99,1,BOS,109,128,0,-19
2023-04-07,2023,DEN,Denver Nuggets,Western,110.51,0,,,,,
2023-04-07,2023,GSW,Golden State Warriors,Western,107.16,0,,,,,
2023-04-07,2023,LAL,Los Angeles Lakers,Western,104.86,1,DEN,126,122,1,4
2023-04-08,2023,BOS,Boston Celtics,Eastern,103.63,1,LAL,106,122,0,-16
2023-04-08,2023,MIA,Miami Heat,Eastern,102.06,0,,,,,
2023-04-08,2023,MIL,Milwaukee Bucks,Eastern,106.05,0,,,,,
2023-04-08,2023,DEN,Denver Nuggets,Western,112.65,1,MIL,127,103,1,24
2023-04-08,2023,GSW,Golden State Warriors,Western,106.68,0,,,,,
2023-04-08,2023,LAL,Los Angeles Lakers,Western,103.98,0,,,,,
2023-04-09,2023,BOS,Boston Celtics,Eastern,104.67,0,,,,,
2023-04-09,2023,MIA,Miami Heat,Eastern,100.66,1,BOS,112,114,0,-2
2023-04-09,2023,MIL,Milwaukee Bucks,Eastern,105.91,0,,,,,
2023-04-09,2023,DEN,Denver Nuggets,Western,110.28,0,,,,,
2023-04-09,2023,GSW,Golden State Warriors,Western,109.68,1,DEN,130,98,1,32
2023-04-09,2023,LAL,Los Angeles Lakers,Western,105.09,0,,,,,
2023-04-10,2023,BOS,Boston Celtics,Eastern,105.61,0,,,,,
2023-04-10,2023,MIA,Miami Heat,Eastern,102.15,0,,,,,
2023-04-10,2023,MIL,Milwaukee Bucks,Eastern,106.97,1,MIA,124,115,1,9
2023-04-10,2023,DEN,Denver Nuggets,Western,110.37,0,,,,,
2023-04-10,2023,GSW,Golden State Warriors,Western,108.03,0,,,,,
2023-04-10,2023,LAL,Los Angeles Lakers,Western,102.62,1,GSW,101,111,0,-10
2023-04-11,2023,BOS,Boston Celtics,Eastern,106.32,1,MIA,121,107,1,14
2023-04-11,2023,MIA,Miami Heat,Eastern,101.78,0,,,,,
2023-04-11,2023,MIL,Milwaukee Bucks,Eastern,105.68,0,,,,,
2023-04-11,2023,DEN,Denver Nuggets,Western,111.28,1,GSW,130,114,1,16
2023-04-11,2023,GSW,Golden State Warriors,Western,107.37,0,,,,,
2023-04-11,2023,LAL,Los Angeles Lakers,Western,103.78,0,,,,,
2023-04-12,2023,BOS,Boston Celtics,Eastern,105.50,0,,,,,
2023-04-12,2023,MIA,Miami Heat,Eastern,102.41,1,MIL,111,102,1,9
2023-04-12,2023,MIL,Milwaukee Bucks,Eastern,106.37,0,,,,,
2023-04-12,2023,DEN,Denver Nuggets,Western,109.85,0,,,,,
2023-04-12,2023,GSW,Golden State Warriors,Western,107.45,1,LAL,127,117,1,10
2023-04-12,2023,LAL,Los Angeles Lakers,Western,104.52,0,,,,,
2023-04-13,2023,BOS,Boston Celtics,Eastern,106.04,0,,,,,
2023-04-13,2023,MIA,Miami Heat,Eastern,101.31,0,,,,,
2023-04-13,2023,MIL,Milwaukee Bucks,Eastern,107.49,1,DEN,127,96,1,31
2023-04-13,2023,DEN,Denver Nuggets,Western,110.25,0,,,,,
2023-04-13,2023,GSW,Golden State Warriors,Western,107.06,0,,,,,
2023-04-13,2023,LAL,Los Angeles Lakers,Western,102.86,1,BOS,98,103,0,-5
2023-04-14,2023,BOS,Boston Celtics,Eastern,105.67,1,MIA,120,115,1,5
2023-04-14,2023,MIA,Miami Heat,Eastern,102.30,0,,,,,
2023-04-14,2023,MIL,Milwaukee Bucks,Eastern,105.60,0,,,,,
2023-04-14,2023,DEN,Denver Nuggets,Western,109.43,1,GSW,105,106,0,-1
2023-04-14,2023,GSW,Golden State Warriors,Western,106.63,0,,,,,
2023-04-14,2023,LAL,Los Angeles Lakers,Western,104.92,0,,,,,
2023-04-15,2023,BOS,Boston Celtics,Eastern,104.61,0,,,,,
2023-04-15,2023,MIA,Miami Heat,Eastern,103.49,1,MIL,130,118,1,12
2023-04-15,2023,MIL,Milwaukee Bucks,Eastern,105.84,0,,,,,
2023-04-15,2023,DEN,Denver Nuggets,Western,109.69,0,,,,,
2023-04-15,2023,GSW,Golden State Warriors,Western,106.26,1,LAL,98,117,0,-19
2023-04-15,2023,LAL,Los Angeles Lakers,Western,104.15,0,,,,,
2023-04-16,2023,BOS,Boston Celtics,Eastern,105.06,0,,,,,
2023-04-16,2023,MIA,Miami Heat,Eastern,102.64,0,,,,,
2023-04-16,2023,MIL,Milwaukee Bucks,Eastern,106.94,1,DEN,121,120,1,1
2023-04-16,2023,DEN,Denver Nuggets,Western,110.91,0,,,,,
2023-04-16,2023,GSW,Golden State Warriors,Western,106.69,0,,,,,
2023-04-16,2023,LAL,Los Angeles Lakers,Western,103.52,1,BOS,125,124,1,1
2023-04-17,2023,BOS,Boston Celtics,Eastern,103.87,1,MIL,108,121,0,-13
2023-04-17,2023,MIA,Miami Heat,Eastern,102.11,0,,,,,
2023-04-17,2023,MIL,Milwaukee Bucks,Eastern,106.55,0,,,,,
2023-04-17,2023,DEN,Denver Nuggets,Western,112.17,1,LAL,125,107,1,18
2023-04-17,2023,GSW,Golden State Warriors,Western,106.27,0,,,,,
2023-04-17,2023,LAL,Los Angeles Lakers,Western,104.11,0,,,,,
2023-04-18,2023,BOS,Boston Celtics,Eastern,106.61,0,,,,,
2023-04-18,2023,MIA,Miami Heat,Eastern,102.90,1,DEN,108,115,0,-7
2023-04-18,2023,MIL,Milwaukee Bucks,Eastern,105.41,0,,,,,
2023-04-18,2023,DEN,Denver Nuggets,Western,110.09,0,,,,,
2023-04-18,2023,GSW,Golden State Warriors,Western,108.46,1,BOS,120,106,1,14
2023-04-18,2023,LAL,Los Angeles Lakers,Western,104.51,0,,,,,
2023-04-19,2023,BOS,Boston Celtics,Eastern,105.88,0,,,,,
2023-04-19,2023,MIA,Miami Heat,Eastern,103.23,0,,,,,
2023-04-19,2023,MIL,Milwaukee Bucks,Eastern,107.87,1,GSW,122,98,1,24
2023-04-19,2023,DEN,Denver Nuggets,Western,109.82,0,,,,,
2023-04-19,2023,GSW,Golden State Warriors,Western,105.85,0,,,,,
2023-04-19,2023,LAL,Los Angeles Lakers,Western,105.40,1,MIA,125,98,1,27
2023-04-20,2023,BOS,Boston Celtics,Eastern,107.00,1,DEN,119,113,1,6
2023-04-20,2023,MIA,Miami Heat,Eastern,102.29,0,,,,,
2023-04-20,2023,MIL,Milwaukee Bucks,Eastern,106.48,0,,,,,
2023-04-20,2023,DEN,Denver Nuggets,Western,109.57,1,BOS,124,129,0,-5
2023-04-20,2023,GSW,Golden State Warriors,Western,107.35,0,,,,,
2023-04-20,2023,LAL,Los Angeles Lakers,Western,104.50,0,,,,,
2023-04-21,2023,BOS,Boston Celtics,Eastern,105.50,0,,,,,
2023-04-21,2023,MIA,Miami Heat,Eastern,105.17,1,GSW,121,100,1,21
2023-04-21,2023,MIL,Milwaukee Bucks,Eastern,106.09,0,,,,,
2023-04-21,2023,DEN,Denver Nuggets,Western,109.32,0,,,,,
2023-04-21,2023,GSW,Golden State Warriors,Western,105.66,1,MIA,99,105,0,-6
2023-04-21,2023,LAL,Los Angeles Lakers,Western,103.18,0,,,,,
2023-04-22,2023,BOS,Boston Celtics,Eastern,106.87,0,,,,,
2023-04-22,2023,MIA,Miami Heat,Eastern,103.78,0,,,,,
2023-04-22,2023,MIL,Milwaukee Bucks,Eastern,106.11,1,LAL,108,107,1,1
2023-04-22,2023,DEN,Denver Nuggets,Western,109.90,0,,,,,
2023-04-22,2023,GSW,Golden State Warriors,Western,106.45,0,,,,,
2023-04-22,2023,LAL,Los Angeles Lakers,Western,105.29,1,MIL,116,102,1,14
2023-04-23,2023,BOS,Boston Celtics,Eastern,107.69,1,GSW,106,99,1,7
2023-04-23,2023,MIA,Miami Heat,Eastern,103.83,0,,,,,
2023-04-23,2023,MIL,Milwaukee Bucks,Eastern,106.45,0,,,,,
2023-04-23,2023,DEN,Denver Nuggets,Western,109.33,1,MIA,109,110,0,-1
2023-04-23,2023,GSW,Golden State Warriors,Western,105.80,0,,,,,
2023-04-23,2023,LAL,Los Angeles Lakers,Western,103.96,0,,,,,
2023-04-24,2023,BOS,Boston Celtics,Eastern,107.13,0,,,,,
2023-04-24,2023,MIA,Miami Heat,Eastern,100.72,1,LAL,100,130,0,-30
2023-04-24,2023,MIL,Milwaukee Bucks,Eastern,105.73,0,,,,,
2023-04-24,2023,DEN,Denver Nuggets,Western,108.93,0,,,,,
2023-04-24,2023,GSW,Golden State Warriors,Western,107.48,1,MIL,120,106,1,14
2023-04-24,2023,LAL,Los Angeles Lakers,Western,103.66,0,,,,,
2023-04-25,2023,BOS,Boston Celtics,Eastern,105.78,0,,,,,
2023-04-25,2023,MIA,Miami Heat,Eastern,104.00,0,,,,,
2023-04-25,2023,MIL,Milwaukee Bucks,Eastern,107.43,1,BOS,128,110,1,18
2023-04-25,2023,DEN,Denver Nuggets,Western,109.09,0,,,,,
2023-04-25,2023,GSW,Golden State Warriors,Western,107.19,0,,,,,
2023-04-25,2023,LAL,Los Angeles Lakers,Western,104.34,1,DEN,107,98,1,9
2023-04-26,2023,BOS,Boston Celtics,Eastern,107.95,1,LAL,130,108,1,22
2023-04-26,2023,MIA,Miami Heat,Eastern,102.41,0,,,,,
2023-04-26,2023,MIL,Milwaukee Bucks,Eastern,105.60,0,,,,,
2023-04-26,2023,DEN,Denver Nuggets,Western,109.57,1,MIL,109,116,0,-7
2023-04-26,2023,GSW,Golden State Warriors,Western,105.95,0,,,,,
2023-04-26,2023,LAL,Los Angeles Lakers,Western,104.46,0,,,,,
2023-04-27,2023,BOS,Boston Celtics,Eastern,107.39,0,,,,,
2023-04-27,2023,MIA,Miami Heat,Eastern,103.56,1,BOS,114,115,0,-1
2023-04-27,2023,MIL,Milwaukee Bucks,Eastern,106.07,0,,,,,
2023-04-27,2023,DEN,Denver Nuggets,Western,109.27,0,,,,,
2023-04-27,2023,GSW,Golden State Warriors,Western,108.05,1,DEN,122,98,1,24
2023-04-27,2023,LAL,Los Angeles Lakers,Western,104.48,0,,,,,
2023-04-28,2023,BOS,Boston Celtics,Eastern,106.82,0,,,,,
2023-04-28,2023,MIA,Miami Heat,Eastern,103.29,0,,,,,
2023-04-28,2023,MIL,Milwaukee Bucks,Eastern,105.68,1,MIA,120,115,1,5
2023-04-28,2023,DEN,Denver Nuggets,Western,109.20,0,,,,,
2023-04-28,2023,GSW,Golden State Warriors,Western,106.14,0,,,,,
2023-04-28,2023,LAL,Los Angeles Lakers,Western,105.18,1,GSW,113,96,1,17
2023-04-29,2023,BOS,Boston Celtics,Eastern,105.13,1,MIA,113,130,0,-17
2023-04-29,2023,MIA,Miami Heat,Eastern,103.78,0,,,,,
2023-04-29,2023,MIL,Milwaukee Bucks,Eastern,106.63,0,,,,,
2023-04-29,2023,DEN,Denver Nuggets,Western,108.34,1,GSW,100,120,0,-20
2023-04-29,2023,GSW,Golden State Warriors,Western,106.58,0,,,,,
2023-04-29,2023,LAL,Los Angeles Lakers,Western,104.82,0,,,,,
2023-04-30,2023,BOS,Boston Celtics,Eastern,106.88,0,,,,,
2023-04-30,2023,MIA,Miami Heat,Eastern,103.47,1,MIL,125,120,1,5
2023-04-30,2023,MIL,Milwaukee Bucks,Eastern,106.37,0,,,,,
2023-04-30,2023,DEN,Denver Nuggets,Western,108.68,0,,,,,
2023-04-30,2023,GSW,Golden State Warriors,Western,106.76,1,LAL,107,111,0,-4
2023-04-30,2023,LAL,Los Angeles Lakers,Western,103.52,0,,,,,
2023-05-01,2023,BOS,Boston Celtics,Eastern,106.51,0,,,,,
2023-05-01,2023,MIA,Miami Heat,Eastern,102.48,0,,,,,
2023-05-01,2023,MIL,Milwaukee Bucks,Eastern,105.49,1,DEN,127,123,1,4
2023-05-01,2023,DEN,Denver Nuggets,Western,108.66,0,,,,,
2023-05-01,2023,GSW,Golden State Warriors,Western,107.29,0,,,,,
2023-05-01,2023,LAL,Los Angeles Lakers,Western,105.32,1,BOS,112,105,1,7
2023-05-02,2023,BOS,Boston Celtics,Eastern,107.62,1,MIA,122,110,1,12
2023-05-02,2023,MIA,Miami Heat,Eastern,103.62,0,,,,,
2023-05-02,2023,MIL,Milwaukee Bucks,Eastern,106.27,0,,,,,
2023-05-02,2023,DEN,Denver Nuggets,Western,111.00,1,GSW,127,110,1,17
2023-05-02,2023,GSW,Golden State Warriors,Western,106.38,0,,,,,
2023-05-02,2023,LAL,Los Angeles Lakers,Western,105.04,0,,,,,
2023-05-03,2023,BOS,Boston Celtics,Eastern,106.38,0,,,,,
2023-05-03,2023,MIA,Miami Heat,Eastern,104.24,1,MIL,127,126,1,1
2023-05-03,2023,MIL,Milwaukee Bucks,Eastern,106.86,0,,,,,
2023-05-03,2023,DEN,Denver Nuggets,Western,109.79,0,,,,,
2023-05-03,2023,GSW,Golden State Warriors,Western,106.05,1,LAL,102,109,0,-7
2023-05-03,2023,LAL,Los Angeles Lakers,Western,103.63,0,,,,,
2023-05-04,2023,BOS,Boston Celtics,Eastern,107.28,0,,,,,
2023-05-04,2023,MIA,Miami Heat,Eastern,103.78,0,,,,,
2023-05-04,2023,MIL,Milwaukee Bucks,Eastern,105.06,1,DEN,122,127,0,-5
2023-05-04,2023,DEN,Denver Nuggets,Western,109.83,0,,,,,
2023-05-04,2023,GSW,Golden State Warriors,Western,105.73,0,,,,,
2023-05-04,2023,LAL,Los Angeles Lakers,Western,103.78,1,BOS,99,110,0,-11
2023-05-05,2023,BOS,Boston Celtics,Eastern,107.40,1,MIL,131,130,1,1
2023-05-05,2023,MIA,Miami Heat,Eastern,103.87,0,,,,,
2023-05-05,2023,MIL,Milwaukee Bucks,Eastern,106.16,0,,,,,
2023-05-05,2023,DEN,Denver Nuggets,Western,107.47,1,LAL,102,114,0,-12
2023-05-05,2023,GSW,Golden State Warriors,Western,106.96,0,,,,,
2023-05-05,2023,LAL,Los Angeles Lakers,Western,105.23,0,,,,,
2023-05-06,2023,BOS,Boston Celtics,Eastern,107.51,0,,,,,
2023-05-06,2023,MIA,Miami Heat,Eastern,104.63,1,DEN,120,112,1,8
2023-05-06,2023,MIL,Milwaukee Bucks,Eastern,106.57,0,,,,,
2023-05-06,2023,DEN,Denver Nuggets,Western,108.64,0,,,,,
2023-05-06,2023,GSW,Golden State Warriors,Western,106.01,1,BOS,131,130,1,1
2023-05-06,2023,LAL,Los Angeles Lakers,Western,104.87,0,,,,,
2023-05-07,2023,BOS,Boston Celtics,Eastern,106.71,0,,,,,
2023-05-07,2023,MIA,Miami Heat,Eastern,103.59,0,,,,,
2023-05-07,2023,MIL,Milwaukee Bucks,Eastern,105.79,1,GSW,130,129,1,1
2023-05-07,2023,DEN,Denver Nuggets,Western,109.16,0,,,,,
2023-05-07,2023,GSW,Golden State Warriors,Western,107.15,0,,,,,
2023-05-07,2023,LAL,Los Angeles Lakers,Western,105.22,1,MIA,131,129,1,2
2023-05-08,2023,BOS,Boston Celtics,Eastern,105.25,1,DEN,101,124,0,-23
2023-05-08,2023,MIA,Miami Heat,Eastern,102.85,0,,,,,
2023-05-08,2023,MIL,Milwaukee Bucks,Eastern,105.64,0,,,,,
2023-05-08,2023,DEN,Denver Nuggets,Western,108.70,1,BOS,102,129,0,-27
2023-05-08,2023,GSW,Golden State Warriors,Western,106.67,0,,,,,
2023-05-08,2023,LAL,Los Angeles Lakers,Western,105.07,0,,,,,
2023-05-09,2023,BOS,Boston Celtics,Eastern,106.59,0,,,,,
2023-05-09,2023,MIA,Miami Heat,Eastern,104.92,1,GSW,123,111,1,12
2023-05-09,2023,MIL,Milwaukee Bucks,Eastern,106.29,0,,,,,
2023-05-09,2023,DEN,Denver Nuggets,Western,109.84,0,,,,,
2023-05-09,2023,GSW,Golden State Warriors,Western,107.13,1,MIA,123,114,1,9
2023-05-09,2023,LAL,Los Angeles Lakers,Western,103.87,0,,,,,
2023-05-10,2023,BOS,Boston Celtics,Eastern,107.35,0,,,,,
2023-05-10,2023,MIA,Miami Heat,Eastern,102.96,0,,,,,
2023-05-10,2023,MIL,Milwaukee Bucks,Eastern,106.24,1,LAL,129,124,1,5
2023-05-10,2023,DEN,Denver Nuggets,Western,109.64,0,,,,,
2023-05-10,2023,GSW,Golden State Warriors,Western,107.21,0,,,,,
2023-05-10,2023,LAL,Los Angeles Lakers,Western,105.30,1,MIL,118,110,1,8
2023-05-11,2023,BOS,Boston Celtics,Eastern,106.13,1,GSW,110,116,0,-6
2023-05-11,2023,MIA,Miami Heat,Eastern,103.58,0,,,,,
2023-05-11,2023,MIL,Milwaukee Bucks,Eastern,105.14,0,,,,,
2023-05-11,2023,DEN,Denver Nuggets,Western,110.90,1,MIA,109,102,1,7
2023-05-11,2023,GSW,Golden State Warriors,Western,106.77,0,,,,,
2023-05-11,2023,LAL,Los Angeles Lakers,Western,104.17,0,,,,,
2023-05-12,2023,BOS,Boston Celtics,Eastern,106.82,0,,,,,
2023-05-12,2023,MIA,Miami Heat,Eastern,103.29,1,LAL,108,115,0,-7
2023-05-12,2023,MIL,Milwaukee Bucks,Eastern,106.07,0,,,,,
2023-05-12,2023,DEN,Denver Nuggets,Western,109.71,0,,,,,
2023-05-12,2023,GSW,Golden State Warriors,Western,108.37,1,MIL,122,100,1,22
2023-05-12,2023,LAL,Los Angeles Lakers,Western,104.56,0,,,,,
2023-05-13,2023,BOS,Boston Celtics,Eastern,107.87,0,,,,,
2023-05-13,2023,MIA,Miami Heat,Eastern,103.91,0,,,,,
2023-05-13,2023,MIL,Milwaukee Bucks,Eastern,105.12,1,BOS,100,114,0,-14
2023-05-13,2023,DEN,Denver Nuggets,Western,110.39,0,,,,,
2023-05-13,2023,GSW,Golden State Warriors,Western,106.92,0,,,,,
2023-05-13,2023,LAL,Los Angeles Lakers,Western,104.72,1,DEN,129,121,1,8
2023-05-14,2023,BOS,Boston Celtics,Eastern,107.02,1,LAL,125,118,1,7
2023-05-14,2023,MIA,Miami Heat,Eastern,102.62,0,,,,,
2023-05-14,2023,MIL,Milwaukee Bucks,Eastern,106.32,0,,,,,
2023-05-14,2023,DEN,Denver Nuggets,Western,108.94,1,MIL,104,106,0,-2
2023-05-14,2023,GSW,Golden State Warriors,Western,107.11,0,,,,,
2023-05-14,2023,LAL,Los Angeles Lakers,Western,104.88,0,,,,,
2023-05-15,2023,BOS,Boston Celtics,Eastern,107.15,0,,,,,
2023-05-15,2023,MIA,Miami Heat,Eastern,101.88,1,BOS,107,118,0,-11
2023-05-15,2023,MIL,Milwaukee Bucks,Eastern,104.97,0,,,,,
2023-05-15,2023,DEN,Denver Nuggets,Western,109.89,0,,,,,
2023-05-15,2023,GSW,Golden State Warriors,Western,108.61,1,DEN,123,101,1,22
2023-05-15,2023,LAL,Los Angeles Lakers,Western,104.20,0,,,,,
2023-05-16,2023,BOS,Boston Celtics,Eastern,107.01,0,,,,,
2023-05-16,2023,MIA,Miami Heat,Eastern,102.50,0,,,,,
2023-05-16,2023,MIL,Milwaukee Bucks,Eastern,104.40,1,MIA,99,122,0,-23
2023-05-16,2023,DEN,Denver Nuggets,Western,109.30,0,,,,,
2023-05-16,2023,GSW,Golden State Warriors,Western,107.04,0,,,,,
2023-05-16,2023,LAL,Los Angeles Lakers,Western,103.16,1,GSW,118,127,0,-9
2023-05-17,2023,BOS,Boston Celtics,Eastern,108.33,1,MIA,122,96,1,26
2023-05-17,2023,MIA,Miami Heat,Eastern,102.48,0,,,,,
2023-05-17,2023,MIL,Milwaukee Bucks,Eastern,106.65,0,,,,,
2023-05-17,2023,DEN,Denver Nuggets,Western,111.15,1,GSW,117,100,1,17
2023-05-17,2023,GSW,Golden State Warriors,Western,107.40,0,,,,,
2023-05-17,2023,LAL,Los Angeles Lakers,Western,103.99,0,,,,,
2023-05-18,2023,BOS,Boston Celtics,Eastern,107.51,0,,,,,
2023-05-18,2023,MIA,Miami Heat,Eastern,102.45,1,MIL,122,125,0,-3
2023-05-18,2023,MIL,Milwaukee Bucks,Eastern,105.16,0,,,,,
2023-05-18,2023,DEN,Denver Nuggets,Western,110.22,0,,,,,
2023-05-18,2023,GSW,Golden State Warriors,Western,109.18,1,LAL,126,110,1,16
2023-05-18,2023,LAL,Los Angeles Lakers,Western,104.86,0,,,,,
2023-05-19,2023,BOS,Boston Celtics,Eastern,106.89,0,,,,,
2023-05-19,2023,MIA,Miami Heat,Eastern,103.46,0,,,,,
2023-05-19,2023,MIL,Milwaukee Bucks,Eastern,108.14,1,DEN,116,96,1,20
2023-05-19,2023,DEN,Denver Nuggets,Western,110.68,0,,,,,
2023-05-19,2023,GSW,Golden State Warriors,Western,107.12,0,,,,,
2023-05-19,2023,LAL,Los Angeles Lakers,Western,106.53,1,BOS,129,109,1,20
2023-05-20,2023,BOS,Boston Celtics,Eastern,107.78,1,MIA,112,111,1,1
2023-05-20,2023,MIA,Miami Heat,Eastern,102.49,0,,,,,
2023-05-20,2023,MIL,Milwaukee Bucks,Eastern,106.19,0,,,,,
2023-05-20,2023,DEN,Denver Nuggets,Western,110.91,1,GSW,104,98,1,6
2023-05-20,2023,GSW,Golden State Warriors,Western,107.43,0,,,,,
2023-05-20,2023,LAL,Los Angeles Lakers,Western,104.02,0,,,,,
2023-05-21,2023,BOS,Boston Celtics,Eastern,106.33,0,,,,,
2023-05-21,2023,MIA,Miami Heat,Eastern,103.83,1,MIL,129,112,1,17
2023-05-21,2023,MIL,Milwaukee Bucks,Eastern,105.54,0,,,,,
2023-05-21,2023,DEN,Denver Nuggets,Western,110.83,0,,,,,
2023-05-21,2023,GSW,Golden State Warriors,Western,107.59,1,LAL,99,103,0,-4
2023-05-21,2023,LAL,Los Angeles Lakers,Western,104.55,0,,,,,
2023-05-22,2023,BOS,Boston Celtics,Eastern,107.48,0,,,,,
2023-05-22,2023,MIA,Miami Heat,Eastern,103.08,0,,,,,
2023-05-22,2023,MIL,Milwaukee Bucks,Eastern,106.59,1,DEN,119,113,1,6
2023-05-22,2023,DEN,Denver Nuggets,Western,111.11,0,,,,,
2023-05-22,2023,GSW,Golden State Warriors,Western,107.81,0,,,,,
2023-05-22,2023,LAL,Los Angeles Lakers,Western,104.87,1,BOS,128,117,1,11
2023-05-23,2023,BOS,Boston Celtics,Eastern,105.31,1,MIL,110,120,0,-10
2023-05-23,2023,MIA,Miami Heat,Eastern,102.72,0,,,,,
2023-05-23,2023,MIL,Milwaukee Bucks,Eastern,105.83,0,,,,,
2023-05-23,2023,DEN,Denver Nuggets,Western,110.35,1,LAL,111,108,1,3
2023-05-23,2023,GSW,Golden State Warriors,Western,107.29,0,,,,,
2023-05-23,2023,LAL,Los Angeles Lakers,Western,104.49,0,,,,,
2023-05-24,2023,BOS,Boston Celtics,Eastern,107.54,0,,,,,
2023-05-24,2023,MIA,Miami Heat,Eastern,102.95,1,DEN,102,100,1,2
2023-05-24,2023,MIL,Milwaukee Bucks,Eastern,105.59,0,,,,,
2023-05-24,2023,DEN,Denver Nuggets,Western,110.18,0,,,,,
2023-05-24,2023,GSW,Golden State Warriors,Western,108.58,1,BOS,108,98,1,10
2023-05-24,2023,LAL,Los Angeles Lakers,Western,103.55,0,,,,,
2023-05-25,2023,BOS,Boston Celtics,Eastern,107.48,0,,,,,
2023-05-25,2023,MIA,Miami Heat,Eastern,102.29,0,,,,,
2023-05-25,2023,MIL,Milwaukee Bucks,Eastern,106.56,1,GSW,128,129,0,-1
2023-05-25,2023,DEN,Denver Nuggets,Western,110.45,0,,,,,
2023-05-25,2023,GSW,Golden State Warriors,Western,107.69,0,,,,,
2023-05-25,2023,LAL,Los Angeles Lakers,Western,105.43,1,MIA,127,101,1,26
2023-05-26,2023,BOS,Boston Celtics,Eastern,106.61,1,DEN,108,113,0,-5
2023-05-26,2023,MIA,Miami Heat,Eastern,101.91,0,,,,,
2023-05-26,2023,MIL,Milwaukee Bucks,Eastern,105.60,0,,,,,
2023-05-26,2023,DEN,Denver Nuggets,Western,110.89,1,BOS,111,114,0,-3
2023-05-26,2023,GSW,Golden State Warriors,Western,106.82,0,,,,,
2023-05-26,2023,LAL,Los Angeles Lakers,Western,103.58,0,,,,,
2023-05-27,2023,BOS,Boston Celtics,Eastern,106.29,0,,,,,
2023-05-27,2023,MIA,Miami Heat,Eastern,102.24,1,GSW,108,110,0,-2
2023-05-27,2023,MIL,Milwaukee Bucks,Eastern,105.68,0,,,,,
2023-05-27,2023,DEN,Denver Nuggets,Western,110.13,0,,,,,
2023-05-27,2023,GSW,Golden State Warriors,Western,106.71,1,MIA,100,103,0,-3
2023-05-27,2023,LAL,Los Angeles Lakers,Western,103.87,0,,,,,
2023-05-28,2023,BOS,Boston Celtics,Eastern,106.89,0,,,,,
2023-05-28,2023,MIA,Miami Heat,Eastern,102.64,0,,,,,
2023-05-28,2023,MIL,Milwaukee Bucks,Eastern,105.78,1,LAL,110,124,0,-14
2023-05-28,2023,DEN,Denver Nuggets,Western,110.94,0,,,,,
2023-05-28,2023,GSW,Golden State Warriors,Western,106.67,0,,,,,
2023-05-28,2023,LAL,Los Angeles Lakers,Western,105.17,1,MIL,105,97,1,8
2023-05-29,2023,BOS,Boston Celtics,Eastern,107.16,1,GSW,131,123,1,8
2023-05-29,2023,MIA,Miami Heat,Eastern,103.26,0,,,,,
2023-05-29,2023,MIL,Milwaukee Bucks,Eastern,106.83,0,,,,,
2023-05-29,2023,DEN,Denver Nuggets,Western,110.81,1,MIA,108,115,0,-7
2023-05-29,2023,GSW,Golden State Warriors,Western,107.36,0,,,,,
2023-05-29,2023,LAL,Los Angeles Lakers,Western,103.67,0,,,,,
2023-05-30,2023,BOS,Boston Celtics,Eastern,106.89,0,,,,,
2023-05-30,2023,MIA,Miami Heat,Eastern,103.01,1,LAL,121,127,0,-6
2023-05-30,2023,MIL,Milwaukee Bucks,Eastern,106.49,0,,,,,
2023-05-30,2023,DEN,Denver Nuggets,Western,111.65,0,,,,,
2023-05-30,2023,GSW,Golden State Warriors,Western,107.30,1,MIL,127,123,1,4
2023-05-30,2023,LAL,Los Angeles Lakers,Western,104.37,0,,,,,
2023-05-31,2023,BOS,Boston Celtics,Eastern,106.24,0,,,,,
2023-05-31,2023,MIA,Miami Heat,Eastern,103.64,0,,,,,
2023-05-31,2023,MIL,Milwaukee Bucks,Eastern,106.68,1,BOS,103,112,0,-9
2023-05-31,2023,DEN,Denver Nuggets,Western,111.67,0,,,,,
2023-05-31,2023,GSW,Golden State Warriors,Western,107.22,0,,,,,
2023-05-31,2023,LAL,Los Angeles Lakers,Western,101.99,1,DEN,98,121,0,-23
2023-06-01,2023,BOS,Boston Celtics,Eastern,107.20,1,LAL,114,111,1,3
2023-06-01,2023,MIA,Miami Heat,Eastern,103.54,0,,,,,
2023-06-01,2023,MIL,Milwaukee Bucks,Eastern,107.35,0,,,,,
2023-06-01,2023,DEN,Denver Nuggets,Western,112.93,1,MIL,131,110,1,21
2023-06-01,2023,GSW,Golden State Warriors,Western,107.38,0,,,,,
2023-06-01,2023,LAL,Los Angeles Lakers,Western,103.08,0,,,,,
2023-06-02,2023,BOS,Boston Celtics,Eastern,105.78,0,,,,,
2023-06-02,2023,MIA,Miami Heat,Eastern,102.93,1,BOS,104,105,0,-1
2023-06-02,2023,MIL,Milwaukee Bucks,Eastern,106.80,0,,,,,
2023-06-02,2023,DEN,Denver Nuggets,Western,110.86,0,,,,,
2023-06-02,2023,GSW,Golden State Warriors,Western,106.71,1,DEN,120,125,0,-5
2023-06-02,2023,LAL,Los Angeles Lakers,Western,103.95,0,,,,,
2023-06-03,2023,BOS,Boston Celtics,Eastern,106.71,0,,,,,
2023-06-03,2023,MIA,Miami Heat,Eastern,102.30,0,,,,,
2023-06-03,2023,MIL,Milwaukee Bucks,Eastern,106.51,1,MIA,104,123,0,-19
2023-06-03,2023,DEN,Denver Nuggets,Western,112.27,0,,,,,
2023-06-03,2023,GSW,Golden State Warriors,Western,106.54,0,,,,,
2023-06-03,2023,LAL,Los Angeles Lakers,Western,101.34,1,GSW,105,124,0,-19
2023-06-04,2023,BOS,Boston Celtics,Eastern,105.42,1,MIA,99,111,0,-12
2023-06-04,2023,MIA,Miami Heat,Eastern,103.67,0,,,,,
2023-06-04,2023,MIL,Milwaukee Bucks,Eastern,107.18,0,,,,,
2023-06-04,2023,DEN,Denver Nuggets,Western,109.32,1,GSW,102,127,0,-25
2023-06-04,2023,GSW,Golden State Warriors,Western,107.09,0,,,,,
2023-06-04,2023,LAL,Los Angeles Lakers,Western,103.08,0,,,,,
2023-06-05,2023,BOS,Boston Celtics,Eastern,105.84,0,,,,,
2023-06-05,2023,MIA,Miami Heat,Eastern,102.68,1,MIL,111,110,1,1
2023-06-05,2023,MIL,Milwaukee Bucks,Eastern,107.58,0,,,,,
2023-06-05,2023,DEN,Denver Nuggets,Western,112.31,0,,,,,
2023-06-05,2023,GSW,Golden State Warriors,Western,107.63,1,LAL,116,103,1,13
2023-06-05,2023,LAL,Los Angeles Lakers,Western,102.51,0,,,,,
2023-06-06,2023,BOS,Boston Celtics,Eastern,106.27,0,,,,,
2023-06-06,2023,MIA,Miami Heat,Eastern,103.99,0,,,,,
2023-06-06,2023,MIL,Milwaukee Bucks,Eastern,108.93,1,DEN,120,110,1,10
2023-06-06,2023,DEN,Denver Nuggets,Western,111.20,0,,,,,
2023-06-06,2023,GSW,Golden State Warriors,Western,106.86,0,,,,,
2023-06-06,2023,LAL,Los Angeles Lakers,Western,104.53,1,BOS,131,96,1,35
2023-06-07,2023,BOS,Boston Celtics,Eastern,104.14,1,MIA,109,128,0,-19
2023-06-07,2023,MIA,Miami Heat,Eastern,103.49,0,,,,,
2023-06-07,2023,MIL,Milwaukee Bucks,Eastern,107.86,0,,,,,
2023-06-07,2023,DEN,Denver Nuggets,Western,111.58,1,GSW,106,116,0,-10
2023-06-07,2023,GSW,Golden State Warriors,Western,106.77,0,,,,,
2023-06-07,2023,LAL,Los Angeles Lakers,Western,101.55,0,,,,,
2023-06-08,2023,BOS,Boston Celtics,Eastern,106.26,0,,,,,
2023-06-08,2023,MIA,Miami Heat,Eastern,105.04,1,MIL,127,105,1,22
2023-06-08,2023,MIL,Milwaukee Bucks,Eastern,107.28,0,,,,,
2023-06-08,2023,DEN,Denver Nuggets,Western,111.28,0,,,,,
2023-06-08,2023,GSW,Golden State Warriors,Western,108.33,1,LAL,127,110,1,17
2023-06-08,2023,LAL,Los Angeles Lakers,Western,102.96,0,,,,,
2023-06-09,2023,BOS,Boston Celtics,Eastern,106.73,0,,,,,
2023-06-09,2023,MIA,Miami Heat,Eastern,104.33,0,,,,,
2023-06-09,2023,MIL,Milwaukee Bucks,Eastern,108.82,1,DEN,113,106,1,7
2023-06-09,2023,DEN,Denver Nuggets,Western,111.61,0,,,,,
2023-06-09,2023,GSW,Golden State Warriors,Western,107.35,0,,,,,
2023-06-09,2023,LAL,Los Angeles Lakers,Western,102.09,1,BOS,98,101,0,-3
2023-06-10,2023,BOS,Boston Celtics,Eastern,105.61,1,MIL,108,116,0,-8
2023-06-10,2023,MIA,Miami Heat,Eastern,104.06,0,,,,,
2023-06-10,2023,MIL,Milwaukee Bucks,Eastern,107.62,0,,,,,
2023-06-10,2023,DEN,Denver Nuggets,Western,111.90,1,LAL,123,126,0,-3
2023-06-10,2023,GSW,Golden State Warriors,Western,106.89,0,,,,,
2023-06-10,2023,LAL,Los Angeles Lakers,Western,101.21,0,,,,,
2023-06-11,2023,BOS,Boston Celtics,Eastern,105.73,0,,,,,
2023-06-11,2023,MIA,Miami Heat,Eastern,104.00,1,DEN,100,102,0,-2
2023-06-11,2023,MIL,Milwaukee Bucks,Eastern,107.47,0,,,,,
2023-06-11,2023,DEN,Denver Nuggets,Western,112.08,0,,,,,
2023-06-11,2023,GSW,Golden State Warriors,Western,106.59,1,BOS,108,112,0,-4
2023-06-11,2023,LAL,Los Angeles Lakers,Western,101.52,0,,,,,
2023-06-12,2023,BOS,Boston Celtics,Eastern,107.06,0,,,,,
2023-06-12,2023,MIA,Miami Heat,Eastern,104.81,0,,,,,
2023-06-12,2023,MIL,Milwaukee Bucks,Eastern,108.11,1,GSW,98,104,0,-6
2023-06-12,2023,DEN,Denver Nuggets,Western,111.71,0,,,,,
2023-06-12,2023,GSW,Golden State Warriors,Western,106.96,0,,,,,
2023-06-12,2023,LAL,Los Angeles Lakers,Western,101.43,1,MIA,105,96,1,9
2023-06-13,2023,BOS,Boston Celtics,Eastern,107.85,1,DEN,125,117,1,8
2023-06-13,2023,MIA,Miami Heat,Eastern,103.56,0,,,,,
2023-06-13,2023,MIL,Milwaukee Bucks,Eastern,108.90,0,,,,,
2023-06-13,2023,DEN,Denver Nuggets,Western,112.34,1,BOS,102,106,0,-4
2023-06-13,2023,GSW,Golden State Warriors,Western,106.25,0,,,,,
2023-06-13,2023,LAL,Los Angeles Lakers,Western,100.91,0,,,,,
2023-06-14,2023,BOS,Boston Celtics,Eastern,106.66,0,,,,,
2023-06-14,2023,MIA,Miami Heat,Eastern,104.53,1,GSW,103,102,1,1
2023-06-14,2023,MIL,Milwaukee Bucks,Eastern,109.41,0,,,,,
2023-06-14,2023,DEN,Denver Nuggets,Western,111.66,0,,,,,
2023-06-14,2023,GSW,Golden State Warriors,Western,104.93,1,MIA,117,123,0,-6
2023-06-14,2023,LAL,Los Angeles Lakers,Western,101.59,0,,,,,
2023-06-15,2023,BOS,Boston Celtics,Eastern,106.60,0,,,,,
2023-06-15,2023,MIA,Miami Heat,Eastern,104.06,0,,,,,
2023-06-15,2023,MIL,Milwaukee Bucks,Eastern,109.46,1,LAL,108,106,1,2
2023-06-15,2023,DEN,Denver Nuggets,Western,112.36,0,,,,,
2023-06-15,2023,GSW,Golden State Warriors,Western,105.97,0,,,,,
2023-06-15,2023,LAL,Los Angeles Lakers,Western,103.08,1,MIL,125,108,1,17
2023-06-16,2023,BOS,Boston Celtics,Eastern,107.87,1,GSW,131,126,1,5
2023-06-16,2023,MIA,Miami Heat,Eastern,104.89,0,,,,,
2023-06-16,2023,MIL,Milwaukee Bucks,Eastern,108.82,0,,,,,
2023-06-16,2023,DEN,Denver Nuggets,Western,110.91,1,MIA,110,119,0,-9
2023-06-16,2023,GSW,Golden State Warriors,Western,105.64,0,,,,,
2023-06-16,2023,LAL,Los Angeles Lakers,Western,101.12,0,,,,,
2023-06-17,2023,BOS,Boston Celtics,Eastern,106.49,0,,,,,
2023-06-17,2023,MIA,Miami Heat,Eastern,105.91,1,LAL,127,119,1,8
2023-06-17,2023,MIL,Milwaukee Bucks,Eastern,108.72,0,,,,,
2023-06-17,2023,DEN,Denver Nuggets,Western,112.57,0,,,,,
2023-06-17,2023,GSW,Golden State Warriors,Western,106.20,1,MIL,109,104,1,5
2023-06-17,2023,LAL,Los Angeles Lakers,Western,100.55,0,,,,,
2023-06-18,2023,BOS,Boston Celtics,Eastern,106.59,0,,,,,
2023-06-18,2023,MIA,Miami Heat,Eastern,104.57,0,,,,,
2023-06-18,2023,MIL,Milwaukee Bucks,Eastern,107.53,1,BOS,103,123,0,-20
2023-06-18,2023,DEN,Denver Nuggets,Western,110.95,0,,,,,
2023-06-18,2023,GSW,Golden State Warriors,Western,104.79,0,,,,,
2023-06-18,2023,LAL,Los Angeles Lakers,Western,99.29,1,DEN,108,117,0,-9
2023-06-19,2023,BOS,Boston Celtics,Eastern,108.89,1,LAL,128,101,1,27
2023-06-19,2023,MIA,Miami Heat,Eastern,104.49,0,,,,,
2023-06-19,2023,MIL,Milwaukee Bucks,Eastern,109.96,0,,,,,
2023-06-19,2023,DEN,Denver Nuggets,Western,110.90,1,MIL,123,125,0,-2
2023-06-19,2023,GSW,Golden State Warriors,Western,104.68,0,,,,,
2023-06-19,2023,LAL,Los Angeles Lakers,Western,100.08,0,,,,,
2023-06-20,2023,BOS,Boston Celtics,Eastern,107.15,0,,,,,
2023-06-20,2023,MIA,Miami Heat,Eastern,105.21,1,BOS,100,96,1,4
2023-06-20,2023,MIL,Milwaukee Bucks,Eastern,109.95,0,,,,,
2023-06-20,2023,DEN,Denver Nuggets,Western,111.97,0,,,,,
2023-06-20,2023,GSW,Golden State Warriors,Western,105.61,1,DEN,122,108,1,14
2023-06-20,2023,LAL,Los Angeles Lakers,Western,101.04,0,,,,,
2023-06-21,2023,BOS,Boston Celtics,Eastern,107.00,0,,,,,
2023-06-21,2023,MIA,Miami Heat,Eastern,104.55,0,,,,,
2023-06-21,2023,MIL,Milwaukee Bucks,Eastern,108.88,1,MIA,102,96,1,6
2023-06-21,2023,DEN,Denver Nuggets,Western,110.75,0,,,,,
2023-06-21,2023,GSW,Golden State Warriors,Western,104.86,0,,,,,
2023-06-21,2023,LAL,Los Angeles Lakers,Western,101.71,1,GSW,111,99,1,12
2023-06-22,2023,BOS,Boston Celtics,Eastern,108.22,1,MIA,111,97,1,14
2023-06-22,2023,MIA,Miami Heat,Eastern,105.84,0,,,,,
2023-06-22,2023,MIL,Milwaukee Bucks,Eastern,110.17,0,,,,,
2023-06-22,2023,DEN,Denver Nuggets,Western,110.09,1,GSW,114,129,0,-15
2023-06-22,2023,GSW,Golden State Warriors,Western,104.63,0,,,,,
2023-06-22,2023,LAL,Los Angeles Lakers,Western,100.25,0,,,,,
2023-06-23,2023,BOS,Boston Celtics,Eastern,107.13,0,,,,,
2023-06-23,2023,MIA,Miami Heat,Eastern,107.26,1,MIL,131,114,1,17
2023-06-23,2023,MIL,Milwaukee Bucks,Eastern,110.06,0,,,,,
2023-06-23,2023,DEN,Denver Nuggets,Western,111.83,0,,,,,
2023-06-23,2023,GSW,Golden State Warriors,Western,103.11,1,LAL,101,122,0,-21
2023-06-23,2023,LAL,Los Angeles Lakers,Western,99.82,0,,,,,
2023-06-24,2023,BOS,Boston Celtics,Eastern,107.25,0,,,,,
2023-06-24,2023,MIA,Miami Heat,Eastern,106.30,0,,,,,
2023-06-24,2023,MIL,Milwaukee Bucks,Eastern,109.65,1,DEN,101,104,0,-3
2023-06-24,2023,DEN,Denver Nuggets,Western,110.89,0,,,,,
2023-06-24,2023,GSW,Golden State Warriors,Western,104.07,0,,,,,
2023-06-24,2023,LAL,Los Angeles Lakers,Western,100.18,1,BOS,120,126,0,-6
2023-06-25,2023,BOS,Boston Celtics,Eastern,107.80,1,MIA,109,115,0,-6
2023-06-25,2023,MIA,Miami Heat,Eastern,106.16,0,,,,,
2023-06-25,2023,MIL,Milwaukee Bucks,Eastern,110.02,0,,,,,
2023-06-25,2023,DEN,Denver Nuggets,Western,113.33,1,GSW,120,103,1,17
2023-06-25,2023,GSW,Golden State Warriors,Western,103.92,0,,,,,
2023-06-25,2023,LAL,Los Angeles Lakers,Western,99.08,0,,,,,
2023-06-26,2023,BOS,Boston Celtics,Eastern,107.61,0,,,,,
2023-06-26,2023,MIA,Miami Heat,Eastern,104.59,1,MIL,99,125,0,-26
2023-06-26,2023,MIL,Milwaukee Bucks,Eastern,109.44,0,,,,,
2023-06-26,2023,DEN,Denver Nuggets,Western,111.19,0,,,,,
2023-06-26,2023,GSW,Golden State Warriors,Western,103.14,1,LAL,119,126,0,-7
2023-06-26,2023,LAL,Los Angeles Lakers,Western,99.67,0,,,,,
2023-06-27,2023,BOS,Boston Celtics,Eastern,107.73,0,,,,,
2023-06-27,2023,MIA,Miami Heat,Eastern,107.11,0,,,,,
2023-06-27,2023,MIL,Milwaukee Bucks,Eastern,108.90,1,DEN,103,113,0,-10
2023-06-27,2023,DEN,Denver Nuggets,Western,111.70,0,,,,,
2023-06-27,2023,GSW,Golden State Warriors,Western,104.01,0,,,,,
2023-06-27,2023,LAL,Los Angeles Lakers,Western,98.92,1,BOS,114,129,0,-15
2023-06-28,2023,BOS,Boston Celtics,Eastern,107.06,1,MIL,100,119,0,-19
2023-06-28,2023,MIA,Miami Heat,Eastern,106.14,0,,,,,
2023-06-28,2023,MIL,Milwaukee Bucks,Eastern,110.11,0,,,,,
2023-06-28,2023,DEN,Denver Nuggets,Western,111.47,1,LAL,123,119,1,4
2023-06-28,2023,GSW,Golden State Warriors,Western,103.33,0,,,,,
2023-06-28,2023,LAL,Los Angeles Lakers,Western,98.61,0,,,,,
2023-06-29,2023,BOS,Boston Celtics,Eastern,107.60,0,,,,,
2023-06-29,2023,MIA,Miami Heat,Eastern,107.92,1,DEN,106,100,1,6
2023-06-29,2023,MIL,Milwaukee Bucks,Eastern,109.41,0,,,,,
2023-06-29,2023,DEN,Denver Nuggets,Western,110.32,0,,,,,
2023-06-29,2023,GSW,Golden State Warriors,Western,104.71,1,BOS,120,98,1,22
2023-06-29,2023,LAL,Los Angeles Lakers,Western,99.99,0,,,,,
2023-06-30,2023,BOS,Boston Celtics,Eastern,108.89,0,,,,,
2023-06-30,2023,MIA,Miami Heat,Eastern,106.89,0,,,,,
2023-06-30,2023,MIL,Milwaukee Bucks,Eastern,108.40,1,GSW,106,118,0,-12
2023-06-30,2023,DEN,Denver Nuggets,Western,110.00,0,,,,,
2023-06-30,2023,GSW,Golden State Warriors,Western,102.69,0,,,,,
2023-06-30,2023,LAL,Los Angeles Lakers,Western,99.25,1,MIA,129,120,1,9
2023-07-01,2023,BOS,Boston Celtics,Eastern,108.20,0,,,,,
2023-07-01,2023,MIA,Miami Heat,Eastern,107.06,0,,,,,
2023-07-01,2023,MIL,Milwaukee Bucks,Eastern,110.44,0,,,,,
2023-07-01,2023,DEN,Denver Nuggets,Western,111.12,0,,,,,
2023-07-01,2023,GSW,Golden State Warriors,Western,104.02,0,,,,,
2023-07-01,2023,LAL,Los Angeles Lakers,Western,99.10,0,,,,,
2023-07-02,2023,BOS,Boston Celtics,Eastern,108.60,0,,,,,
2023-07-02,2023,MIA,Miami Heat,Eastern,106.23,0,,,,,
2023-07-02,2023,MIL,Milwaukee Bucks,Eastern,109.63,0,,,,,
2023-07-02,2023,DEN,Denver Nuggets,Western,109.63,0,,,,,
2023-07-02,2023,GSW,Golden State Warriors,Western,103.22,0,,,,,
2023-07-02,2023,LAL,Los Angeles Lakers,Western,99.41,0,,,,,
2023-07-03,2023,BOS,Boston Celtics,Eastern,109.50,0,,,,,
2023-07-03,2023,MIA,Miami Heat,Eastern,106.76,0,,,,,
2023-07-03,2023,MIL,Milwaukee Bucks,Eastern,108.76,0,,,,,
2023-07-03,2023,DEN,Denver Nuggets,Western,109.26,0,,,,,
2023-07-03,2023,GSW,Golden State Warriors,Western,102.78,0,,,,,
2023-07-03,2023,LAL,Los Angeles Lakers,Western,98.52,0,,,,,
2023-07-04,2023,BOS,Boston Celtics,Eastern,110.12,0,,,,,
2023-07-04,2023,MIA,Miami Heat,Eastern,106.53,0,,,,,
2023-07-04,2023,MIL,Milwaukee Bucks,Eastern,108.66,0,,,,,
2023-07-04,2023,DEN,Denver Nuggets,Western,109.71,0,,,,,
2023-07-04,2023,GSW,Golden State Warriors,Western,103.41,0,,,,,
2023-07-04,2023,LAL,Los Angeles Lakers,Western,99.22,0,,,,,
2023-07-05,2023,BOS,Boston Celtics,Eastern,109.78,0,,,,,
2023-07-05,2023,MIA,Miami Heat,Eastern,107.84,0,,,,,
2023-07-05,2023,MIL,Milwaukee Bucks,Eastern,110.35,0,,,,,
2023-07-05,2023,DEN,Denver Nuggets,Western,109.66,0,,,,,
2023-07-05,2023,GSW,Golden State Warriors,Western,102.43,0,,,,,
2023-07-05,2023,LAL,Los Angeles Lakers,Western,99.64,0,,,,,
2023-07-06,2023,BOS,Boston Celtics,Eastern,110.48,0,,,,,
2023-07-06,2023,MIA,Miami Heat,Eastern,107.62,0,,,,,
2023-07-06,2023,MIL,Milwaukee Bucks,Eastern,110.29,0,,,,,
2023-07-06,2023,DEN,Denver Nuggets,Western,108.98,0,,,,,
2023-07-06,2023,GSW,Golden State Warriors,Western,103.29,0,,,,,
2023-07-06,2023,LAL,Los Angeles Lakers,Western,99.32,0,,,,,
2023-07-07,2023,BOS,Boston Celtics,Eastern,110.56,0,,,,,
2023-07-07,2023,MIA,Miami Heat,Eastern,108.24,0,,,,,
2023-07-07,2023,MIL,Milwaukee Bucks,Eastern,109.82,0,,,,,
2023-07-07,2023,DEN,Denver Nuggets,Western,108.83,0,,,,,
2023-07-07,2023,GSW,Golden State Warriors,Western,102.04,0,,,,,
2023-07-07,2023,LAL,Los Angeles Lakers,Western,99.24,0,,,,,
2023-07-08,2023,BOS,Boston Celtics,Eastern,110.35,0,,,,,
2023-07-08,2023,MIA,Miami Heat,Eastern,107.63,0,,,,,
2023-07-08,2023,MIL,Milwaukee Bucks,Eastern,109.62,0,,,,,
2023-07-08,2023,DEN,Denver Nuggets,Western,109.05,0,,,,,
2023-07-08,2023,GSW,Golden State Warriors,Western,102.28,0,,,,,
2023-07-08,2023,LAL,Los Angeles Lakers,Western,98.23,0,,,,,
2023-07-09,2023,BOS,Boston Celtics,Eastern,110.30,0,,,,,
2023-07-09,2023,MIA,Miami Heat,Eastern,108.56,0,,,,,
2023-07-09,2023,MIL,Milwaukee Bucks,Eastern,109.95,0,,,,,
2023-07-09,2023,DEN,Denver Nuggets,Western,108.20,0,,,,,
2023-07-09,2023,GSW,Golden State Warriors,Western,102.79,0,,,,,
2023-07-09,2023,LAL,Los Angeles Lakers,Western,98.18,0,,,,,
2023-07-10,2023,BOS,Boston Celtics,Eastern,110.43,0,,,,,
2023-07-10,2023,MIA,Miami Heat,Eastern,108.28,0,,,,,
2023-07-10,2023,MIL,Milwaukee Bucks,Eastern,108.26,0,,,,,
2023-07-10,2023,DEN,Denver Nuggets,Western,109.20,0,,,,,
2023-07-10,2023,GSW,Golden State Warriors,Western,101.96,0,,,,,
2023-07-10,2023,LAL,Los Angeles Lakers,Western,99.56,0,,,,,
2023-07-11,2023,BOS,Boston Celtics,Eastern,109.95,0,,,,,
2023-07-11,2023,MIA,Miami Heat,Eastern,108.36,0,,,,,
2023-07-11,2023,MIL,Milwaukee Bucks,Eastern,108.66,0,,,,,
2023-07-11,2023,DEN,Denver Nuggets,Western,108.52,0,,,,,
2023-07-11,2023,GSW,Golden State Warriors,Western,101.42,0,,,,,
2023-07-11,2023,LAL,Los Angeles Lakers,Western,99.35,0,,,,,
2023-07-12,2023,BOS,Boston Celtics,Eastern,111.43,0,,,,,
2023-07-12,2023,MIA,Miami Heat,Eastern,107.34,0,,,,,
2023-07-12,2023,MIL,Milwaukee Bucks,Eastern,108.27,0,,,,,
2023-07-12,2023,DEN,Denver Nuggets,Western,108.84,0,,,,,
2023-07-12,2023,GSW,Golden State Warriors,Western,101.71,0,,,,,
2023-07-12,2023,LAL,Los Angeles Lakers,Western,99.94,0,,,,,
2023-07-13,2023,BOS,Boston Celtics,Eastern,110.26,0,,,,,
2023-07-13,2023,MIA,Miami Heat,Eastern,108.12,0,,,,,
2023-07-13,2023,MIL,Milwaukee Bucks,Eastern,107.93,0,,,,,
2023-07-13,2023,DEN,Denver Nuggets,Western,108.66,0,,,,,
2023-07-13,2023,GSW,Golden State Warriors,Western,101.21,0,,,,,
2023-07-13,2023,LAL,Los Angeles Lakers,Western,99.79,0,,,,,
2023-07-14,2023,BOS,Boston Celtics,Eastern,110.45,0,,,,,
2023-07-14,2023,MIA,Miami Heat,Eastern,108.09,0,,,,,
2023-07-14,2023,MIL,Milwaukee Bucks,Eastern,109.15,0,,,,,
2023-07-14,2023,DEN,Denver Nuggets,Western,107.78,0,,,,,
2023-07-14,2023,GSW,Golden State Warriors,Western,102.30,0,,,,,
2023-07-14,2023,LAL,Los Angeles Lakers,Western,99.93,0,,,,,
2023-07-15,2023,BOS,Boston Celtics,Eastern,110.46,0,,,,,
2023-07-15,2023,MIA,Miami Heat,Eastern,107.90,0,,,,,
2023-07-15,2023,MIL,Milwaukee Bucks,Eastern,107.97,0,,,,,
2023-07-15,2023,DEN,Denver Nuggets,Western,108.20,0,,,,,
2023-07-15,2023,GSW,Golden State Warriors,Western,101.67,0,,,,,
2023-07-15,2023,LAL,Los Angeles Lakers,Western,98.89,0,,,,,
2023-07-16,2023,BOS,Boston Celtics,Eastern,111.23,0,,,,,
2023-07-16,2023,MIA,Miami Heat,Eastern,107.66,0,,,,,
2023-07-16,2023,MIL,Milwaukee Bucks,Eastern,108.21,0,,,,,
2023-07-16,2023,DEN,Denver Nuggets,Western,108.64,0,,,,,
2023-07-16,2023,GSW,Golden State Warriors,Western,101.32,0,,,,,
2023-07-16,2023,LAL,Los Angeles Lakers,Western,98.95,0,,,,,
2023-07-17,2023,BOS,Boston Celtics,Eastern,112.16,0,,,,,
2023-07-17,2023,MIA,Miami Heat,Eastern,107.51,0,,,,,
2023-07-17,2023,MIL,Milwaukee Bucks,Eastern,109.11,0,,,,,
2023-07-17,2023,DEN,Denver Nuggets,Western,107.98,0,,,,,
2023-07-17,2023,GSW,Golden State Warriors,Western,101.52,0,,,,,
2023-07-17,2023,LAL,Los Angeles Lakers,Western,99.32,0,,,,,
2023-07-18,2023,BOS,Boston Celtics,Eastern,111.64,0,,,,,
2023-07-18,2023,MIA,Miami Heat,Eastern,108.75,0,,,,,
2023-07-18,2023,MIL,Milwaukee Bucks,Eastern,107.95,0,,,,,
2023-07-18,2023,DEN,Denver Nuggets,Western,107.35,0,,,,,
2023-07-18,2023,GSW,Golden State Warriors,Western,101.68,0,,,,,
2023-07-18,2023,LAL,Los Angeles Lakers,Western,100.39,0,,,,,
2023-07-19,2023,BOS,Boston Celtics,Eastern,112.71,0,,,,,
2023-07-19,2023,MIA,Miami Heat,Eastern,108.80,0,,,,,
2023-07-19,2023,MIL,Milwaukee Bucks,Eastern,108.41,0,,,,,
2023-07-19,2023,DEN,Denver Nuggets,Western,108.16,0,,,,,
2023-07-19,2023,GSW,Golden State Warriors,Western,101.14,0,,,,,
2023-07-19,2023,LAL,Los Angeles Lakers,Western,99.79,0,,,,,
2023-07-20,2023,BOS,Boston Celtics,Eastern,111.73,0,,,,,
2023-07-20,2023,MIA,Miami Heat,Eastern,107.28,0,,,,,
2023-07-20,2023,MIL,Milwaukee Bucks,Eastern,107.82,0,,,,,
2023-07-20,2023,DEN,Denver Nuggets,Western,106.80,0,,,,,
2023-07-20,2023,GSW,Golden State Warriors,Western,102.10,0,,,,,
2023-07-20,2023,LAL,Los Angeles Lakers,Western,100.09,0,,,,,
2023-07-21,2023,BOS,Boston Celtics,Eastern,111.44,0,,,,,
2023-07-21,2023,MIA,Miami Heat,Eastern,107.63,0,,,,,
2023-07-21,2023,MIL,Milwaukee Bucks,Eastern,107.41,0,,,,,
2023-07-21,2023,DEN,Denver Nuggets,Western,107.76,0,,,,,
2023-07-21,2023,GSW,Golden State Warriors,Western,100.81,0,,,,,
2023-07-21,2023,LAL,Los Angeles Lakers,Western,100.00,0,,,,,
2023-07-22,2023,BOS,Boston Celtics,Eastern,111.90,0,,,,,
2023-07-22,2023,MIA,Miami Heat,Eastern,108.60,0,,,,,
2023-07-22,2023,MIL,Milwaukee Bucks,Eastern,107.81,0,,,,,
2023-07-22,2023,DEN,Denver Nuggets,Western,107.09,0,,,,,
2023-07-22,2023,GSW,Golden State Warriors,Western,100.78,0,,,,,
2023-07-22,2023,LAL,Los Angeles Lakers,Western,99.82,0,,,,,
2023-07-23,2023,BOS,Boston Celtics,Eastern,111.60,0,,,,,
2023-07-23,2023,MIA,Miami Heat,Eastern,107.58,0,,,,,
2023-07-23,2023,MIL,Milwaukee Bucks,Eastern,107.46,0,,,,,
2023-07-23,2023,DEN,Denver Nuggets,Western,107.25,0,,,,,
2023-07-23,2023,GSW,Golden State Warriors,Western,101.39,0,,,,,
2023-07-23,2023,LAL,Los Angeles Lakers,Western,100.38,0,,,,,
2023-07-24,2023,BOS,Boston Celtics,Eastern,111.81,0,,,,,
2023-07-24,2023,MIA,Miami Heat,Eastern,107.66,0,,,,,
2023-07-24,2023,MIL,Milwaukee Bucks,Eastern,107.38,0,,,,,
2023-07-24,2023,DEN,Denver Nuggets,Western,107.04,0,,,,,
2023-07-24,2023,GSW,Golden State Warriors,Western,100.70,0,,,,,
2023-07-24,2023,LAL,Los Angeles Lakers,Western,99.35,0,,,,,
2023-07-25,2023,BOS,Boston Celtics,Eastern,112.72,0,,,,,
2023-07-25,2023,MIA,Miami Heat,Eastern,108.08,0,,,,,
2023-07-25,2023,MIL,Milwaukee Bucks,Eastern,107.12,0,,,,,
2023-07-25,2023,DEN,Denver Nuggets,Western,106.49,0,,,,,
2023-07-25,2023,GSW,Golden State Warriors,Western,101.82,0,,,,,
2023-07-25,2023,LAL,Los Angeles Lakers,Western,99.44,0,,,,,
2023-07-26,2023,BOS,Boston Celtics,Eastern,112.72,0,,,,,
2023-07-26,2023,MIA,Miami Heat,Eastern,107.42,0,,,,,
2023-07-26,2023,MIL,Milwaukee Bucks,Eastern,107.66,0,,,,,
2023-07-26,2023,DEN,Denver Nuggets,Western,107.41,0,,,,,
2023-07-26,2023,GSW,Golden State Warriors,Western,101.82,0,,,,,
2023-07-26,2023,LAL,Los Angeles Lakers,Western,99.62,0,,,,,
2023-07-27,2023,BOS,Boston Celtics,Eastern,112.93,0,,,,,
2023-07-27,2023,MIA,Miami Heat,Eastern,107.35,0,,,,,
2023-07-27,2023,MIL,Milwaukee Bucks,Eastern,106.98,0,,,,,
2023-07-27,2023,DEN,Denver Nuggets,Western,107.07,0,,,,,
2023-07-27,2023,GSW,Golden State Warriors,Western,100.68,0,,,,,
2023-07-27,2023,LAL,Los Angeles Lakers,Western,101.10,0,,,,,
2023-07-28,2023,BOS,Boston Celtics,Eastern,112.24,0,,,,,
2023-07-28,2023,MIA,Miami Heat,Eastern,107.11,0,,,,,
2023-07-28,2023,MIL,Milwaukee Bucks,Eastern,107.16,0,,,,,
2023-07-28,2023,DEN,Denver Nuggets,Western,106.98,0,,,,,
2023-07-28,2023,GSW,Golden State Warriors,Western,100.66,0,,,,,
2023-07-28,2023,LAL,Los Angeles Lakers,Western,99.76,0,,,,,
2023-07-29,2023,BOS,Boston Celtics,Eastern,113.35,0,,,,,
2023-07-29,2023,MIA,Miami Heat,Eastern,107.86,0,,,,,
2023-07-29,2023,MIL,Milwaukee Bucks,Eastern,105.99,0,,,,,
2023-07-29,2023,DEN,Denver Nuggets,Western,107.27,0,,,,,
2023-07-29,2023,GSW,Golden State Warriors,Western,101.56,0,,,,,
2023-07-29,2023,LAL,Los Angeles Lakers,Western,99.84,0,,,,,
2023-07-30,2023,BOS,Boston Celtics,Eastern,113.53,0,,,,,
2023-07-30,2023,MIA,Miami Heat,Eastern,106.47,0,,,,,
2023-07-30,2023,MIL,Milwaukee Bucks,Eastern,106.91,0,,,,,
2023-07-30,2023,DEN,Denver Nuggets,Western,105.76,0,,,,,
2023-07-30,2023,GSW,Golden State Warriors,Western,100.60,0,,,,,
2023-07-30,2023,LAL,Los Angeles Lakers,Western,99.93,0,,,,,
2023-07-31,2023,BOS,Boston Celtics,Eastern,112.96,0,,,,,
2023-07-31,2023,MIA,Miami Heat,Eastern,107.78,0,,,,,
2023-07-31,2023,MIL,Milwaukee Bucks,Eastern,105.63,0,,,,,
2023-07-31,2023,DEN,Denver Nuggets,Western,106.82,0,,,,,
2023-07-31,2023,GSW,Golden State Warriors,Western,100.66,0,,,,,
2023-07-31,2023,LAL,Los Angeles Lakers,Western,101.08,0,,,,,
2023-08-01,2023,BOS,Boston Celtics,Eastern,112.82,0,,,,,
2023-08-01,2023,MIA,Miami Heat,Eastern,106.35,0,,,,,
2023-08-01,2023,MIL,Milwaukee Bucks,Eastern,105.17,0,,,,,
2023-08-01,2023,DEN,Denver Nuggets,Western,106.84,0,,,,,
2023-08-01,2023,GSW,Golden State Warriors,Western,100.81,0,,,,,
2023-08-01,2023,LAL,Los Angeles Lakers,Western,100.39,0,,,,,
2023-08-02,2023,BOS,Boston Celtics,Eastern,112.67,0,,,,,
2023-08-02,2023,MIA,Miami Heat,Eastern,106.40,0,,,,,
2023-08-02,2023,MIL,Milwaukee Bucks,Eastern,106.68,0,,,,,
2023-08-02,2023,DEN,Denver Nuggets,Western,106.67,0,,,,,
2023-08-02,2023,GSW,Golden State Warriors,Western,102.39,0,,,,,
2023-08-02,2023,LAL,Los Angeles Lakers,Western,100.75,0,,,,,
2023-08-03,2023,BOS,Boston Celtics,Eastern,112.98,0,,,,,
2023-08-03,2023,MIA,Miami Heat,Eastern,106.24,0,,,,,
2023-08-03,2023,MIL,Milwaukee Bucks,Eastern,105.48,0,,,,,
2023-08-03,2023,DEN,Denver Nuggets,Western,106.65,0,,,,,
2023-08-03,2023,GSW,Golden State Warriors,Western,101.18,0,,,,,
2023-08-03,2023,LAL,Los Angeles Lakers,Western,101.47,0,,,,,
2023-08-04,2023,BOS,Boston Celtics,Eastern,113.34,0,,,,,
2023-08-04,2023,MIA,Miami Heat,Eastern,107.47,0,,,,,
2023-08-04,2023,MIL,Milwaukee Bucks,Eastern,106.41,0,,,,,
2023-08-04,2023,DEN,Denver Nuggets,Western,106.27,0,,,,,
2023-08-04,2023,GSW,Golden State Warriors,Western,101.26,0,,,,,
2023-08-04,2023,LAL,Los Angeles Lakers,Western,101.04,0,,,,,
2023-08-05,2023,BOS,Boston Celtics,Eastern,111.86,0,,,,,
2023-08-05,2023,MIA,Miami Heat,Eastern,107.22,0,,,,,
2023-08-05,2023,MIL,Milwaukee Bucks,Eastern,104.79,0,,,,,
2023-08-05,2023,DEN,Denver Nuggets,Western,105.82,0,,,,,
2023-08-05,2023,GSW,Golden State Warriors,Western,101.39,0,,,,,
2023-08-05,2023,LAL,Los Angeles Lakers,Western,101.02,0,,,,,
2023-08-06,2023,BOS,Boston Celtics,Eastern,113.05,0,,,,,
2023-08-06,2023,MIA,Miami Heat,Eastern,105.83,0,,,,,
2023-08-06,2023,MIL,Milwaukee Bucks,Eastern,104.63,0,,,,,
2023-08-06,2023,DEN,Denver Nuggets,Western,105.86,0,,,,,
2023-08-06,2023,GSW,Golden State Warriors,Western,101.26,0,,,,,
2023-08-06,2023,LAL,Los Angeles Lakers,Western,101.07,0,,,,,
2023-08-07,2023,BOS,Boston Celtics,Eastern,112.96,0,,,,,
2023-08-07,2023,MIA,Miami Heat,Eastern,106.82,0,,,,,
2023-08-07,2023,MIL,Milwaukee Bucks,Eastern,104.97,0,,,,,
2023-08-07,2023,DEN,Denver Nuggets,Western,106.25,0,,,,,
2023-08-07,2023,GSW,Golden State Warriors,Western,102.05,0,,,,,
2023-08-07,2023,LAL,Los Angeles Lakers,Western,102.15,0,,,,,
2023-08-08,2023,BOS,Boston Celtics,Eastern,111.73,0,,,,,
2023-08-08,2023,MIA,Miami Heat,Eastern,105.50,0,,,,,
2023-08-08,2023,MIL,Milwaukee Bucks,Eastern,104.63,0,,,,,
2023-08-08,2023,DEN,Denver Nuggets,Western,106.15,0,,,,,
2023-08-08,2023,GSW,Golden State Warriors,Western,102.05,0,,,,,
2023-08-08,2023,LAL,Los Angeles Lakers,Western,101.35,0,,,,,
2023-08-09,2023,BOS,Boston Celtics,Eastern,111.69,0,,,,,
2023-08-09,2023,MIA,Miami Heat,Eastern,106.91,0,,,,,
2023-08-09,2023,MIL,Milwaukee Bucks,Eastern,104.90,0,,,,,
2023-08-09,2023,DEN,Denver Nuggets,Western,105.21,0,,,,,
2023-08-09,2023,GSW,Golden State Warriors,Western,102.29,0,,,,,
2023-08-09,2023,LAL,Los Angeles Lakers,Western,101.45,0,,,,,
2023-08-10,2023,BOS,Boston Celtics,Eastern,113.39,0,,,,,
2023-08-10,2023,MIA,Miami Heat,Eastern,105.25,0,,,,,
2023-08-10,2023,MIL,Milwaukee Bucks,Eastern,105.48,0,,,,,
2023-08-10,2023,DEN,Denver Nuggets,Western,106.38,0,,,,,
2023-08-10,2023,GSW,Golden State Warriors,Western,101.66,0,,,,,
2023-08-10,2023,LAL,Los Angeles Lakers,Western,100.87,0,,,,,
2023-08-11,2023,BOS,Boston Celtics,Eastern,112.04,0,,,,,
2023-08-11,2023,MIA,Miami Heat,Eastern,105.34,0,,,,,
2023-08-11,2023,MIL,Milwaukee Bucks,Eastern,104.56,0,,,,,
2023-08-11,2023,DEN,Denver Nuggets,Western,106.74,0,,,,,
2023-08-11,2023,GSW,Golden State Warriors,Western,102.55,0,,,,,
2023-08-11,2023,LAL,Los Angeles Lakers,Western,100.93,0,,,,,
2023-08-12,2023,BOS,Boston Celtics,Eastern,111.90,0,,,,,
2023-08-12,2023,MIA,Miami Heat,Eastern,105.10,0,,,,,
2023-08-12,2023,MIL,Milwaukee Bucks,Eastern,105.21,0,,,,,
2023-08-12,2023,DEN,Denver Nuggets,Western,106.98,0,,,,,
2023-08-12,2023,GSW,Golden State Warriors,Western,102.92,0,,,,,
2023-08-12,2023,LAL,Los Angeles Lakers,Western,101.32,0,,,,,
2023-08-13,2023,BOS,Boston Celtics,Eastern,112.18,0,,,,,
2023-08-13,2023,MIA,Miami Heat,Eastern,106.18,0,,,,,
2023-08-13,2023,MIL,Milwaukee Bucks,Eastern,104.03,0,,,,,
2023-08-13,2023,DEN,Denver Nuggets,Western,106.05,0,,,,,
2023-08-13,2023,GSW,Golden State Warriors,Western,101.51,0,,,,,
2023-08-13,2023,LAL,Los Angeles Lakers,Western,101.96,0,,,,,
2023-08-14,2023,BOS,Boston Celtics,Eastern,113.01,0,,,,,
2023-08-14,2023,MIA,Miami Heat,Eastern,105.59,0,,,,,
2023-08-14,2023,MIL,Milwaukee Bucks,Eastern,104.90,0,,,,,
2023-08-14,2023,DEN,Denver Nuggets,Western,106.43,0,,,,,
2023-08-14,2023,GSW,Golden State Warriors,Western,102.09,0,,,,,
2023-08-14,2023,LAL,Los Angeles Lakers,Western,101.75,0,,,,,
2023-08-15,2023,BOS,Boston Celtics,Eastern,112.99,0,,,,,
2023-08-15,2023,MIA,Miami Heat,Eastern,105.59,0,,,,,
2023-08-15,2023,MIL,Milwaukee Bucks,Eastern,105.61,0,,,,,
2023-08-15,2023,DEN,Denver Nuggets,Western,105.77,0,,,,,
2023-08-15,2023,GSW,Golden State Warriors,Western,102.98,0,,,,,
2023-08-15,2023,LAL,Los Angeles Lakers,Western,101.78,0,,,,,
2023-08-16,2023,BOS,Boston Celtics,Eastern,112.96,0,,,,,
2023-08-16,2023,MIA,Miami Heat,Eastern,105.52,0,,,,,
2023-08-16,2023,MIL,Milwaukee Bucks,Eastern,105.57,0,,,,,
2023-08-16,2023,DEN,Denver Nuggets,Western,105.62,0,,,,,
2023-08-16,2023,GSW,Golden State Warriors,Western,101.82,0,,,,,
2023-08-16,2023,LAL,Los Angeles Lakers,Western,101.74,0,,,,,
2023-08-17,2023,BOS,Boston Celtics,Eastern,112.21,0,,,,,
2023-08-17,2023,MIA,Miami Heat,Eastern,105.53,0,,,,,
2023-08-17,2023,MIL,Milwaukee Bucks,Eastern,104.53,0,,,,,
2023-08-17,2023,DEN,Denver Nuggets,Western,107.14,0,,,,,
2023-08-17,2023,GSW,Golden State Warriors,Western,101.72,0,,,,,
2023-08-17,2023,LAL,Los Angeles Lakers,Western,102.25,0,,,,,
2023-08-18,2023,BOS,Boston Celtics,Eastern,112.68,0,,,,,
2023-08-18,2023,MIA,Miami Heat,Eastern,104.90,0,,,,,
2023-08-18,2023,MIL,Milwaukee Bucks,Eastern,104.00,0,,,,,
2023-08-18,2023,DEN,Denver Nuggets,Western,105.75,0,,,,,
2023-08-18,2023,GSW,Golden State Warriors,Western,102.49,0,,,,,
2023-08-18,2023,LAL,Los Angeles Lakers,Western,101.47,0,,,,,
2023-08-19,2023,BOS,Boston Celtics,Eastern,112.50,0,,,,,
2023-08-19,2023,MIA,Miami Heat,Eastern,105.50,0,,,,,
2023-08-19,2023,MIL,Milwaukee Bucks,Eastern,105.39,0,,,,,
2023-08-19,2023,DEN,Denver Nuggets,Western,106.53,0,,,,,
2023-08-19,2023,GSW,Golden State Warriors,Western,102.58,0,,,,,
2023-08-19,2023,LAL,Los Angeles Lakers,Western,101.80,0,,,,,
2023-08-20,2023,BOS,Boston Celtics,Eastern,112.40,0,,,,,
2023-08-20,2023,MIA,Miami Heat,Eastern,105.38,0,,,,,
2023-08-20,2023,MIL,Milwaukee Bucks,Eastern,104.70,0,,,,,
2023-08-20,2023,DEN,Denver Nuggets,Western,106.85,0,,,,,
2023-08-20,2023,GSW,Golden State Warriors,Western,103.14,0,,,,,
2023-08-20,2023,LAL,Los Angeles Lakers,Western,102.32,0,,,,,
2023-08-21,2023,BOS,Boston Celtics,Eastern,112.22,0,,,,,
2023-08-21,2023,MIA,Miami Heat,Eastern,105.27,0,,,,,
2023-08-21,2023,MIL,Milwaukee Bucks,Eastern,105.42,0,,,,,
2023-08-21,2023,DEN,Denver Nuggets,Western,106.54,0,,,,,
2023-08-21,2023,GSW,Golden State Warriors,Western,103.24,0,,,,,
2023-08-21,2023,LAL,Los Angeles Lakers,Western,101.13,0,,,,,
2023-08-22,2023,BOS,Boston Celtics,Eastern,110.95,0,,,,,
2023-08-22,2023,MIA,Miami Heat,Eastern,104.62,0,,,,,
2023-08-22,2023,MIL,Milwaukee Bucks,Eastern,104.74,0,,,,,
2023-08-22,2023,DEN,Denver Nuggets,Western,106.82,0,,,,,
2023-08-22,2023,GSW,Golden State Warriors,Western,102.83,0,,,,,
2023-08-22,2023,LAL,Los Angeles Lakers,Western,100.99,0,,,,,
2023-08-23,2023,BOS,Boston Celtics,Eastern,111.45,0,,,,,
2023-08-23,2023,MIA,Miami Heat,Eastern,105.04,0,,,,,
2023-08-23,2023,MIL,Milwaukee Bucks,Eastern,104.26,0,,,,,
2023-08-23,2023,DEN,Denver Nuggets,Western,106.14,0,,,,,
2023-08-23,2023,GSW,Golden State Warriors,Western,103.39,0,,,,,
2023-08-23,2023,LAL,Los Angeles Lakers,Western,101.97,0,,,,,
2023-08-24,2023,BOS,Boston Celtics,Eastern,112.35,0,,,,,
2023-08-24,2023,MIA,Miami Heat,Eastern,104.54,0,,,,,
2023-08-24,2023,MIL,Milwaukee Bucks,Eastern,104.31,0,,,,,
2023-08-24,2023,DEN,Denver Nuggets,Western,105.88,0,,,,,
2023-08-24,2023,GSW,Golden State Warriors,Western,103.15,0,,,,,
2023-08-24,2023,LAL,Los Angeles Lakers,Western,102.54,0,,,,,
2023-08-25,2023,BOS,Boston Celtics,Eastern,112.06,0,,,,,
2023-08-25,2023,MIA,Miami Heat,Eastern,105.47,0,,,,,
2023-08-25,2023,MIL,Milwaukee Bucks,Eastern,105.66,0,,,,,
2023-08-25,2023,DEN,Denver Nuggets,Western,106.90,0,,,,,
2023-08-25,2023,GSW,Golden State Warriors,Western,102.08,0,,,,,
2023-08-25,2023,LAL,Los Angeles Lakers,Western,102.15,0,,,,,
2023-08-26,2023,BOS,Boston Celtics,Eastern,111.06,0,,,,,
2023-08-26,2023,MIA,Miami Heat,Eastern,105.40,0,,,,,
2023-08-26,2023,MIL,Milwaukee Bucks,Eastern,104.26,0,,,,,
2023-08-26,2023,DEN,Denver Nuggets,Western,107.63,0,,,,,
2023-08-26,2023,GSW,Golden State Warriors,Western,101.92,0,,,,,
2023-08-26,2023,LAL,Los Angeles Lakers,Western,101.44,0,,,,,
2023-08-27,2023,BOS,Boston Celtics,Eastern,111.67,0,,,,,
2023-08-27,2023,MIA,Miami Heat,Eastern,104.25,0,,,,,
2023-08-27,2023,MIL,Milwaukee Bucks,Eastern,104.89,0,,,,,
2023-08-27,2023,DEN,Denver Nuggets,Western,107.49,0,,,,,
2023-08-27,2023,GSW,Golden State Warriors,Western,101.98,0,,,,,
2023-08-27,2023,LAL,Los Angeles Lakers,Western,101.02,0,,,,,
2023-08-28,2023,BOS,Boston Celtics,Eastern,110.95,0,,,,,
2023-08-28,2023,MIA,Miami Heat,Eastern,104.90,0,,,,,
2023-08-28,2023,MIL,Milwaukee Bucks,Eastern,104.76,0,,,,,
2023-08-28,2023,DEN,Denver Nuggets,Western,107.58,0,,,,,
2023-08-28,2023,GSW,Golden State Warriors,Western,101.76,0,,,,,
2023-08-28,2023,LAL,Los Angeles Lakers,Western,101.32,0,,,,,
2023-08-29,2023,BOS,Boston Celtics,Eastern,112.02,0,,,,,
2023-08-29,2023,MIA,Miami Heat,Eastern,104.22,0,,,,,
2023-08-29,2023,MIL,Milwaukee Bucks,Eastern,104.26,0,,,,,
2023-08-29,2023,DEN,Denver Nuggets,Western,107.56,0,,,,,
2023-08-29,2023,GSW,Golden State Warriors,Western,101.88,0,,,,,
2023-08-29,2023,LAL,Los Angeles Lakers,Western,100.94,0,,,,,
2023-08-30,2023,BOS,Boston Celtics,Eastern,112.01,0,,,,,
2023-08-30,2023,MIA,Miami Heat,Eastern,105.15,0,,,,,
2023-08-30,2023,MIL,Milwaukee Bucks,Eastern,104.95,0,,,,,
2023-08-30,2023,DEN,Denver Nuggets,Western,107.09,0,,,,,
2023-08-30,2023,GSW,Golden State Warriors,Western,102.44,0,,,,,
2023-08-30,2023,LAL,Los Angeles Lakers,Western,102.11,0,,,,,
2023-08-31,2023,BOS,Boston Celtics,Eastern,111.00,0,,,,,
2023-08-31,2023,MIA,Miami Heat,Eastern,105.38,0,,,,,
2023-08-31,2023,MIL,Milwaukee Bucks,Eastern,105.56,0,,,,,
2023-08-31,2023,DEN,Denver Nuggets,Western,107.04,0,,,,,
2023-08-31,2023,GSW,Golden State Warriors,Western,102.25,0,,,,,
2023-08-31,2023,LAL,Los Angeles Lakers,Western,101.36,0,,,,,
2023-09-01,2023,BOS,Boston Celtics,Eastern,111.37,0,,,,,
2023-09-01,2023,MIA,Miami Heat,Eastern,104.31,0,,,,,
2023-09-01,2023,MIL,Milwaukee Bucks,Eastern,104.51,0,,,,,
2023-09-01,2023,DEN,Denver Nuggets,Western,107.43,0,,,,,
2023-09-01,2023,GSW,Golden State Warriors,Western,103.17,0,,,,,
2023-09-01,2023,LAL,Los Angeles Lakers,Western,102.16,0,,,,,
2023-09-02,2023,BOS,Boston Celtics,Eastern,110.99,0,,,,,
2023-09-02,2023,MIA,Miami Heat,Eastern,104.76,0,,,,,
2023-09-02,2023,MIL,Milwaukee Bucks,Eastern,105.56,0,,,,,
2023-09-02,2023,DEN,Denver Nuggets,Western,106.36,0,,,,,
2023-09-02,2023,GSW,Golden State Warriors,Western,102.10,0,,,,,
2023-09-02,2023,LAL,Los Angeles Lakers,Western,101.94,0,,,,,
2023-09-03,2023,BOS,Boston Celtics,Eastern,110.37,0,,,,,
2023-09-03,2023,MIA,Miami Heat,Eastern,104.25,0,,,,,
2023-09-03,2023,MIL,Milwaukee Bucks,Eastern,105.44,0,,,,,
2023-09-03,2023,DEN,Denver Nuggets,Western,106.34,0,,,,,
2023-09-03,2023,GSW,Golden State Warriors,Western,102.86,0,,,,,
2023-09-03,2023,LAL,Los Angeles Lakers,Western,102.05,0,,,,,
2023-09-04,2023,BOS,Boston Celtics,Eastern,111.82,0,,,,,
2023-09-04,2023,MIA,Miami Heat,Eastern,104.79,0,,,,,
2023-09-04,2023,MIL,Milwaukee Bucks,Eastern,104.30,0,,,,,
2023-09-04,2023,DEN,Denver Nuggets,Western,106.49,0,,,,,
2023-09-04,2023,GSW,Golden State Warriors,Western,101.83,0,,,,,
2023-09-04,2023,LAL,Los Angeles Lakers,Western,101.33,0,,,,,
2023-09-05,2023,BOS,Boston Celtics,Eastern,110.54,0,,,,,
2023-09-05,2023,MIA,Miami Heat,Eastern,104.72,0,,,,,
2023-09-05,2023,MIL,Milwaukee Bucks,Eastern,104.62,0,,,,,
2023-09-05,2023,DEN,Denver Nuggets,Western,106.50,0,,,,,
2023-09-05,2023,GSW,Golden State Warriors,Western,101.56,0,,,,,
2023-09-05,2023,LAL,Los Angeles Lakers,Western,100.64,0,,,,,
2023-09-06,2023,BOS,Boston Celtics,Eastern,111.64,0,,,,,
2023-09-06,2023,MIA,Miami Heat,Eastern,104.36,0,,,,,
2023-09-06,2023,MIL,Milwaukee Bucks,Eastern,104.99,0,,,,,
2023-09-06,2023,DEN,Denver Nuggets,Western,106.13,0,,,,,
2023-09-06,2023,GSW,Golden State Warriors,Western,102.62,0,,,,,
2023-09-06,2023,LAL,Los Angeles Lakers,Western,101.44,0,,,,,
2023-09-07,2023,BOS,Boston Celtics,Eastern,110.70,0,,,,,
2023-09-07,2023,MIA,Miami Heat,Eastern,105.28,0,,,,,
2023-09-07,2023,MIL,Milwaukee Bucks,Eastern,104.94,0,,,,,
2023-09-07,2023,DEN,Denver Nuggets,Western,107.47,0,,,,,
2023-09-07,2023,GSW,Golden State Warriors,Western,101.41,0,,,,,
2023-09-07,2023,LAL,Los Angeles Lakers,Western,101.23,0,,,,,
2023-09-08,2023,BOS,Boston Celtics,Eastern,110.35,0,,,,,
2023-09-08,2023,MIA,Miami Heat,Eastern,104.14,0,,,,,
2023-09-08,2023,MIL,Milwaukee Bucks,Eastern,105.46,0,,,,,
2023-09-08,2023,DEN,Denver Nuggets,Western,105.87,0,,,,,
2023-09-08,2023,GSW,Golden State Warriors,Western,102.01,0,,,,,
2023-09-08,2023,LAL,Los Angeles Lakers,Western,100.98,0,,,,,
2023-09-09,2023,BOS,Boston Celtics,Eastern,110.39,0,,,,,
2023-09-09,2023,MIA,Miami Heat,Eastern,105.34,0,,,,,
2023-09-09,2023,MIL,Milwaukee Bucks,Eastern,105.00,0,,,,,
2023-09-09,2023,DEN,Denver Nuggets,Western,107.00,0,,,,,
2023-09-09,2023,GSW,Golden State Warriors,Western,102.41,0,,,,,
2023-09-09,2023,LAL,Los Angeles Lakers,Western,101.81,0,,,,,
2023-09-10,2023,BOS,Boston Celtics,Eastern,111.15,0,,,,,
2023-09-10,2023,MIA,Miami Heat,Eastern,104.89,0,,,,,
2023-09-10,2023,MIL,Milwaukee Bucks,Eastern,105.02,0,,,,,
2023-09-10,2023,DEN,Denver Nuggets,Western,107.34,0,,,,,
2023-09-10,2023,GSW,Golden State Warriors,Western,102.11,0,,,,,
2023-09-10,2023,LAL,Los Angeles Lakers,Western,100.66,0,,,,,
2023-09-11,2023,BOS,Boston Celtics,Eastern,110.80,0,,,,,
2023-09-11,2023,MIA,Miami Heat,Eastern,105.39,0,,,,,
2023-09-11,2023,MIL,Milwaukee Bucks,Eastern,105.08,0,,,,,
2023-09-11,2023,DEN,Denver Nuggets,Western,107.44,0,,,,,
2023-09-11,2023,GSW,Golden State Warriors,Western,101.61,0,,,,,
2023-09-11,2023,LAL,Los Angeles Lakers,Western,101.22,0,,,,,
2023-09-12,2023,BOS,Boston Celtics,Eastern,111.89,0,,,,,
2023-09-12,2023,MIA,Miami Heat,Eastern,105.46,0,,,,,
2023-09-12,2023,MIL,Milwaukee Bucks,Eastern,105.14,0,,,,,
2023-09-12,2023,DEN,Denver Nuggets,Western,106.24,0,,,,,
2023-09-12,2023,GSW,Golden State Warriors,Western,101.08,0,,,,,
2023-09-12,2023,LAL,Los Angeles Lakers,Western,101.60,0,,,,,
2023-09-13,2023,BOS,Boston Celtics,Eastern,111.72,0,,,,,
2023-09-13,2023,MIA,Miami Heat,Eastern,105.36,0,,,,,
2023-09-13,2023,MIL,Milwaukee Bucks,Eastern,105.55,0,,,,,
2023-09-13,2023,DEN,Denver Nuggets,Western,106.63,0,,,,,
2023-09-13,2023,GSW,Golden State Warriors,Western,101.31,0,,,,,
2023-09-13,2023,LAL,Los Angeles Lakers,Western,100.83,0,,,,,
2023-09-14,2023,BOS,Boston Celtics,Eastern,111.52,0,,,,,
2023-09-14,2023,MIA,Miami Heat,Eastern,106.01,0,,,,,
2023-09-14,2023,MIL,Milwaukee Bucks,Eastern,104.79,0,,,,,
2023-09-14,2023,DEN,Denver Nuggets,Western,106.04,0,,,,,
2023-09-14,2023,GSW,Golden State Warriors,Western,101.72,0,,,,,
2023-09-14,2023,LAL,Los Angeles Lakers,Western,100.23,0,,,,,
2023-09-15,2023,BOS,Boston Celtics,Eastern,111.42,0,,,,,
2023-09-15,2023,MIA,Miami Heat,Eastern,105.04,0,,,,,
2023-09-15,2023,MIL,Milwaukee Bucks,Eastern,104.32,0,,,,,
2023-09-15,2023,DEN,Denver Nuggets,Western,105.71,0,,,,,
2023-09-15,2023,GSW,Golden State Warriors,Western,100.48,0,,,,,
2023-09-15,2023,LAL,Los Angeles Lakers,Western,101.66,0,,,,,
2023-09-16,2023,BOS,Boston Celtics,Eastern,110.92,0,,,,,
2023-09-16,2023,MIA,Miami Heat,Eastern,104.42,0,,,,,
2023-09-16,2023,MIL,Milwaukee Bucks,Eastern,106.02,0,,,,,
2023-09-16,2023,DEN,Denver Nuggets,Western,106.96,0,,,,,
2023-09-16,2023,GSW,Golden State Warriors,Western,100.45,0,,,,,
2023-09-16,2023,LAL,Los Angeles Lakers,Western,100.35,0,,,,,
2023-09-17,2023,BOS,Boston Celtics,Eastern,111.05,0,,,,,
2023-09-17,2023,MIA,Miami Heat,Eastern,105.39,0,,,,,
2023-09-17,2023,MIL,Milwaukee Bucks,Eastern,105.32,0,,,,,
2023-09-17,2023,DEN,Denver Nuggets,Western,106.26,0,,,,,
2023-09-17,2023,GSW,Golden State Warriors,Western,100.61,0,,,,,
2023-09-17,2023,LAL,Los Angeles Lakers,Western,101.43,0,,,,,
2023-09-18,2023,BOS,Boston Celtics,Eastern,111.42,0,,,,,
2023-09-18,2023,MIA,Miami Heat,Eastern,106.12,0,,,,,
2023-09-18,2023,MIL,Milwaukee Bucks,Eastern,105.13,0,,,,,
2023-09-18,2023,DEN,Denver Nuggets,Western,106.78,0,,,,,
2023-09-18,2023,GSW,Golden State Warriors,Western,100.92,0,,,,,
2023-09-18,2023,LAL,Los Angeles Lakers,Western,100.89,0,,,,,
2023-09-19,2023,BOS,Boston Celtics,Eastern,111.88,0,,,,,
2023-09-19,2023,MIA,Miami Heat,Eastern,105.75,0,,,,,
2023-09-19,2023,MIL,Milwaukee Bucks,Eastern,104.56,0,,,,,
2023-09-19,2023,DEN,Denver Nuggets,Western,106.26,0,,,,,
2023-09-19,2023,GSW,Golden State Warriors,Western,100.94,0,,,,,
2023-09-19,2023,LAL,Los Angeles Lakers,Western,100.26,0,,,,,
2023-09-20,2023,BOS,Boston Celtics,Eastern,111.16,0,,,,,
2023-09-20,2023,MIA,Miami Heat,Eastern,106.12,0,,,,,
2023-09-20,2023,MIL,Milwaukee Bucks,Eastern,104.64,0,,,,,
2023-09-20,2023,DEN,Denver Nuggets,Western,106.59,0,,,,,
2023-09-20,2023,GSW,Golden State Warriors,Western,100.37,0,,,,,
2023-09-20,2023,LAL,Los Angeles Lakers,Western,100.85,0,,,,,
2023-09-21,2023,BOS,Boston Celtics,Eastern,112.07,0,,,,,
2023-09-21,2023,MIA,Miami Heat,Eastern,105.74,0,,,,,
2023-09-21,2023,MIL,Milwaukee Bucks,Eastern,105.50,0,,,,,
2023-09-21,2023,DEN,Denver Nuggets,Western,105.82,0,,,,,
2023-09-21,2023,GSW,Golden State Warriors,Western,100.17,0,,,,,
2023-09-21,2023,LAL,Los Angeles Lakers,Western,100.55,0,,,,,
2023-09-22,2023,BOS,Boston Celtics,Eastern,112.28,0,,,,,
2023-09-22,2023,MIA,Miami Heat,Eastern,105.88,0,,,,,
2023-09-22,2023,MIL,Milwaukee Bucks,Eastern,105.32,0,,,,,
2023-09-22,2023,DEN,Denver Nuggets,Western,106.19,0,,,,,
2023-09-22,2023,GSW,Golden State Warriors,Western,101.17,0,,,,,
2023-09-22,2023,LAL,Los Angeles Lakers,Western,101.83,0,,,,,
2023-09-23,2023,BOS,Boston Celtics,Eastern,111.03,0,,,,,
2023-09-23,2023,MIA,Miami Heat,Eastern,104.92,0,,,,,
2023-09-23,2023,MIL,Milwaukee Bucks,Eastern,104.09,0,,,,,
2023-09-23,2023,DEN,Denver Nuggets,Western,104.68,0,,,,,
2023-09-23,2023,GSW,Golden State Warriors,Western,101.55,0,,,,,
2023-09-23,2023,LAL,Los Angeles Lakers,Western,100.90,0,,,,,
2023-09-24,2023,BOS,Boston Celtics,Eastern,112.33,0,,,,,
2023-09-24,2023,MIA,Miami Heat,Eastern,104.85,0,,,,,
2023-09-24,2023,MIL,Milwaukee Bucks,Eastern,104.35,0,,,,,
2023-09-24,2023,DEN,Denver Nuggets,Western,105.86,0,,,,,
2023-09-24,2023,GSW,Golden State Warriors,Western,101.07,0,,,,,
2023-09-24,2023,LAL,Los Angeles Lakers,Western,100.64,0,,,,,
2023-09-25,2023,BOS,Boston Celtics,Eastern,112.42,0,,,,,
2023-09-25,2023,MIA,Miami Heat,Eastern,104.99,0,,,,,
2023-09-25,2023,MIL,Milwaukee Bucks,Eastern,105.41,0,,,,,
2023-09-25,2023,DEN,Denver Nuggets,Western,105.79,0,,,,,
2023-09-25,2023,GSW,Golden State Warriors,Western,101.45,0,,,,,
2023-09-25,2023,LAL,Los Angeles Lakers,Western,101.81,0,,,,,
2023-09-26,2023,BOS,Boston Celtics,Eastern,112.34,0,,,,,
2023-09-26,2023,MIA,Miami Heat,Eastern,106.04,0,,,,,
2023-09-26,2023,MIL,Milwaukee Bucks,Eastern,104.88,0,,,,,
2023-09-26,2023,DEN,Denver Nuggets,Western,105.66,0,,,,,
2023-09-26,2023,GSW,Golden State Warriors,Western,100.80,0,,,,,
2023-09-26,2023,LAL,Los Angeles Lakers,Western,102.33,0,,,,,
2023-09-27,2023,BOS,Boston Celtics,Eastern,111.45,0,,,,,
2023-09-27,2023,MIA,Miami Heat,Eastern,105.29,0,,,,,
2023-09-27,2023,MIL,Milwaukee Bucks,Eastern,103.80,0,,,,,
2023-09-27,2023,DEN,Denver Nuggets,Western,104.94,0,,,,,
2023-09-27,2023,GSW,Golden State Warriors,Western,101.38,0,,,,,
2023-09-27,2023,LAL,Los Angeles Lakers,Western,102.20,0,,,,,
2023-09-28,2023,BOS,Boston Celtics,Eastern,112.04,0,,,,,
2023-09-28,2023,MIA,Miami Heat,Eastern,105.40,0,,,,,
2023-09-28,2023,MIL,Milwaukee Bucks,Eastern,104.83,0,,,,,
2023-09-28,2023,DEN,Denver Nuggets,Western,104.20,0,,,,,
2023-09-28,2023,GSW,Golden State Warriors,Western,100.03,0,,,,,
2023-09-28,2023,LAL,Los Angeles Lakers,Western,101.17,0,,,,,
2023-09-29,2023,BOS,Boston Celtics,Eastern,111.72,0,,,,,
2023-09-29,2023,MIA,Miami Heat,Eastern,104.78,0,,,,,
2023-09-29,2023,MIL,Milwaukee Bucks,Eastern,103.96,0,,,,,
2023-09-29,2023,DEN,Denver Nuggets,Western,105.36,0,,,,,
2023-09-29,2023,GSW,Golden State Warriors,Western,100.27,0,,,,,
2023-09-29,2023,LAL,Los Angeles Lakers,Western,101.62,0,,,,,
2023-09-30,2023,BOS,Boston Celtics,Eastern,112.26,0,,,,,
2023-09-30,2023,MIA,Miami Heat,Eastern,104.59,0,,,,,
2023-09-30,2023,MIL,Milwaukee Bucks,Eastern,103.76,0,,,,,
2023-09-30,2023,DEN,Denver Nuggets,Western,104.90,0,,,,,
2023-09-30,2023,GSW,Golden State Warriors,Western,100.77,0,,,,,
2023-09-30,2023,LAL,Los Angeles Lakers,Western,102.94,0,,,,,
2023-10-01,2023,BOS,Boston Celtics,Eastern,112.48,0,,,,,
2023-10-01,2023,MIA,Miami Heat,Eastern,104.38,0,,,,,
2023-10-01,2023,MIL,Milwaukee Bucks,Eastern,105.95,1,LAL,125,100,1,25
2023-10-01,2023,DEN,Denver Nuggets,Western,105.14,0,,,,,
2023-10-01,2023,GSW,Golden State Warriors,Western,99.77,0,,,,,
2023-10-01,2023,LAL,Los Angeles Lakers,Western,102.32,1,MIL,118,112,1,6
2023-10-02,2023,BOS,Boston Celtics,Eastern,110.99,1,GSW,104,129,0,-25
2023-10-02,2023,MIA,Miami Heat,Eastern,104.63,0,,,,,
2023-10-02,2023,MIL,Milwaukee Bucks,Eastern,104.11,0,,,,,
2023-10-02,2023,DEN,Denver Nuggets,Western,105.46,1,MIA,115,110,1,5
2023-10-02,2023,GSW,Golden State Warriors,Western,100.37,0,,,,,
2023-10-02,2023,LAL,Los Angeles Lakers,Western,102.86,0,,,,,
2023-10-03,2023,BOS,Boston Celtics,Eastern,112.72,0,,,,,
2023-10-03,2023,MIA,Miami Heat,Eastern,105.34,1,LAL,111,110,1,1
2023-10-03,2023,MIL,Milwaukee Bucks,Eastern,102.96,0,,,,,
2023-10-03,2023,DEN,Denver Nuggets,Western,104.79,0,,,,,
2023-10-03,2023,GSW,Golden State Warriors,Western,99.90,1,MIL,103,129,0,-26
2023-10-03,2023,LAL,Los Angeles Lakers,Western,102.36,0,,,,,
2023-10-04,2023,BOS,Boston Celtics,Eastern,112.77,0,,,,,
2023-10-04,2023,MIA,Miami Heat,Eastern,105.72,0,,,,,
2023-10-04,2023,MIL,Milwaukee Bucks,Eastern,101.38,1,BOS,99,129,0,-30
2023-10-04,2023,DEN,Denver Nuggets,Western,104.65,0,,,,,
2023-10-04,2023,GSW,Golden State Warriors,Western,100.97,0,,,,,
2023-10-04,2023,LAL,Los Angeles Lakers,Western,103.12,1,DEN,126,123,1,3
2023-10-05,2023,BOS,Boston Celtics,Eastern,114.56,1,LAL,126,104,1,22
2023-10-05,2023,MIA,Miami Heat,Eastern,104.54,0,,,,,
2023-10-05,2023,MIL,Milwaukee Bucks,Eastern,102.53,0,,,,,
2023-10-05,2023,DEN,Denver Nuggets,Western,102.74,1,MIL,109,124,0,-15
2023-10-05,2023,GSW,Golden State Warriors,Western,100.44,0,,,,,
2023-10-05,2023,LAL,Los Angeles Lakers,Western,103.03,0,,,,,
2023-10-06,2023,BOS,Boston Celtics,Eastern,112.08,0,,,,,
2023-10-06,2023,MIA,Miami Heat,Eastern,105.34,1,BOS,118,122,0,-4
2023-10-06,2023,MIL,Milwaukee Bucks,Eastern,103.11,0,,,,,
2023-10-06,2023,DEN,Denver Nuggets,Western,103.90,0,,,,,
2023-10-06,2023,GSW,Golden State Warriors,Western,100.09,1,DEN,112,119,0,-7
2023-10-06,2023,LAL,Los Angeles Lakers,Western,103.27,0,,,,,
2023-10-07,2023,BOS,Boston Celtics,Eastern,112.96,0,,,,,
2023-10-07,2023,MIA,Miami Heat,Eastern,104.62,0,,,,,
2023-10-07,2023,MIL,Milwaukee Bucks,Eastern,101.12,1,MIA,116,129,0,-13
2023-10-07,2023,DEN,Denver Nuggets,Western,104.28,0,,,,,
2023-10-07,2023,GSW,Golden State Warriors,Western,100.74,0,,,,,
2023-10-07,2023,LAL,Los Angeles Lakers,Western,104.08,1,GSW,129,102,1,27
2023-10-08,2023,BOS,Boston Celtics,Eastern,111.57,1,MIA,99,115,0,-16
2023-10-08,2023,MIA,Miami Heat,Eastern,104.99,0,,,,,
2023-10-08,2023,MIL,Milwaukee Bucks,Eastern,102.91,0,,,,,
2023-10-08,2023,DEN,Denver Nuggets,Western,105.81,1,GSW,120,101,1,19
2023-10-08,2023,GSW,Golden State Warriors,Western,100.13,0,,,,,
2023-10-08,2023,LAL,Los Angeles Lakers,Western,103.77,0,,,,,
2023-10-09,2023,BOS,Boston Celtics,Eastern,111.79,0,,,,,
2023-10-09,2023,MIA,Miami Heat,Eastern,104.85,1,MIL,109,102,1,7
2023-10-09,2023,MIL,Milwaukee Bucks,Eastern,102.07,0,,,,,
2023-10-09,2023,DEN,Denver Nuggets,Western,103.34,0,,,,,
2023-10-09,2023,GSW,Golden State Warriors,Western,99.86,1,LAL,105,115,0,-10
2023-10-09,2023,LAL,Los Angeles Lakers,Western,103.01,0,,,,,
2023-10-10,2023,BOS,Boston Celtics,Eastern,113.24,0,,,,,
2023-10-10,2023,MIA,Miami Heat,Eastern,104.66,0,,,,,
2023-10-10,2023,MIL,Milwaukee Bucks,Eastern,103.07,1,DEN,131,127,1,4
2023-10-10,2023,DEN,Denver Nuggets,Western,104.08,0,,,,,
2023-10-10,2023,GSW,Golden State Warriors,Western,101.40,0,,,,,
2023-10-10,2023,LAL,Los Angeles Lakers,Western,104.95,1,BOS,110,97,1,13
2023-10-11,2023,BOS,Boston Celtics,Eastern,112.64,1,MIA,106,114,0,-8
2023-10-11,2023,MIA,Miami Heat,Eastern,104.17,0,,,,,
2023-10-11,2023,MIL,Milwaukee Bucks,Eastern,102.89,0,,,,,
2023-10-11,2023,DEN,Denver Nuggets,Western,102.48,1,GSW,103,113,0,-10
2023-10-11,2023,GSW,Golden State Warriors,Western,101.55,0,,,,,
2023-10-11,2023,LAL,Los Angeles Lakers,Western,103.71,0,,,,,
2023-10-12,2023,BOS,Boston Celtics,Eastern,112.79,0,,,,,
2023-10-12,2023,MIA,Miami Heat,Eastern,104.61,1,MIL,114,107,1,7
2023-10-12,2023,MIL,Milwaukee Bucks,Eastern,103.07,0,,,,,
2023-10-12,2023,DEN,Denver Nuggets,Western,104.50,0,,,,,
2023-10-12,2023,GSW,Golden State Warriors,Western,101.95,1,LAL,128,96,1,32
2023-10-12,2023,LAL,Los Angeles Lakers,Western,104.23,0,,,,,
2023-10-13,2023,BOS,Boston Celtics,Eastern,112.38,0,,,,,
2023-10-13,2023,MIA,Miami Heat,Eastern,103.48,0,,,,,
2023-10-13,2023,MIL,Milwaukee Bucks,Eastern,102.57,1,DEN,121,110,1,11
2023-10-13,2023,DEN,Denver Nuggets,Western,103.30,0,,,,,
2023-10-13,2023,GSW,Golden State Warriors,Western,101.54,0,,,,,
2023-10-13,2023,LAL,Los Angeles Lakers,Western,105.25,1,BOS,120,112,1,8
2023-10-14,2023,BOS,Boston Celtics,Eastern,111.83,1,MIL,112,124,0,-12
2023-10-14,2023,MIA,Miami Heat,Eastern,104.44,0,,,,,
2023-10-14,2023,MIL,Milwaukee Bucks,Eastern,101.66,0,,,,,
2023-10-14,2023,DEN,Denver Nuggets,Western,105.44,1,LAL,121,100,1,21
2023-10-14,2023,GSW,Golden State Warriors,Western,101.32,0,,,,,
2023-10-14,2023,LAL,Los Angeles Lakers,Western,105.34,0,,,,,
2023-10-15,2023,BOS,Boston Celtics,Eastern,112.99,0,,,,,
2023-10-15,2023,MIA,Miami Heat,Eastern,105.75,1,DEN,128,103,1,25
2023-10-15,2023,MIL,Milwaukee Bucks,Eastern,100.99,0,,,,,
2023-10-15,2023,DEN,Denver Nuggets,Western,103.14,0,,,,,
2023-10-15,2023,GSW,Golden State Warriors,Western,100.32,1,BOS,114,124,0,-10
2023-10-15,2023,LAL,Los Angeles Lakers,Western,104.81,0,,,,,
2023-10-16,2023,BOS,Boston Celtics,Eastern,111.73,0,,,,,
2023-10-16,2023,MIA,Miami Heat,Eastern,103.74,0,,,,,
2023-10-16,2023,MIL,Milwaukee Bucks,Eastern,99.21,1,GSW,98,123,0,-25
2023-10-16,2023,DEN,Denver Nuggets,Western,104.33,0,,,,,
2023-10-16,2023,GSW,Golden State Warriors,Western,101.35,0,,,,,
2023-10-16,2023,LAL,Los Angeles Lakers,Western,105.54,1,MIA,113,100,1,13
2023-10-17,2023,BOS,Boston Celtics,Eastern,111.46,1,DEN,125,130,0,-5
2023-10-17,2023,MIA,Miami Heat,Eastern,102.90,0,,,,,
2023-10-17,2023,MIL,Milwaukee Bucks,Eastern,100.62,0,,,,,
2023-10-17,2023,DEN,Denver Nuggets,Western,101.57,1,BOS,98,129,0,-31
2023-10-17,2023,GSW,Golden State Warriors,Western,102.75,0,,,,,
2023-10-17,2023,LAL,Los Angeles Lakers,Western,104.72,0,,,,,
2023-10-18,2023,BOS,Boston Celtics,Eastern,111.89,0,,,,,
2023-10-18,2023,MIA,Miami Heat,Eastern,103.43,1,GSW,119,125,0,-6
2023-10-18,2023,MIL,Milwaukee Bucks,Eastern,101.24,0,,,,,
2023-10-18,2023,DEN,Denver Nuggets,Western,103.85,0,,,,,
2023-10-18,2023,GSW,Golden State Warriors,Western,102.12,1,MIA,99,100,0,-1
2023-10-18,2023,LAL,Los Angeles Lakers,Western,105.49,0,,,,,
2023-10-19,2023,BOS,Boston Celtics,Eastern,111.66,0,,,,,
2023-10-19,2023,MIA,Miami Heat,Eastern,102.70,0,,,,,
2023-10-19,2023,MIL,Milwaukee Bucks,Eastern,102.99,1,LAL,125,109,1,16
2023-10-19,2023,DEN,Denver Nuggets,Western,103.17,0,,,,,
2023-10-19,2023,GSW,Golden State Warriors,Western,102.83,0,,,,,
2023-10-19,2023,LAL,Los Angeles Lakers,Western,103.13,1,MIL,100,116,0,-16
2023-10-20,2023,BOS,Boston Celtics,Eastern,113.37,1,GSW,126,119,1,7
2023-10-20,2023,MIA,Miami Heat,Eastern,103.19,0,,,,,
2023-10-20,2023,MIL,Milwaukee Bucks,Eastern,101.61,0,,,,,
2023-10-20,2023,DEN,Denver Nuggets,Western,104.06,1,MIA,101,104,0,-3
2023-10-20,2023,GSW,Golden State Warriors,Western,102.49,0,,,,,
2023-10-20,2023,LAL,Los Angeles Lakers,Western,104.84,0,,,,,
2023-10-21,2023,BOS,Boston Celtics,Eastern,111.90,0,,,,,
2023-10-21,2023,MIA,Miami Heat,Eastern,101.84,1,LAL,122,126,0,-4
2023-10-21,2023,MIL,Milwaukee Bucks,Eastern,101.08,0,,,,,
2023-10-21,2023,DEN,Denver Nuggets,Western,104.45,0,,,,,
2023-10-21,2023,GSW,Golden State Warriors,Western,104.93,1,MIL,124,99,1,25
2023-10-21,2023,LAL,Los Angeles Lakers,Western,104.90,0,,,,,
2023-10-22,2023,BOS,Boston Celtics,Eastern,111.97,0,,,,,
2023-10-22,2023,MIA,Miami Heat,Eastern,101.72,0,,,,,
2023-10-22,2023,MIL,Milwaukee Bucks,Eastern,102.36,1,BOS,112,102,1,10
2023-10-22,2023,DEN,Denver Nuggets,Western,104.50,0,,,,,
2023-10-22,2023,GSW,Golden State Warriors,Western,103.25,0,,,,,
2023-10-22,2023,LAL,Los Angeles Lakers,Western,103.61,1,DEN,103,125,0,-22
2023-10-23,2023,BOS,Boston Celtics,Eastern,110.32,1,LAL,98,124,0,-26
2023-10-23,2023,MIA,Miami Heat,Eastern,102.79,0,,,,,
2023-10-23,2023,MIL,Milwaukee Bucks,Eastern,100.83,0,,,,,
2023-10-23,2023,DEN,Denver Nuggets,Western,102.65,1,MIL,107,121,0,-14
2023-10-23,2023,GSW,Golden State Warriors,Western,102.28,0,,,,,
2023-10-23,2023,LAL,Los Angeles Lakers,Western,106.46,0,,,,,
2023-10-24,2023,BOS,Boston Celtics,Eastern,111.20,0,,,,,
2023-10-24,2023,MIA,Miami Heat,Eastern,102.96,1,BOS,104,105,0,-1
2023-10-24,2023,MIL,Milwaukee Bucks,Eastern,101.21,0,,,,,
2023-10-24,2023,DEN,Denver Nuggets,Western,103.97,0,,,,,
2023-10-24,2023,GSW,Golden State Warriors,Western,101.43,1,DEN,98,127,0,-29
2023-10-24,2023,LAL,Los Angeles Lakers,Western,105.97,0,,,,,
2023-10-25,2023,BOS,Boston Celtics,Eastern,112.27,0,,,,,
2023-10-25,2023,MIA,Miami Heat,Eastern,102.24,0,,,,,
2023-10-25,2023,MIL,Milwaukee Bucks,Eastern,101.88,1,MIA,104,98,1,6
2023-10-25,2023,DEN,Denver Nuggets,Western,103.39,0,,,,,
2023-10-25,2023,GSW,Golden State Warriors,Western,102.50,0,,,,,
2023-10-25,2023,LAL,Los Angeles Lakers,Western,107.46,1,GSW,109,100,1,9
2023-10-26,2023,BOS,Boston Celtics,Eastern,112.46,1,MIA,131,108,1,23
2023-10-26,2023,MIA,Miami Heat,Eastern,102.68,0,,,,,
2023-10-26,2023,MIL,Milwaukee Bucks,Eastern,101.13,0,,,,,
2023-10-26,2023,DEN,Denver Nuggets,Western,102.04,1,GSW,102,130,0,-28
2023-10-26,2023,GSW,Golden State Warriors,Western,103.19,0,,,,,
2023-10-26,2023,LAL,Los Angeles Lakers,Western,106.21,0,,,,,
2023-10-27,2023,BOS,Boston Celtics,Eastern,110.81,0,,,,,
2023-10-27,2023,MIA,Miami Heat,Eastern,99.67,1,MIL,103,128,0,-25
2023-10-27,2023,MIL,Milwaukee Bucks,Eastern,100.57,0,,,,,
2023-10-27,2023,DEN,Denver Nuggets,Western,104.80,0,,,,,
2023-10-27,2023,GSW,Golden State Warriors,Western,104.04,1,LAL,112,111,1,1
2023-10-27,2023,LAL,Los Angeles Lakers,Western,105.95,0,,,,,
2023-10-28,2023,BOS,Boston Celtics,Eastern,110.27,0,,,,,
2023-10-28,2023,MIA,Miami Heat,Eastern,102.33,0,,,,,
2023-10-28,2023,MIL,Milwaukee Bucks,Eastern,98.59,1,DEN,101,122,0,-21
2023-10-28,2023,DEN,Denver Nuggets,Western,104.78,0,,,,,
2023-10-28,2023,GSW,Golden State Warriors,Western,103.99,0,,,,,
2023-10-28,2023,LAL,Los Angeles Lakers,Western,107.76,1,BOS,114,109,1,5
2023-10-29,2023,BOS,Boston Celtics,Eastern,110.01,1,MIA,104,105,0,-1
2023-10-29,2023,MIA,Miami Heat,Eastern,101.59,0,,,,,
2023-10-29,2023,MIL,Milwaukee Bucks,Eastern,100.46,0,,,,,
2023-10-29,2023,DEN,Denver Nuggets,Western,105.83,1,GSW,103,98,1,5
2023-10-29,2023,GSW,Golden State Warriors,Western,104.87,0,,,,,
2023-10-29,2023,LAL,Los Angeles Lakers,Western,107.47,0,,,,,
2023-10-30,2023,BOS,Boston Celtics,Eastern,110.44,0,,,,,
2023-10-30,2023,MIA,Miami Heat,Eastern,100.42,1,MIL,112,118,0,-6
2023-10-30,2023,MIL,Milwaukee Bucks,Eastern,99.82,0,,,,,
2023-10-30,2023,DEN,Denver Nuggets,Western,104.57,0,,,,,
2023-10-30,2023,GSW,Golden State Warriors,Western,104.05,1,LAL,118,123,0,-5
2023-10-30,2023,LAL,Los Angeles Lakers,Western,106.15,0,,,,,
2023-10-31,2023,BOS,Boston Celtics,Eastern,110.70,0,,,,,
2023-10-31,2023,MIA,Miami Heat,Eastern,100.85,0,,,,,
2023-10-31,2023,MIL,Milwaukee Bucks,Eastern,99.70,1,DEN,102,110,0,-8
2023-10-31,2023,DEN,Denver Nuggets,Western,104.71,0,,,,,
2023-10-31,2023,GSW,Golden State Warriors,Western,104.03,0,,,,,
2023-10-31,2023,LAL,Los Angeles Lakers,Western,107.17,1,BOS,125,130,0,-5
2023-11-01,2023,BOS,Boston Celtics,Eastern,112.02,1,MIL,125,116,1,9
2023-11-01,2023,MIA,Miami Heat,Eastern,100.11,0,,,,,
2023-11-01,2023,MIL,Milwaukee Bucks,Eastern,100.46,0,,,,,
2023-11-01,2023,DEN,Denver Nuggets,Western,104.21,1,LAL,122,126,0,-4
2023-11-01,2023,GSW,Golden State Warriors,Western,104.30,0,,,,,
2023-11-01,2023,LAL,Los Angeles Lakers,Western,106.86,0,,,,,
2023-11-02,2023,BOS,Boston Celtics,Eastern,110.57,0,,,,,
2023-11-02,2023,MIA,Miami Heat,Eastern,100.14,1,DEN,100,118,0,-18
2023-11-02,2023,MIL,Milwaukee Bucks,Eastern,100.89,0,,,,,
2023-11-02,2023,DEN,Denver Nuggets,Western,105.63,0,,,,,
2023-11-02,2023,GSW,Golden State Warriors,Western,106.21,1,BOS,116,107,1,9
2023-11-02,2023,LAL,Los Angeles Lakers,Western,106.44,0,,,,,
2023-11-03,2023,BOS,Boston Celtics,Eastern,109.27,0,,,,,
2023-11-03,2023,MIA,Miami Heat,Eastern,100.49,0,,,,,
2023-11-03,2023,MIL,Milwaukee Bucks,Eastern,100.99,1,GSW,124,105,1,19
2023-11-03,2023,DEN,Denver Nuggets,Western,104.71,0,,,,,
2023-11-03,2023,GSW,Golden State Warriors,Western,105.01,0,,,,,
2023-11-03,2023,LAL,Los Angeles Lakers,Western,107.12,1,MIA,107,102,1,5
2023-11-04,2023,BOS,Boston Celtics,Eastern,110.04,1,DEN,131,122,1,9
2023-11-04,2023,MIA,Miami Heat,Eastern,101.12,0,,,,,
2023-11-04,2023,MIL,Milwaukee Bucks,Eastern,99.61,0,,,,,
2023-11-04,2023,DEN,Denver Nuggets,Western,105.32,1,BOS,110,119,0,-9
2023-11-04,2023,GSW,Golden State Warriors,Western,104.11,0,,,,,
2023-11-04,2023,LAL,Los Angeles Lakers,Western,107.34,0,,,,,
2023-11-05,2023,BOS,Boston Celtics,Eastern,110.08,0,,,,,
2023-11-05,2023,MIA,Miami Heat,Eastern,100.34,1,GSW,111,119,0,-8
2023-11-05,2023,MIL,Milwaukee Bucks,Eastern,100.93,0,,,,,
2023-11-05,2023,DEN,Denver Nuggets,Western,106.29,0,,,,,
2023-11-05,2023,GSW,Golden State Warriors,Western,104.86,1,MIA,101,110,0,-9
2023-11-05,2023,LAL,Los Angeles Lakers,Western,107.47,0,,,,,
2023-11-06,2023,BOS,Boston Celtics,Eastern,109.67,0,,,,,
2023-11-06,2023,MIA,Miami Heat,Eastern,99.79,0,,,,,
2023-11-06,2023,MIL,Milwaukee Bucks,Eastern,99.18,1,LAL,99,125,0,-26
2023-11-06,2023,DEN,Denver Nuggets,Western,106.40,0,,,,,
2023-11-06,2023,GSW,Golden State Warriors,Western,104.92,0,,,,,
2023-11-06,2023,LAL,Los Angeles Lakers,Western,107.36,1,MIL,106,110,0,-4
2023-11-07,2023,BOS,Boston Celtics,Eastern,111.21,1,GSW,122,99,1,23
2023-11-07,2023,MIA,Miami Heat,Eastern,99.33,0,,,,,
2023-11-07,2023,MIL,Milwaukee Bucks,Eastern,100.11,0,,,,,
2023-11-07,2023,DEN,Denver Nuggets,Western,106.33,1,MIA,113,104,1,9
2023-11-07,2023,GSW,Golden State Warriors,Western,105.48,0,,,,,
2023-11-07,2023,LAL,Los Angeles Lakers,Western,106.51,0,,,,,
2023-11-08,2023,BOS,Boston Celtics,Eastern,109.05,0,,,,,
2023-11-08,2023,MIA,Miami Heat,Eastern,101.19,1,LAL,126,121,1,5
2023-11-08,2023,MIL,Milwaukee Bucks,Eastern,100.81,0,,,,,
2023-11-08,2023,DEN,Denver Nuggets,Western,105.44,0,,,,,
2023-11-08,2023,GSW,Golden State Warriors,Western,107.76,1,MIL,128,104,1,24
2023-11-08,2023,LAL,Los Angeles Lakers,Western,107.67,0,,,,,
2023-11-09,2023,BOS,Boston Celtics,Eastern,108.88,0,,,,,
2023-11-09,2023,MIA,Miami Heat,Eastern,100.62,0,,,,,
2023-11-09,2023,MIL,Milwaukee Bucks,Eastern,101.17,1,BOS,110,99,1,11
2023-11-09,2023,DEN,Denver Nuggets,Western,105.78,0,,,,,
2023-11-09,2023,GSW,Golden State Warriors,Western,106.03,0,,,,,
2023-11-09,2023,LAL,Los Angeles Lakers,Western,107.95,1,DEN,123,104,1,19
2023-11-10,2023,BOS,Boston Celtics,Eastern,108.91,1,LAL,119,128,0,-9
2023-11-10,2023,MIA,Miami Heat,Eastern,100.49,0,,,,,
2023-11-10,2023,MIL,Milwaukee Bucks,Eastern,100.96,0,,,,,
2023-11-10,2023,DEN,Denver Nuggets,Western,105.49,1,MIL,100,117,0,-17
2023-11-10,2023,GSW,Golden State Warriors,Western,106.22,0,,,,,
2023-11-10,2023,LAL,Los Angeles Lakers,Western,106.36,0,,,,,
2023-11-11,2023,BOS,Boston Celtics,Eastern,107.98,0,,,,,
2023-11-11,2023,MIA,Miami Heat,Eastern,100.49,1,BOS,100,99,1,1
2023-11-11,2023,MIL,Milwaukee Bucks,Eastern,101.44,0,,,,,
2023-11-11,2023,DEN,Denver Nuggets,Western,105.96,0,,,,,
2023-11-11,2023,GSW,Golden State Warriors,Western,105.95,1,DEN,127,130,0,-3
2023-11-11,2023,LAL,Los Angeles Lakers,Western,107.96,0,,,,,
2023-11-12,2023,BOS,Boston Celtics,Eastern,107.79,0,,,,,
2023-11-12,2023,MIA,Miami Heat,Eastern,99.31,0,,,,,
2023-11-12,2023,MIL,Milwaukee Bucks,Eastern,100.50,1,MIA,110,107,1,3
2023-11-12,2023,DEN,Denver Nuggets,Western,107.09,0,,,,,
2023-11-12,2023,GSW,Golden State Warriors,Western,106.86,0,,,,,
2023-11-12,2023,LAL,Los Angeles Lakers,Western,107.82,1,GSW,111,110,1,1
2023-11-13,2023,BOS,Boston Celtics,Eastern,107.75,1,MIA,107,115,0,-8
2023-11-13,2023,MIA,Miami Heat,Eastern,99.11,0,,,,,
2023-11-13,2023,MIL,Milwaukee Bucks,Eastern,100.33,0,,,,,
2023-11-13,2023,DEN,Denver Nuggets,Western,107.50,1,GSW,120,101,1,19
2023-11-13,2023,GSW,Golden State Warriors,Western,105.37,0,,,,,
2023-11-13,2023,LAL,Los Angeles Lakers,Western,107.04,0,,,,,
2023-11-14,2023,BOS,Boston Celtics,Eastern,107.42,0,,,,,
2023-11-14,2023,MIA,Miami Heat,Eastern,98.77,1,MIL,107,129,0,-22
2023-11-14,2023,MIL,Milwaukee Bucks,Eastern,100.91,0,,,,,
2023-11-14,2023,DEN,Denver Nuggets,Western,106.31,0,,,,,
2023-11-14,2023,GSW,Golden State Warriors,Western,105.61,1,LAL,99,113,0,-14
2023-11-14,2023,LAL,Los Angeles Lakers,Western,106.26,0,,,,,
2023-11-15,2023,BOS,Boston Celtics,Eastern,108.01,0,,,,,
2023-11-15,2023,MIA,Miami Heat,Eastern,100.39,0,,,,,
2023-11-15,2023,MIL,Milwaukee Bucks,Eastern,101.51,1,DEN,117,105,1,12
2023-11-15,2023,DEN,Denver Nuggets,Western,106.71,0,,,,,
2023-11-15,2023,GSW,Golden State Warriors,Western,106.17,0,,,,,
2023-11-15,2023,LAL,Los Angeles Lakers,Western,106.80,1,BOS,126,118,1,8
2023-11-16,2023,BOS,Boston Celtics,Eastern,108.46,1,MIA,118,101,1,17
2023-11-16,2023,MIA,Miami Heat,Eastern,100.34,0,,,,,
2023-11-16,2023,MIL,Milwaukee Bucks,Eastern,100.70,0,,,,,
2023-11-16,2023,DEN,Denver Nuggets,Western,107.55,1,GSW,103,105,0,-2
2023-11-16,2023,GSW,Golden State Warriors,Western,105.58,0,,,,,
2023-11-16,2023,LAL,Los Angeles Lakers,Western,107.45,0,,,,,
2023-11-17,2023,BOS,Boston Celtics,Eastern,106.93,0,,,,,
2023-11-17,2023,MIA,Miami Heat,Eastern,98.90,1,MIL,100,129,0,-29
2023-11-17,2023,MIL,Milwaukee Bucks,Eastern,102.27,0,,,,,
2023-11-17,2023,DEN,Denver Nuggets,Western,106.85,0,,,,,
2023-11-17,2023,GSW,Golden State Warriors,Western,105.64,1,LAL,122,130,0,-8
2023-11-17,2023,LAL,Los Angeles Lakers,Western,107.74,0,,,,,
2023-11-18,2023,BOS,Boston Celtics,Eastern,107.85,0,,,,,
2023-11-18,2023,MIA,Miami Heat,Eastern,99.73,0,,,,,
2023-11-18,2023,MIL,Milwaukee Bucks,Eastern,102.18,1,DEN,103,102,1,1
2023-11-18,2023,DEN,Denver Nuggets,Western,108.40,0,,,,,
2023-11-18,2023,GSW,Golden State Warriors,Western,106.56,0,,,,,
2023-11-18,2023,LAL,Los Angeles Lakers,Western,106.83,1,BOS,125,114,1,11
2023-11-19,2023,BOS,Boston Celtics,Eastern,105.82,1,MIL,103,122,0,-19
2023-11-19,2023,MIA,Miami Heat,Eastern,100.48,0,,,,,
2023-11-19,2023,MIL,Milwaukee Bucks,Eastern,101.59,0,,,,,
2023-11-19,2023,DEN,Denver Nuggets,Western,109.65,1,LAL,130,113,1,17
2023-11-19,2023,GSW,Golden State Warriors,Western,105.76,0,,,,,
2023-11-19,2023,LAL,Los Angeles Lakers,Western,106.54,0,,,,,
2023-11-20,2023,BOS,Boston Celtics,Eastern,106.57,0,,,,,
2023-11-20,2023,MIA,Miami Heat,Eastern,100.39,1,DEN,125,99,1,26
2023-11-20,2023,MIL,Milwaukee Bucks,Eastern,101.45,0,,,,,
2023-11-20,2023,DEN,Denver Nuggets,Western,108.53,0,,,,,
2023-11-20,2023,GSW,Golden State Warriors,Western,108.19,1,BOS,131,113,1,18
2023-11-20,2023,LAL,Los Angeles Lakers,Western,105.85,0,,,,,
2023-11-21,2023,BOS,Boston Celtics,Eastern,107.08,0,,,,,
2023-11-21,2023,MIA,Miami Heat,Eastern,100.27,0,,,,,
2023-11-21,2023,MIL,Milwaukee Bucks,Eastern,102.79,1,GSW,131,126,1,5
2023-11-21,2023,DEN,Denver Nuggets,Western,108.81,0,,,,,
2023-11-21,2023,GSW,Golden State Warriors,Western,107.06,0,,,,,
2023-11-21,2023,LAL,Los Angeles Lakers,Western,105.20,1,MIA,106,113,0,-7
2023-11-22,2023,BOS,Boston Celtics,Eastern,108.75,1,DEN,113,102,1,11
2023-11-22,2023,MIA,Miami Heat,Eastern,99.41,0,,,,,
2023-11-22,2023,MIL,Milwaukee Bucks,Eastern,101.68,0,,,,,
2023-11-22,2023,DEN,Denver Nuggets,Western,108.84,1,BOS,118,107,1,11
2023-11-22,2023,GSW,Golden State Warriors,Western,106.59,0,,,,,
2023-11-22,2023,LAL,Los Angeles Lakers,Western,106.09,0,,,,,
2023-11-23,2023,BOS,Boston Celtics,Eastern,107.57,0,,,,,
2023-11-23,2023,MIA,Miami Heat,Eastern,99.24,1,GSW,101,100,1,1
2023-11-23,2023,MIL,Milwaukee Bucks,Eastern,102.83,0,,,,,
2023-11-23,2023,DEN,Denver Nuggets,Western,108.37,0,,,,,
2023-11-23,2023,GSW,Golden State Warriors,Western,106.95,1,MIA,111,102,1,9
2023-11-23,2023,LAL,Los Angeles Lakers,Western,105.85,0,,,,,
2023-11-24,2023,BOS,Boston Celtics,Eastern,107.33,0,,,,,
2023-11-24,2023,MIA,Miami Heat,Eastern,100.02,0,,,,,
2023-11-24,2023,MIL,Milwaukee Bucks,Eastern,102.55,1,LAL,101,106,0,-5
2023-11-24,2023,DEN,Denver Nuggets,Western,107.98,0,,,,,
2023-11-24,2023,GSW,Golden State Warriors,Western,107.32,0,,,,,
2023-11-24,2023,LAL,Los Angeles Lakers,Western,105.64,1,MIL,104,121,0,-17
2023-11-25,2023,BOS,Boston Celtics,Eastern,108.26,1,GSW,108,100,1,8
2023-11-25,2023,MIA,Miami Heat,Eastern,100.24,0,,,,,
2023-11-25,2023,MIL,Milwaukee Bucks,Eastern,102.36,0,,,,,
2023-11-25,2023,DEN,Denver Nuggets,Western,109.45,1,MIA,125,117,1,8
2023-11-25,2023,GSW,Golden State Warriors,Western,107.34,0,,,,,
2023-11-25,2023,LAL,Los Angeles Lakers,Western,107.12,0,,,,,
2023-11-26,2023,BOS,Boston Celtics,Eastern,106.99,0,,,,,
2023-11-26,2023,MIA,Miami Heat,Eastern,101.32,1,LAL,130,116,1,14
2023-11-26,2023,MIL,Milwaukee Bucks,Eastern,103.13,0,,,,,
2023-11-26,2023,DEN,Denver Nuggets,Western,108.69,0,,,,,
2023-11-26,2023,GSW,Golden State Warriors,Western,108.45,1,MIL,116,103,1,13
2023-11-26,2023,LAL,Los Angeles Lakers,Western,105.88,0,,,,,
2023-11-27,2023,BOS,Boston Celtics,Eastern,107.37,0,,,,,
2023-11-27,2023,MIA,Miami Heat,Eastern,100.27,0,,,,,
2023-11-27,2023,MIL,Milwaukee Bucks,Eastern,103.13,1,BOS,120,113,1,7
2023-11-27,2023,DEN,Denver Nuggets,Western,109.13,0,,,,,
2023-11-27,2023,GSW,Golden State Warriors,Western,106.29,0,,,,,
2023-11-27,2023,LAL,Los Angeles Lakers,Western,108.36,1,DEN,127,101,1,26
2023-11-28,2023,BOS,Boston Celtics,Eastern,107.05,1,LAL,111,106,1,5
2023-11-28,2023,MIA,Miami Heat,Eastern,99.75,0,,,,,
2023-11-28,2023,MIL,Milwaukee Bucks,Eastern,103.37,0,,,,,
2023-11-28,2023,DEN,Denver Nuggets,Western,109.11,1,MIL,120,126,0,-6
2023-11-28,2023,GSW,Golden State Warriors,Western,106.26,0,,,,,
2023-11-28,2023,LAL,Los Angeles Lakers,Western,106.33,0,,,,,
2023-11-29,2023,BOS,Boston Celtics,Eastern,106.20,0,,,,,
2023-11-29,2023,MIA,Miami Heat,Eastern,99.97,1,BOS,103,102,1,1
2023-11-29,2023,MIL,Milwaukee Bucks,Eastern,103.88,0,,,,,
2023-11-29,2023,DEN,Denver Nuggets,Western,108.95,0,,,,,
2023-11-29,2023,GSW,Golden State Warriors,Western,105.08,1,DEN,115,130,0,-15
2023-11-29,2023,LAL,Los Angeles Lakers,Western,106.18,0,,,,,
2023-11-30,2023,BOS,Boston Celtics,Eastern,107.39,0,,,,,
2023-11-30,2023,MIA,Miami Heat,Eastern,101.03,0,,,,,
2023-11-30,2023,MIL,Milwaukee Bucks,Eastern,103.82,1,MIA,125,109,1,16
2023-11-30,2023,DEN,Denver Nuggets,Western,108.63,0,,,,,
2023-11-30,2023,GSW,Golden State Warriors,Western,106.74,0,,,,,
2023-11-30,2023,LAL,Los Angeles Lakers,Western,107.80,1,GSW,118,100,1,18
2023-12-01,2023,BOS,Boston Celtics,Eastern,108.19,1,MIA,128,105,1,23
2023-12-01,2023,MIA,Miami Heat,Eastern,100.38,0,,,,,
2023-12-01,2023,MIL,Milwaukee Bucks,Eastern,103.78,0,,,,,
2023-12-01,2023,DEN,Denver Nuggets,Western,107.24,1,GSW,107,128,0,-21
2023-12-01,2023,GSW,Golden State Warriors,Western,106.31,0,,,,,
2023-12-01,2023,LAL,Los Angeles Lakers,Western,105.68,0,,,,,
2023-12-02,2023,BOS,Boston Celtics,Eastern,106.51,0,,,,,
2023-12-02,2023,MIA,Miami Heat,Eastern,99.22,1,MIL,116,120,0,-4
2023-12-02,2023,MIL,Milwaukee Bucks,Eastern,102.86,0,,,,,
2023-12-02,2023,DEN,Denver Nuggets,Western,108.89,0,,,,,
2023-12-02,2023,GSW,Golden State Warriors,Western,106.92,1,LAL,106,109,0,-3
2023-12-02,2023,LAL,Los Angeles Lakers,Western,105.56,0,,,,,
2023-12-03,2023,BOS,Boston Celtics,Eastern,105.77,0,,,,,
2023-12-03,2023,MIA,Miami Heat,Eastern,101.01,0,,,,,
2023-12-03,2023,MIL,Milwaukee Bucks,Eastern,104.01,1,DEN,122,119,1,3
2023-12-03,2023,DEN,Denver Nuggets,Western,108.26,0,,,,,
2023-12-03,2023,GSW,Golden State Warriors,Western,106.70,0,,,,,
2023-12-03,2023,LAL,Los Angeles Lakers,Western,105.91,1,BOS,131,128,1,3
2023-12-04,2023,BOS,Boston Celtics,Eastern,104.47,1,MIA,103,126,0,-23
2023-12-04,2023,MIA,Miami Heat,Eastern,101.16,0,,,,,
2023-12-04,2023,MIL,Milwaukee Bucks,Eastern,103.88,0,,,,,
2023-12-04,2023,DEN,Denver Nuggets,Western,108.41,1,GSW,121,120,1,1
2023-12-04,2023,GSW,Golden State Warriors,Western,105.43,0,,,,,
2023-12-04,2023,LAL,Los Angeles Lakers,Western,104.90,0,,,,,
2023-12-05,2023,BOS,Boston Celtics,Eastern,105.92,0,,,,,
2023-12-05,2023,MIA,Miami Heat,Eastern,100.88,1,MIL,127,128,0,-1
2023-12-05,2023,MIL,Milwaukee Bucks,Eastern,103.39,0,,,,,
2023-12-05,2023,DEN,Denver Nuggets,Western,109.19,0,,,,,
2023-12-05,2023,GSW,Golden State Warriors,Western,106.71,1,LAL,117,105,1,12
2023-12-05,2023,LAL,Los Angeles Lakers,Western,105.67,0,,,,,
2023-12-06,2023,BOS,Boston Celtics,Eastern,106.76,0,,,,,
2023-12-06,2023,MIA,Miami Heat,Eastern,101.65,0,,,,,
2023-12-06,2023,MIL,Milwaukee Bucks,Eastern,101.77,1,DEN,113,127,0,-14
2023-12-06,2023,DEN,Denver Nuggets,Western,109.04,0,,,,,
2023-12-06,2023,GSW,Golden State Warriors,Western,106.42,0,,,,,
2023-12-06,2023,LAL,Los Angeles Lakers,Western,103.71,1,BOS,106,119,0,-13
2023-12-07,2023,BOS,Boston Celtics,Eastern,106.37,1,MIL,108,103,1,5
2023-12-07,2023,MIA,Miami Heat,Eastern,100.79,0,,,,,
2023-12-07,2023,MIL,Milwaukee Bucks,Eastern,103.69,0,,,,,
2023-12-07,2023,DEN,Denver Nuggets,Western,107.34,1,LAL,101,122,0,-21
2023-12-07,2023,GSW,Golden State Warriors,Western,105.63,0,,,,,
2023-12-07,2023,LAL,Los Angeles Lakers,Western,104.80,0,,,,,
2023-12-08,2023,BOS,Boston Celtics,Eastern,106.68,0,,,,,
2023-12-08,2023,MIA,Miami Heat,Eastern,99.98,1,DEN,108,111,0,-3
2023-12-08,2023,MIL,Milwaukee Bucks,Eastern,103.72,0,,,,,
2023-12-08,2023,DEN,Denver Nuggets,Western,109.70,0,,,,,
2023-12-08,2023,GSW,Golden State Warriors,Western,105.49,1,BOS,114,123,0,-9
2023-12-08,2023,LAL,Los Angeles Lakers,Western,104.56,0,,,,,
2023-12-09,2023,BOS,Boston Celtics,Eastern,106.54,0,,,,,
2023-12-09,2023,MIA,Miami Heat,Eastern,101.79,0,,,,,
2023-12-09,2023,MIL,Milwaukee Bucks,Eastern,104.32,1,GSW,120,113,1,7
2023-12-09,2023,DEN,Denver Nuggets,Western,109.69,0,,,,,
2023-12-09,2023,GSW,Golden State Warriors,Western,106.54,0,,,,,
2023-12-09,2023,LAL,Los Angeles Lakers,Western,104.59,1,MIA,111,119,0,-8
2023-12-10,2023,BOS,Boston Celtics,Eastern,106.69,1,DEN,105,104,1,1
2023-12-10,2023,MIA,Miami Heat,Eastern,100.99,0,,,,,
2023-12-10,2023,MIL,Milwaukee Bucks,Eastern,103.90,0,,,,,
2023-12-10,2023,DEN,Denver Nuggets,Western,109.73,1,BOS,126,119,1,7
2023-12-10,2023,GSW,Golden State Warriors,Western,105.64,0,,,,,
2023-12-10,2023,LAL,Los Angeles Lakers,Western,104.99,0,,,,,
2023-12-11,2023,BOS,Boston Celtics,Eastern,105.96,0,,,,,
2023-12-11,2023,MIA,Miami Heat,Eastern,102.00,1,GSW,123,122,1,1
2023-12-11,2023,MIL,Milwaukee Bucks,Eastern,103.74,0,,,,,
2023-12-11,2023,DEN,Denver Nuggets,Western,109.53,0,,,,,
2023-12-11,2023,GSW,Golden State Warriors,Western,105.65,1,MIA,103,111,0,-8
2023-12-11,2023,LAL,Los Angeles Lakers,Western,105.32,0,,,,,
2023-12-12,2023,BOS,Boston Celtics,Eastern,107.63,0,,,,,
2023-12-12,2023,MIA,Miami Heat,Eastern,101.67,0,,,,,
2023-12-12,2023,MIL,Milwaukee Bucks,Eastern,105.16,1,LAL,126,117,1,9
2023-12-12,2023,DEN,Denver Nuggets,Western,109.70,0,,,,,
2023-12-12,2023,GSW,Golden State Warriors,Western,106.01,0,,,,,
2023-12-12,2023,LAL,Los Angeles Lakers,Western,104.90,1,MIL,125,129,0,-4
2023-12-13,2023,BOS,Boston Celtics,Eastern,108.79,1,GSW,127,104,1,23
2023-12-13,2023,MIA,Miami Heat,Eastern,101.06,0,,,,,
2023-12-13,2023,MIL,Milwaukee Bucks,Eastern,104.32,0,,,,,
2023-12-13,2023,DEN,Denver Nuggets,Western,110.83,1,MIA,130,101,1,29
2023-12-13,2023,GSW,Golden State Warriors,Western,106.34,0,,,,,
2023-12-13,2023,LAL,Los Angeles Lakers,Western,106.01,0,,,,,
2023-12-14,2023,BOS,Boston Celtics,Eastern,107.33,0,,,,,
2023-12-14,2023,MIA,Miami Heat,Eastern,100.14,1,LAL,105,123,0,-18
2023-12-14,2023,MIL,Milwaukee Bucks,Eastern,104.89,0,,,,,
2023-12-14,2023,DEN,Denver Nuggets,Western,108.65,0,,,,,
2023-12-14,2023,GSW,Golden State Warriors,Western,104.72,1,MIL,101,121,0,-20
2023-12-14,2023,LAL,Los Angeles Lakers,Western,105.61,0,,,,,
2023-12-15,2023,BOS,Boston Celtics,Eastern,106.10,0,,,,,
2023-12-15,2023,MIA,Miami Heat,Eastern,101.39,0,,,,,
2023-12-15,2023,MIL,Milwaukee Bucks,Eastern,105.66,1,BOS,105,96,1,9
2023-12-15,2023,DEN,Denver Nuggets,Western,109.36,0,,,,,
2023-12-15,2023,GSW,Golden State Warriors,Western,106.27,0,,,,,
2023-12-15,2023,LAL,Los Angeles Lakers,Western,104.64,1,DEN,118,126,0,-8
2023-12-16,2023,BOS,Boston Celtics,Eastern,106.79,1,LAL,118,115,1,3
2023-12-16,2023,MIA,Miami Heat,Eastern,101.83,0,,,,,
2023-12-16,2023,MIL,Milwaukee Bucks,Eastern,103.73,0,,,,,
2023-12-16,2023,DEN,Denver Nuggets,Western,107.06,1,MIL,99,118,0,-19
2023-12-16,2023,GSW,Golden State Warriors,Western,105.05,0,,,,,
2023-12-16,2023,LAL,Los Angeles Lakers,Western,105.24,0,,,,,
2023-12-17,2023,BOS,Boston Celtics,Eastern,107.91,0,,,,,
2023-12-17,2023,MIA,Miami Heat,Eastern,101.66,1,BOS,124,114,1,10
2023-12-17,2023,MIL,Milwaukee Bucks,Eastern,103.47,0,,,,,
2023-12-17,2023,DEN,Denver Nuggets,Western,108.20,0,,,,,
2023-12-17,2023,GSW,Golden State Warriors,Western,105.79,1,DEN,118,125,0,-7
2023-12-17,2023,LAL,Los Angeles Lakers,Western,105.81,0,,,,,
2023-12-18,2023,BOS,Boston Celtics,Eastern,106.69,0,,,,,
2023-12-18,2023,MIA,Miami Heat,Eastern,102.29,0,,,,,
2023-12-18,2023,MIL,Milwaukee Bucks,Eastern,105.52,1,MIA,112,104,1,8
2023-12-18,2023,DEN,Denver Nuggets,Western,108.69,0,,,,,
2023-12-18,2023,GSW,Golden State Warriors,Western,106.09,0,,,,,
2023-12-18,2023,LAL,Los Angeles Lakers,Western,107.15,1,GSW,117,103,1,14
2023-12-19,2023,BOS,Boston Celtics,Eastern,108.89,1,MIA,117,99,1,18
2023-12-19,2023,MIA,Miami Heat,Eastern,102.00,0,,,,,
2023-12-19,2023,MIL,Milwaukee Bucks,Eastern,103.95,0,,,,,
2023-12-19,2023,DEN,Denver Nuggets,Western,109.85,1,GSW,123,122,1,1
2023-12-19,2023,GSW,Golden State Warriors,Western,104.82,0,,,,,
2023-12-19,2023,LAL,Los Angeles Lakers,Western,105.56,0,,,,,
2023-12-20,2023,BOS,Boston Celtics,Eastern,107.85,0,,,,,
2023-12-20,2023,MIA,Miami Heat,Eastern,99.67,1,MIL,109,129,0,-20
2023-12-20,2023,MIL,Milwaukee Bucks,Eastern,104.93,0,,,,,
2023-12-20,2023,DEN,Denver Nuggets,Western,109.47,0,,,,,
2023-12-20,2023,GSW,Golden State Warriors,Western,106.49,1,LAL,114,113,1,1
2023-12-20,2023,LAL,Los Angeles Lakers,Western,105.10,0,,,,,
2023-12-21,2023,BOS,Boston Celtics,Eastern,107.53,0,,,,,
2023-12-21,2023,MIA,Miami Heat,Eastern,102.29,0,,,,,
2023-12-21,2023,MIL,Milwaukee Bucks,Eastern,102.81,1,DEN,109,130,0,-21
2023-12-21,2023,DEN,Denver Nuggets,Western,108.58,0,,,,,
2023-12-21,2023,GSW,Golden State Warriors,Western,104.66,0,,,,,
2023-12-21,2023,LAL,Los Angeles Lakers,Western,104.94,1,BOS,116,119,0,-3
2023-12-22,2023,BOS,Boston Celtics,Eastern,105.28,1,MIA,101,126,0,-25
2023-12-22,2023,MIA,Miami Heat,Eastern,102.19,0,,,,,
2023-12-22,2023,MIL,Milwaukee Bucks,Eastern,104.27,0,,,,,
2023-12-22,2023,DEN,Denver Nuggets,Western,107.74,1,GSW,102,107,0,-5
2023-12-22,2023,GSW,Golden State Warriors,Western,105.35,0,,,,,
2023-12-22,2023,LAL,Los Angeles Lakers,Western,104.63,0,,,,,
2023-12-23,2023,BOS,Boston Celtics,Eastern,107.45,0,,,,,
2023-12-23,2023,MIA,Miami Heat,Eastern,101.31,1,MIL,105,124,0,-19
2023-12-23,2023,MIL,Milwaukee Bucks,Eastern,103.54,0,,,,,
2023-12-23,2023,DEN,Denver Nuggets,Western,109.57,0,,,,,
2023-12-23,2023,GSW,Golden State Warriors,Western,105.18,1,LAL,107,109,0,-2
2023-12-23,2023,LAL,Los Angeles Lakers,Western,105.47,0,,,,,
2023-12-24,2023,BOS,Boston Celtics,Eastern,107.10,0,,,,,
2023-12-24,2023,MIA,Miami Heat,Eastern,101.19,0,,,,,
2023-12-24,2023,MIL,Milwaukee Bucks,Eastern,104.29,1,DEN,126,125,1,1
2023-12-24,2023,DEN,Denver Nuggets,Western,108.83,0,,,,,
2023-12-24,2023,GSW,Golden State Warriors,Western,105.64,0,,,,,
2023-12-24,2023,LAL,Los Angeles Lakers,Western,106.13,1,BOS,128,124,1,4
2023-12-25,2023,BOS,Boston Celtics,Eastern,107.51,1,MIL,116,117,0,-1
2023-12-25,2023,MIA,Miami Heat,Eastern,102.93,0,,,,,
2023-12-25,2023,MIL,Milwaukee Bucks,Eastern,104.57,0,,,,,
2023-12-25,2023,DEN,Denver Nuggets,Western,108.23,1,LAL,105,117,0,-12
2023-12-25,2023,GSW,Golden State Warriors,Western,104.85,0,,,,,
2023-12-25,2023,LAL,Los Angeles Lakers,Western,105.48,0,,,,,
2023-12-26,2023,BOS,Boston Celtics,Eastern,107.04,0,,,,,
2023-12-26,2023,MIA,Miami Heat,Eastern,102.40,1,DEN,112,116,0,-4
2023-12-26,2023,MIL,Milwaukee Bucks,Eastern,105.06,0,,,,,
2023-12-26,2023,DEN,Denver Nuggets,Western,108.27,0,,,,,
2023-12-26,2023,GSW,Golden State Warriors,Western,105.72,1,BOS,114,117,0,-3
2023-12-26,2023,LAL,Los Angeles Lakers,Western,105.84,0,,,,,
2023-12-27,2023,BOS,Boston Celtics,Eastern,108.38,0,,,,,
2023-12-27,2023,MIA,Miami Heat,Eastern,102.15,0,,,,,
2023-12-27,2023,MIL,Milwaukee Bucks,Eastern,103.74,1,GSW,124,130,0,-6
2023-12-27,2023,DEN,Denver Nuggets,Western,109.60,0,,,,,
2023-12-27,2023,GSW,Golden State Warriors,Western,106.21,0,,,,,
2023-12-27,2023,LAL,Los Angeles Lakers,Western,106.70,1,MIA,101,100,1,1
2023-12-28,2023,BOS,Boston Celtics,Eastern,109.02,1,DEN,115,105,1,10
2023-12-28,2023,MIA,Miami Heat,Eastern,101.94,0,,,,,
2023-12-28,2023,MIL,Milwaukee Bucks,Eastern,104.21,0,,,,,
2023-12-28,2023,DEN,Denver Nuggets,Western,108.36,1,BOS,124,121,1,3
2023-12-28,2023,GSW,Golden State Warriors,Western,106.05,0,,,,,
2023-12-28,2023,LAL,Los Angeles Lakers,Western,105.93,0,,,,,
2023-12-29,2023,BOS,Boston Celtics,Eastern,107.76,0,,,,,
2023-12-29,2023,MIA,Miami Heat,Eastern,102.95,1,GSW,123,98,1,25
2023-12-29,2023,MIL,Milwaukee Bucks,Eastern,103.43,0,,,,,
2023-12-29,2023,DEN,Denver Nuggets,Western,109.29,0,,,,,
2023-12-29,2023,GSW,Golden State Warriors,Western,106.32,1,MIA,121,115,1,6
2023-12-29,2023,LAL,Los Angeles Lakers,Western,105.61,0,,,,,
2023-12-30,2023,BOS,Boston Celtics,Eastern,108.66,0,,,,,
2023-12-30,2023,MIA,Miami Heat,Eastern,102.10,0,,,,,
2023-12-30,2023,MIL,Milwaukee Bucks,Eastern,104.83,1,LAL,129,115,1,14
2023-12-30,2023,DEN,Denver Nuggets,Western,108.03,0,,,,,
2023-12-30,2023,GSW,Golden State Warriors,Western,106.33,0,,,,,
2023-12-30,2023,LAL,Los Angeles Lakers,Western,103.79,1,MIL,104,119,0,-15
2023-12-31,2023,BOS,Boston Celtics,Eastern,107.22,1,GSW,100,97,1,3
2023-12-31,2023,MIA,Miami Heat,Eastern,101.65,0,,,,,
2023-12-31,2023,MIL,Milwaukee Bucks,Eastern,104.92,0,,,,,
2023-12-31,2023,DEN,Denver Nuggets,Western,108.15,1,MIA,123,124,0,-1
2023-12-31,2023,GSW,Golden State Warriors,Western,105.24,0,,,,,
2023-12-31,2023,LAL,Los Angeles Lakers,Western,105.74,0,,,,,
2024-01-01,2024,BOS,Boston Celtics,Eastern,107.03,0,,,,,
2024-01-01,2024,MIA,Miami Heat,Eastern,100.96,1,LAL,99,116,0,-17
2024-01-01,2024,MIL,Milwaukee Bucks,Eastern,104.67,0,,,,,
2024-01-01,2024,DEN,Denver Nuggets,Western,108.33,0,,,,,
2024-01-01,2024,GSW,Golden State Warriors,Western,104.88,1,MIL,115,120,0,-5
2024-01-01,2024,LAL,Los Angeles Lakers,Western,106.66,0,,,,,
2024-01-02,2024,BOS,Boston Celtics,Eastern,108.22,0,,,,,
2024-01-02,2024,MIA,Miami Heat,Eastern,101.60,0,,,,,
2024-01-02,2024,MIL,Milwaukee Bucks,Eastern,103.52,1,BOS,123,122,1,1
2024-01-02,2024,DEN,Denver Nuggets,Western,109.54,0,,,,,
2024-01-02,2024,GSW,Golden State Warriors,Western,105.43,0,,,,,
2024-01-02,2024,LAL,Los Angeles Lakers,Western,107.05,1,DEN,126,112,1,14
2024-01-03,2024,BOS,Boston Celtics,Eastern,107.21,1,LAL,112,118,0,-6
2024-01-03,2024,MIA,Miami Heat,Eastern,102.41,0,,,,,
2024-01-03,2024,MIL,Milwaukee Bucks,Eastern,104.55,0,,,,,
2024-01-03,2024,DEN,Denver Nuggets,Western,110.68,1,MIL,131,112,1,19
2024-01-03,2024,GSW,Golden State Warriors,Western,106.87,0,,,,,
2024-01-03,2024,LAL,Los Angeles Lakers,Western,106.48,0,,,,,
2024-01-04,2024,BOS,Boston Celtics,Eastern,107.37,0,,,,,
2024-01-04,2024,MIA,Miami Heat,Eastern,101.27,1,BOS,102,114,0,-12
2024-01-04,2024,MIL,Milwaukee Bucks,Eastern,103.30,0,,,,,
2024-01-04,2024,DEN,Denver Nuggets,Western,109.00,0,,,,,
2024-01-04,2024,GSW,Golden State Warriors,Western,104.00,1,DEN,98,124,0,-26
2024-01-04,2024,LAL,Los Angeles Lakers,Western,106.21,0,,,,,
2024-01-05,2024,BOS,Boston Celtics,Eastern,108.15,0,,,,,
2024-01-05,2024,MIA,Miami Heat,Eastern,102.11,0,,,,,
2024-01-05,2024,MIL,Milwaukee Bucks,Eastern,104.94,1,MIA,126,105,1,21
2024-01-05,2024,DEN,Denver Nuggets,Western,108.29,0,,,,,
2024-01-05,2024,GSW,Golden State Warriors,Western,106.68,0,,,,,
2024-01-05,2024,LAL,Los Angeles Lakers,Western,105.59,1,GSW,111,121,0,-10
2024-01-06,2024,BOS,Boston Celtics,Eastern,109.14,1,MIA,125,103,1,22
2024-01-06,2024,MIA,Miami Heat,Eastern,102.45,0,,,,,
2024-01-06,2024,MIL,Milwaukee Bucks,Eastern,103.62,0,,,,,
2024-01-06,2024,DEN,Denver Nuggets,Western,109.64,1,GSW,127,126,1,1
2024-01-06,2024,GSW,Golden State Warriors,Western,105.64,0,,,,,
2024-01-06,2024,LAL,Los Angeles Lakers,Western,106.24,0,,,,,
2024-01-07,2024,BOS,Boston Celtics,Eastern,107.68,0,,,,,
2024-01-07,2024,MIA,Miami Heat,Eastern,100.43,1,MIL,99,110,0,-11
2024-01-07,2024,MIL,Milwaukee Bucks,Eastern,104.19,0,,,,,
2024-01-07,2024,DEN,Denver Nuggets,Western,109.63,0,,,,,
2024-01-07,2024,GSW,Golden State Warriors,Western,106.61,1,LAL,101,103,0,-2
2024-01-07,2024,LAL,Los Angeles Lakers,Western,106.30,0,,,,,
2024-01-08,2024,BOS,Boston Celtics,Eastern,107.64,0,,,,,
2024-01-08,2024,MIA,Miami Heat,Eastern,101.27,0,,,,,
2024-01-08,2024,MIL,Milwaukee Bucks,Eastern,104.52,1,DEN,131,128,1,3
2024-01-08,2024,DEN,Denver Nuggets,Western,108.42,0,,,,,
2024-01-08,2024,GSW,Golden State Warriors,Western,106.08,0,,,,,
2024-01-08,2024,LAL,Los Angeles Lakers,Western,104.80,1,BOS,100,114,0,-14
2024-01-09,2024,BOS,Boston Celtics,Eastern,108.25,1,MIA,104,98,1,6
2024-01-09,2024,MIA,Miami Heat,Eastern,102.56,0,,,,,
2024-01-09,2024,MIL,Milwaukee Bucks,Eastern,103.51,0,,,,,
2024-01-09,2024,DEN,Denver Nuggets,Western,107.96,1,GSW,121,123,0,-2
2024-01-09,2024,GSW,Golden State Warriors,Western,106.45,0,,,,,
2024-01-09,2024,LAL,Los Angeles Lakers,Western,107.24,0,,,,,
2024-01-10,2024,BOS,Boston Celtics,Eastern,107.65,0,,,,,
2024-01-10,2024,MIA,Miami Heat,Eastern,100.62,1,MIL,106,113,0,-7
2024-01-10,2024,MIL,Milwaukee Bucks,Eastern,102.89,0,,,,,
2024-01-10,2024,DEN,Denver Nuggets,Western,109.41,0,,,,,
2024-01-10,2024,GSW,Golden State Warriors,Western,106.51,1,LAL,106,114,0,-8
2024-01-10,2024,LAL,Los Angeles Lakers,Western,106.60,0,,,,,
2024-01-11,2024,BOS,Boston Celtics,Eastern,107.04,0,,,,,
2024-01-11,2024,MIA,Miami Heat,Eastern,101.65,0,,,,,
2024-01-11,2024,MIL,Milwaukee Bucks,Eastern,103.82,1,DEN,105,106,0,-1
2024-01-11,2024,DEN,Denver Nuggets,Western,108.55,0,,,,,
2024-01-11,2024,GSW,Golden State Warriors,Western,106.26,0,,,,,
2024-01-11,2024,LAL,Los Angeles Lakers,Western,106.72,1,BOS,120,119,1,1
2024-01-12,2024,BOS,Boston Celtics,Eastern,107.00,1,MIL,122,128,0,-6
2024-01-12,2024,MIA,Miami Heat,Eastern,101.24,0,,,,,
2024-01-12,2024,MIL,Milwaukee Bucks,Eastern,103.06,0,,,,,
2024-01-12,2024,DEN,Denver Nuggets,Western,110.71,1,LAL,129,103,1,26
2024-01-12,2024,GSW,Golden State Warriors,Western,106.45,0,,,,,
2024-01-12,2024,LAL,Los Angeles Lakers,Western,106.59,0,,,,,
2024-01-13,2024,BOS,Boston Celtics,Eastern,106.98,0,,,,,
2024-01-13,2024,MIA,Miami Heat,Eastern,100.26,1,DEN,122,130,0,-8
2024-01-13,2024,MIL,Milwaukee Bucks,Eastern,103.60,0,,,,,
2024-01-13,2024,DEN,Denver Nuggets,Western,109.28,0,,,,,
2024-01-13,2024,GSW,Golden State Warriors,Western,107.38,1,BOS,128,129,0,-1
2024-01-13,2024,LAL,Los Angeles Lakers,Western,105.96,0,,,,,
2024-01-14,2024,BOS,Boston Celtics,Eastern,106.94,0,,,,,
2024-01-14,2024,MIA,Miami Heat,Eastern,100.80,0,,,,,
2024-01-14,2024,MIL,Milwaukee Bucks,Eastern,103.52,1,GSW,118,115,1,3
2024-01-14,2024,DEN,Denver Nuggets,Western,108.84,0,,,,,
2024-01-14,2024,GSW,Golden State Warriors,Western,107.76,0,,,,,
2024-01-14,2024,LAL,Los Angeles Lakers,Western,107.06,1,MIA,119,113,1,6
2024-01-15,2024,BOS,Boston Celtics,Eastern,108.35,1,DEN,115,104,1,11
2024-01-15,2024,MIA,Miami Heat,Eastern,100.98,0,,,,,
2024-01-15,2024,MIL,Milwaukee Bucks,Eastern,104.56,0,,,,,
2024-01-15,2024,DEN,Denver Nuggets,Western,109.82,1,BOS,118,122,0,-4
2024-01-15,2024,GSW,Golden State Warriors,Western,106.90,0,,,,,
2024-01-15,2024,LAL,Los Angeles Lakers,Western,106.74,0,,,,,
2024-01-16,2024,BOS,Boston Celtics,Eastern,108.00,0,,,,,
2024-01-16,2024,MIA,Miami Heat,Eastern,100.55,1,GSW,107,121,0,-14
2024-01-16,2024,MIL,Milwaukee Bucks,Eastern,103.23,0,,,,,
2024-01-16,2024,DEN,Denver Nuggets,Western,109.75,0,,,,,
2024-01-16,2024,GSW,Golden State Warriors,Western,109.08,1,MIA,129,105,1,24
2024-01-16,2024,LAL,Los Angeles Lakers,Western,106.95,0,,,,,
2024-01-17,2024,BOS,Boston Celtics,Eastern,108.23,0,,,,,
2024-01-17,2024,MIA,Miami Heat,Eastern,100.62,0,,,,,
2024-01-17,2024,MIL,Milwaukee Bucks,Eastern,101.78,1,LAL,103,121,0,-18
2024-01-17,2024,DEN,Denver Nuggets,Western,110.47,0,,,,,
2024-01-17,2024,GSW,Golden State Warriors,Western,107.15,0,,,,,
2024-01-17,2024,LAL,Los Angeles Lakers,Western,107.28,1,MIL,126,129,0,-3
2024-01-18,2024,BOS,Boston Celtics,Eastern,106.86,1,GSW,108,106,1,2
2024-01-18,2024,MIA,Miami Heat,Eastern,100.58,0,,,,,
2024-01-18,2024,MIL,Milwaukee Bucks,Eastern,104.73,0,,,,,
2024-01-18,2024,DEN,Denver Nuggets,Western,109.70,1,MIA,119,124,0,-5
2024-01-18,2024,GSW,Golden State Warriors,Western,107.84,0,,,,,
2024-01-18,2024,LAL,Los Angeles Lakers,Western,105.81,0,,,,,
2024-01-19,2024,BOS,Boston Celtics,Eastern,106.63,0,,,,,
2024-01-19,2024,MIA,Miami Heat,Eastern,101.78,1,LAL,130,115,1,15
2024-01-19,2024,MIL,Milwaukee Bucks,Eastern,103.52,0,,,,,
2024-01-19,2024,DEN,Denver Nuggets,Western,110.83,0,,,,,
2024-01-19,2024,GSW,Golden State Warriors,Western,105.74,1,MIL,112,128,0,-16
2024-01-19,2024,LAL,Los Angeles Lakers,Western,107.54,0,,,,,
2024-01-20,2024,BOS,Boston Celtics,Eastern,106.54,0,,,,,
2024-01-20,2024,MIA,Miami Heat,Eastern,101.95,0,,,,,
2024-01-20,2024,MIL,Milwaukee Bucks,Eastern,103.67,1,BOS,121,120,1,1
2024-01-20,2024,DEN,Denver Nuggets,Western,111.01,0,,,,,
2024-01-20,2024,GSW,Golden State Warriors,Western,106.94,0,,,,,
2024-01-20,2024,LAL,Los Angeles Lakers,Western,107.56,1,DEN,121,113,1,8
2024-01-21,2024,BOS,Boston Celtics,Eastern,108.74,1,LAL,122,107,1,15
2024-01-21,2024,MIA,Miami Heat,Eastern,100.70,0,,,,,
2024-01-21,2024,MIL,Milwaukee Bucks,Eastern,104.63,0,,,,,
2024-01-21,2024,DEN,Denver Nuggets,Western,109.76,1,MIL,117,118,0,-1
2024-01-21,2024,GSW,Golden State Warriors,Western,106.76,0,,,,,
2024-01-21,2024,LAL,Los Angeles Lakers,Western,107.00,0,,,,,
2024-01-22,2024,BOS,Boston Celtics,Eastern,107.42,0,,,,,
2024-01-22,2024,MIA,Miami Heat,Eastern,102.77,1,BOS,124,104,1,20
2024-01-22,2024,MIL,Milwaukee Bucks,Eastern,103.70,0,,,,,
2024-01-22,2024,DEN,Denver Nuggets,Western,110.33,0,,,,,
2024-01-22,2024,GSW,Golden State Warriors,Western,107.65,1,DEN,130,125,1,5
2024-01-22,2024,LAL,Los Angeles Lakers,Western,106.24,0,,,,,
2024-01-23,2024,BOS,Boston Celtics,Eastern,106.10,0,,,,,
2024-01-23,2024,MIA,Miami Heat,Eastern,101.77,0,,,,,
2024-01-23,2024,MIL,Milwaukee Bucks,Eastern,105.31,1,MIA,118,103,1,15
2024-01-23,2024,DEN,Denver Nuggets,Western,110.47,0,,,,,
2024-01-23,2024,GSW,Golden State Warriors,Western,106.93,0,,,,,
2024-01-23,2024,LAL,Los Angeles Lakers,Western,104.92,1,GSW,101,111,0,-10
2024-01-24,2024,BOS,Boston Celtics,Eastern,106.82,1,MIA,109,100,1,9
2024-01-24,2024,MIA,Miami Heat,Eastern,100.43,0,,,,,
2024-01-24,2024,MIL,Milwaukee Bucks,Eastern,104.89,0,,,,,
2024-01-24,2024,DEN,Denver Nuggets,Western,110.85,1,GSW,104,102,1,2
2024-01-24,2024,GSW,Golden State Warriors,Western,108.09,0,,,,,
2024-01-24,2024,LAL,Los Angeles Lakers,Western,106.07,0,,,,,
2024-01-25,2024,BOS,Boston Celtics,Eastern,107.59,0,,,,,
2024-01-25,2024,MIA,Miami Heat,Eastern,100.86,1,MIL,117,123,0,-6
2024-01-25,2024,MIL,Milwaukee Bucks,Eastern,104.18,0,,,,,
2024-01-25,2024,DEN,Denver Nuggets,Western,109.97,0,,,,,
2024-01-25,2024,GSW,Golden State Warriors,Western,105.99,1,LAL,107,121,0,-14
2024-01-25,2024,LAL,Los Angeles Lakers,Western,105.83,0,,,,,
2024-01-26,2024,BOS,Boston Celtics,Eastern,106.72,0,,,,,
2024-01-26,2024,MIA,Miami Heat,Eastern,100.78,0,,,,,
2024-01-26,2024,MIL,Milwaukee Bucks,Eastern,105.50,1,DEN,109,103,1,6
2024-01-26,2024,DEN,Denver Nuggets,Western,111.12,0,,,,,
2024-01-26,2024,GSW,Golden State Warriors,Western,108.27,0,,,,,
2024-01-26,2024,LAL,Los Angeles Lakers,Western,105.83,1,BOS,116,127,0,-11
2024-01-27,2024,BOS,Boston Celtics,Eastern,105.57,1,MIA,108,110,0,-2
2024-01-27,2024,MIA,Miami Heat,Eastern,101.44,0,,,,,
2024-01-27,2024,MIL,Milwaukee Bucks,Eastern,105.48,0,,,,,
2024-01-27,2024,DEN,Denver Nuggets,Western,111.82,1,GSW,123,100,1,23
2024-01-27,2024,GSW,Golden State Warriors,Western,108.03,0,,,,,
2024-01-27,2024,LAL,Los Angeles Lakers,Western,105.54,0,,,,,
2024-01-28,2024,BOS,Boston Celtics,Eastern,107.36,0,,,,,
2024-01-28,2024,MIA,Miami Heat,Eastern,100.62,1,MIL,118,129,0,-11
2024-01-28,2024,MIL,Milwaukee Bucks,Eastern,105.21,0,,,,,
2024-01-28,2024,DEN,Denver Nuggets,Western,111.14,0,,,,,
2024-01-28,2024,GSW,Golden State Warriors,Western,107.86,1,LAL,126,119,1,7
2024-01-28,2024,LAL,Los Angeles Lakers,Western,106.50,0,,,,,
2024-01-29,2024,BOS,Boston Celtics,Eastern,105.84,0,,,,,
2024-01-29,2024,MIA,Miami Heat,Eastern,101.09,0,,,,,
2024-01-29,2024,MIL,Milwaukee Bucks,Eastern,106.55,1,DEN,112,98,1,14
2024-01-29,2024,DEN,Denver Nuggets,Western,110.94,0,,,,,
2024-01-29,2024,GSW,Golden State Warriors,Western,108.15,0,,,,,
2024-01-29,2024,LAL,Los Angeles Lakers,Western,107.47,1,BOS,121,101,1,20
2024-01-30,2024,BOS,Boston Celtics,Eastern,106.66,1,MIL,119,110,1,9
2024-01-30,2024,MIA,Miami Heat,Eastern,100.65,0,,,,,
2024-01-30,2024,MIL,Milwaukee Bucks,Eastern,104.35,0,,,,,
2024-01-30,2024,DEN,Denver Nuggets,Western,111.92,1,LAL,128,122,1,6
2024-01-30,2024,GSW,Golden State Warriors,Western,108.56,0,,,,,
2024-01-30,2024,LAL,Los Angeles Lakers,Western,105.34,0,,,,,
2024-01-31,2024,BOS,Boston Celtics,Eastern,107.11,0,,,,,
2024-01-31,2024,MIA,Miami Heat,Eastern,100.86,1,DEN,106,100,1,6
2024-01-31,2024,MIL,Milwaukee Bucks,Eastern,105.83,0,,,,,
2024-01-31,2024,DEN,Denver Nuggets,Western,110.90,0,,,,,
2024-01-31,2024,GSW,Golden State Warriors,Western,109.66,1,BOS,118,97,1,21
2024-01-31,2024,LAL,Los Angeles Lakers,Western,105.25,0,,,,,
2024-02-01,2024,BOS,Boston Celtics,Eastern,106.38,0,,,,,
2024-02-01,2024,MIA,Miami Heat,Eastern,101.66,0,,,,,
2024-02-01,2024,MIL,Milwaukee Bucks,Eastern,104.46,1,GSW,118,124,0,-6
2024-02-01,2024,DEN,Denver Nuggets,Western,111.24,0,,,,,
2024-02-01,2024,GSW,Golden State Warriors,Western,108.83,0,,,,,
2024-02-01,2024,LAL,Los Angeles Lakers,Western,105.57,1,MIA,127,120,1,7
2024-02-02,2024,BOS,Boston Celtics,Eastern,105.74,1,DEN,127,125,1,2
2024-02-02,2024,MIA,Miami Heat,Eastern,100.86,0,,,,,
2024-02-02,2024,MIL,Milwaukee Bucks,Eastern,104.71,0,,,,,
2024-02-02,2024,DEN,Denver Nuggets,Western,111.54,1,BOS,106,111,0,-5
2024-02-02,2024,GSW,Golden State Warriors,Western,107.50,0,,,,,
2024-02-02,2024,LAL,Los Angeles Lakers,Western,104.69,0,,,,,
2024-02-03,2024,BOS,Boston Celtics,Eastern,106.13,0,,,,,
2024-02-03,2024,MIA,Miami Heat,Eastern,100.85,1,GSW,115,113,1,2
2024-02-03,2024,MIL,Milwaukee Bucks,Eastern,105.24,0,,,,,
2024-02-03,2024,DEN,Denver Nuggets,Western,112.18,0,,,,,
2024-02-03,2024,GSW,Golden State Warriors,Western,108.10,1,MIA,131,121,1,10
2024-02-03,2024,LAL,Los Angeles Lakers,Western,104.53,0,,,,,
2024-02-04,2024,BOS,Boston Celtics,Eastern,105.64,0,,,,,
2024-02-04,2024,MIA,Miami Heat,Eastern,100.83,0,,,,,
2024-02-04,2024,MIL,Milwaukee Bucks,Eastern,103.83,1,LAL,107,125,0,-18
2024-02-04,2024,DEN,Denver Nuggets,Western,112.49,0,,,,,
2024-02-04,2024,GSW,Golden State Warriors,Western,108.59,0,,,,,
2024-02-04,2024,LAL,Los Angeles Lakers,Western,105.39,1,MIL,122,117,1,5
2024-02-05,2024,BOS,Boston Celtics,Eastern,105.87,1,GSW,102,103,0,-1
2024-02-05,2024,MIA,Miami Heat,Eastern,101.94,0,,,,,
2024-02-05,2024,MIL,Milwaukee Bucks,Eastern,106.04,0,,,,,
2024-02-05,2024,DEN,Denver Nuggets,Western,110.24,1,MIA,111,125,0,-14
2024-02-05,2024,GSW,Golden State Warriors,Western,107.58,0,,,,,
2024-02-05,2024,LAL,Los Angeles Lakers,Western,104.53,0,,,,,
2024-02-06,2024,BOS,Boston Celtics,Eastern,105.26,0,,,,,
2024-02-06,2024,MIA,Miami Heat,Eastern,102.24,1,LAL,116,101,1,15
2024-02-06,2024,MIL,Milwaukee Bucks,Eastern,106.35,0,,,,,
2024-02-06,2024,DEN,Denver Nuggets,Western,112.66,0,,,,,
2024-02-06,2024,GSW,Golden State Warriors,Western,108.68,1,MIL,104,96,1,8
2024-02-06,2024,LAL,Los Angeles Lakers,Western,104.63,0,,,,,
2024-02-07,2024,BOS,Boston Celtics,Eastern,105.93,0,,,,,
2024-02-07,2024,MIA,Miami Heat,Eastern,102.52,0,,,,,
2024-02-07,2024,MIL,Milwaukee Bucks,Eastern,105.99,1,BOS,100,101,0,-1
2024-02-07,2024,DEN,Denver Nuggets,Western,113.34,0,,,,,
2024-02-07,2024,GSW,Golden State Warriors,Western,107.28,0,,,,,
2024-02-07,2024,LAL,Los Angeles Lakers,Western,104.58,1,DEN,99,100,0,-1
2024-02-08,2024,BOS,Boston Celtics,Eastern,103.80,1,LAL,105,126,0,-21
2024-02-08,2024,MIA,Miami Heat,Eastern,102.63,0,,,,,
2024-02-08,2024,MIL,Milwaukee Bucks,Eastern,106.86,0,,,,,
2024-02-08,2024,DEN,Denver Nuggets,Western,114.86,1,MIL,124,99,1,25
2024-02-08,2024,GSW,Golden State Warriors,Western,107.61,0,,,,,
2024-02-08,2024,LAL,Los Angeles Lakers,Western,104.36,0,,,,,
2024-02-09,2024,BOS,Boston Celtics,Eastern,105.29,0,,,,,
2024-02-09,2024,MIA,Miami Heat,Eastern,104.09,1,BOS,131,108,1,23
2024-02-09,2024,MIL,Milwaukee Bucks,Eastern,105.96,0,,,,,
2024-02-09,2024,DEN,Denver Nuggets,Western,113.26,0,,,,,
2024-02-09,2024,GSW,Golden State Warriors,Western,107.14,1,DEN,103,118,0,-15
2024-02-09,2024,LAL,Los Angeles Lakers,Western,103.57,0,,,,,
2024-02-10,2024,BOS,Boston Celtics,Eastern,106.35,0,,,,,
2024-02-10,2024,MIA,Miami Heat,Eastern,101.80,0,,,,,
2024-02-10,2024,MIL,Milwaukee Bucks,Eastern,105.81,1,MIA,102,120,0,-18
2024-02-10,2024,DEN,Denver Nuggets,Western,113.01,0,,,,,
2024-02-10,2024,GSW,Golden State Warriors,Western,108.53,0,,,,,
2024-02-10,2024,LAL,Los Angeles Lakers,Western,103.43,1,GSW,117,124,0,-7
2024-02-11,2024,BOS,Boston Celtics,Eastern,106.28,1,MIA,108,107,1,1
2024-02-11,2024,MIA,Miami Heat,Eastern,102.63,0,,,,,
2024-02-11,2024,MIL,Milwaukee Bucks,Eastern,107.65,0,,,,,
2024-02-11,2024,DEN,Denver Nuggets,Western,113.95,1,GSW,130,100,1,30
2024-02-11,2024,GSW,Golden State Warriors,Western,107.37,0,,,,,
2024-02-11,2024,LAL,Los Angeles Lakers,Western,104.63,0,,,,,
2024-02-12,2024,BOS,Boston Celtics,Eastern,105.01,0,,,,,
2024-02-12,2024,MIA,Miami Heat,Eastern,101.82,1,MIL,125,130,0,-5
2024-02-12,2024,MIL,Milwaukee Bucks,Eastern,107.80,0,,,,,
2024-02-12,2024,DEN,Denver Nuggets,Western,113.11,0,,,,,
2024-02-12,2024,GSW,Golden State Warriors,Western,108.55,1,LAL,125,113,1,12
2024-02-12,2024,LAL,Los Angeles Lakers,Western,104.46,0,,,,,
2024-02-13,2024,BOS,Boston Celtics,Eastern,105.18,0,,,,,
2024-02-13,2024,MIA,Miami Heat,Eastern,102.51,0,,,,,
2024-02-13,2024,MIL,Milwaukee Bucks,Eastern,106.90,1,DEN,117,118,0,-1
2024-02-13,2024,DEN,Denver Nuggets,Western,112.54,0,,,,,
2024-02-13,2024,GSW,Golden State Warriors,Western,107.08,0,,,,,
2024-02-13,2024,LAL,Los Angeles Lakers,Western,104.30,1,BOS,100,101,0,-1
2024-02-14,2024,BOS,Boston Celtics,Eastern,107.35,1,MIA,124,104,1,20
2024-02-14,2024,MIA,Miami Heat,Eastern,103.16,0,,,,,
2024-02-14,2024,MIL,Milwaukee Bucks,Eastern,107.43,0,,,,,
2024-02-14,2024,DEN,Denver Nuggets,Western,112.11,1,GSW,117,118,0,-1
2024-02-14,2024,GSW,Golden State Warriors,Western,107.15,0,,,,,
2024-02-14,2024,LAL,Los Angeles Lakers,Western,103.66,0,,,,,
2024-02-15,2024,BOS,Boston Celtics,Eastern,105.84,0,,,,,
2024-02-15,2024,MIA,Miami Heat,Eastern,103.28,1,MIL,102,100,1,2
2024-02-15,2024,MIL,Milwaukee Bucks,Eastern,108.33,0,,,,,
2024-02-15,2024,DEN,Denver Nuggets,Western,113.52,0,,,,,
2024-02-15,2024,GSW,Golden State Warriors,Western,107.83,1,LAL,118,97,1,21
2024-02-15,2024,LAL,Los Angeles Lakers,Western,103.47,0,,,,,
2024-02-16,2024,BOS,Boston Celtics,Eastern,106.56,0,,,,,
2024-02-16,2024,MIA,Miami Heat,Eastern,103.01,0,,,,,
2024-02-16,2024,MIL,Milwaukee Bucks,Eastern,109.79,1,DEN,130,99,1,31
2024-02-16,2024,DEN,Denver Nuggets,Western,112.88,0,,,,,
2024-02-16,2024,GSW,Golden State Warriors,Western,107.80,0,,,,,
2024-02-16,2024,LAL,Los Angeles Lakers,Western,101.37,1,BOS,117,126,0,-9
2024-02-17,2024,BOS,Boston Celtics,Eastern,106.46,1,MIL,129,130,0,-1
2024-02-17,2024,MIA,Miami Heat,Eastern,102.34,0,,,,,
2024-02-17,2024,MIL,Milwaukee Bucks,Eastern,107.36,0,,,,,
2024-02-17,2024,DEN,Denver Nuggets,Western,113.61,1,LAL,110,106,1,4
2024-02-17,2024,GSW,Golden State Warriors,Western,107.33,0,,,,,
2024-02-17,2024,LAL,Los Angeles Lakers,Western,103.70,0,,,,,
2024-02-18,2024,BOS,Boston Celtics,Eastern,106.82,0,,,,,
2024-02-18,2024,MIA,Miami Heat,Eastern,103.78,1,DEN,115,110,1,5
2024-02-18,2024,MIL,Milwaukee Bucks,Eastern,107.27,0,,,,,
2024-02-18,2024,DEN,Denver Nuggets,Western,113.52,0,,,,,
2024-02-18,2024,GSW,Golden State Warriors,Western,106.54,1,BOS,115,119,0,-4
2024-02-18,2024,LAL,Los Angeles Lakers,Western,102.93,0,,,,,
2024-02-19,2024,BOS,Boston Celtics,Eastern,106.34,0,,,,,
2024-02-19,2024,MIA,Miami Heat,Eastern,103.99,0,,,,,
2024-02-19,2024,MIL,Milwaukee Bucks,Eastern,109.26,1,GSW,127,101,1,26
2024-02-19,2024,DEN,Denver Nuggets,Western,112.72,0,,,,,
2024-02-19,2024,GSW,Golden State Warriors,Western,105.90,0,,,,,
2024-02-19,2024,LAL,Los Angeles Lakers,Western,102.99,1,MIA,114,117,0,-3
2024-02-20,2024,BOS,Boston Celtics,Eastern,106.55,1,DEN,105,111,0,-6
2024-02-20,2024,MIA,Miami Heat,Eastern,103.32,0,,,,,
2024-02-20,2024,MIL,Milwaukee Bucks,Eastern,107.61,0,,,,,
2024-02-20,2024,DEN,Denver Nuggets,Western,111.66,1,BOS,118,126,0,-8
2024-02-20,2024,GSW,Golden State Warriors,Western,105.48,0,,,,,
2024-02-20,2024,LAL,Los Angeles Lakers,Western,102.07,0,,,,,
2024-02-21,2024,BOS,Boston Celtics,Eastern,106.52,0,,,,,
2024-02-21,2024,MIA,Miami Heat,Eastern,105.26,1,GSW,113,96,1,17
2024-02-21,2024,MIL,Milwaukee Bucks,Eastern,107.52,0,,,,,
2024-02-21,2024,DEN,Denver Nuggets,Western,112.15,0,,,,,
2024-02-21,2024,GSW,Golden State Warriors,Western,107.16,1,MIA,123,103,1,20
2024-02-21,2024,LAL,Los Angeles Lakers,Western,102.36,0,,,,,
2024-02-22,2024,BOS,Boston Celtics,Eastern,106.11,0,,,,,
2024-02-22,2024,MIA,Miami Heat,Eastern,104.44,0,,,,,
2024-02-22,2024,MIL,Milwaukee Bucks,Eastern,109.45,1,LAL,127,116,1,11
2024-02-22,2024,DEN,Denver Nuggets,Western,113.40,0,,,,,
2024-02-22,2024,GSW,Golden State Warriors,Western,106.76,0,,,,,
2024-02-22,2024,LAL,Los Angeles Lakers,Western,102.64,1,MIL,120,113,1,7
2024-02-23,2024,BOS,Boston Celtics,Eastern,107.22,1,GSW,122,116,1,6
2024-02-23,2024,MIA,Miami Heat,Eastern,103.88,0,,,,,
2024-02-23,2024,MIL,Milwaukee Bucks,Eastern,108.55,0,,,,,
2024-02-23,2024,DEN,Denver Nuggets,Western,114.30,1,MIA,131,111,1,20
2024-02-23,2024,GSW,Golden State Warriors,Western,105.64,0,,,,,
2024-02-23,2024,LAL,Los Angeles Lakers,Western,101.36,0,,,,,
2024-02-24,2024,BOS,Boston Celtics,Eastern,106.46,0,,,,,
2024-02-24,2024,MIA,Miami Heat,Eastern,103.53,1,LAL,116,118,0,-2
2024-02-24,2024,MIL,Milwaukee Bucks,Eastern,109.54,0,,,,,
2024-02-24,2024,DEN,Denver Nuggets,Western,112.28,0,,,,,
2024-02-24,2024,GSW,Golden State Warriors,Western,105.80,1,MIL,114,118,0,-4
2024-02-24,2024,LAL,Los Angeles Lakers,Western,101.29,0,,,,,
2024-02-25,2024,BOS,Boston Celtics,Eastern,106.09,0,,,,,
2024-02-25,2024,MIA,Miami Heat,Eastern,104.21,0,,,,,
2024-02-25,2024,MIL,Milwaukee Bucks,Eastern,107.78,1,BOS,106,121,0,-15
2024-02-25,2024,DEN,Denver Nuggets,Western,113.27,0,,,,,
2024-02-25,2024,GSW,Golden State Warriors,Western,106.35,0,,,,,
2024-02-25,2024,LAL,Los Angeles Lakers,Western,100.38,1,DEN,99,112,0,-13
2024-02-26,2024,BOS,Boston Celtics,Eastern,107.08,1,LAL,115,105,1,10
2024-02-26,2024,MIA,Miami Heat,Eastern,103.89,0,,,,,
2024-02-26,2024,MIL,Milwaukee Bucks,Eastern,109.64,0,,,,,
2024-02-26,2024,DEN,Denver Nuggets,Western,112.91,1,MIL,112,110,1,2
2024-02-26,2024,GSW,Golden State Warriors,Western,106.17,0,,,,,
2024-02-26,2024,LAL,Los Angeles Lakers,Western,101.73,0,,,,,
2024-02-27,2024,BOS,Boston Celtics,Eastern,106.78,0,,,,,
2024-02-27,2024,MIA,Miami Heat,Eastern,103.26,1,BOS,107,128,0,-21
2024-02-27,2024,MIL,Milwaukee Bucks,Eastern,109.13,0,,,,,
2024-02-27,2024,DEN,Denver Nuggets,Western,112.59,0,,,,,
2024-02-27,2024,GSW,Golden State Warriors,Western,105.64,1,DEN,126,125,1,1
2024-02-27,2024,LAL,Los Angeles Lakers,Western,100.83,0,,,,,
2024-02-28,2024,BOS,Boston Celtics,Eastern,106.48,0,,,,,
2024-02-28,2024,MIA,Miami Heat,Eastern,104.92,0,,,,,
2024-02-28,2024,MIL,Milwaukee Bucks,Eastern,109.35,1,MIA,127,129,0,-2
2024-02-28,2024,DEN,Denver Nuggets,Western,112.70,0,,,,,
2024-02-28,2024,GSW,Golden State Warriors,Western,105.34,0,,,,,
2024-02-28,2024,LAL,Los Angeles Lakers,Western,102.14,1,GSW,106,99,1,7
2024-02-29,2024,BOS,Boston Celtics,Eastern,107.73,1,MIA,118,117,1,1
2024-02-29,2024,MIA,Miami Heat,Eastern,105.26,0,,,,,
2024-02-29,2024,MIL,Milwaukee Bucks,Eastern,109.75,0,,,,,
2024-02-29,2024,DEN,Denver Nuggets,Western,111.71,1,GSW,119,123,0,-4
2024-02-29,2024,GSW,Golden State Warriors,Western,104.95,0,,,,,
2024-02-29,2024,LAL,Los Angeles Lakers,Western,101.59,0,,,,,
2024-03-01,2024,BOS,Boston Celtics,Eastern,107.33,0,,,,,
2024-03-01,2024,MIA,Miami Heat,Eastern,105.77,1,MIL,107,110,0,-3
2024-03-01,2024,MIL,Milwaukee Bucks,Eastern,108.90,0,,,,,
2024-03-01,2024,DEN,Denver Nuggets,Western,112.69,0,,,,,
2024-03-01,2024,GSW,Golden State Warriors,Western,104.02,1,LAL,109,121,0,-12
2024-03-01,2024,LAL,Los Angeles Lakers,Western,100.19,0,,,,,
2024-03-02,2024,BOS,Boston Celtics,Eastern,107.70,0,,,,,
2024-03-02,2024,MIA,Miami Heat,Eastern,105.76,0,,,,,
2024-03-02,2024,MIL,Milwaukee Bucks,Eastern,110.39,1,DEN,113,109,1,4
2024-03-02,2024,DEN,Denver Nuggets,Western,111.92,0,,,,,
2024-03-02,2024,GSW,Golden State Warriors,Western,104.79,0,,,,,
2024-03-02,2024,LAL,Los Angeles Lakers,Western,102.83,1,BOS,130,109,1,21
2024-03-03,2024,BOS,Boston Celtics,Eastern,109.22,1,MIA,128,119,1,9
2024-03-03,2024,MIA,Miami Heat,Eastern,104.83,0,,,,,
2024-03-03,2024,MIL,Milwaukee Bucks,Eastern,109.22,0,,,,,
2024-03-03,2024,DEN,Denver Nuggets,Western,111.59,1,GSW,121,128,0,-7
2024-03-03,2024,GSW,Golden State Warriors,Western,103.41,0,,,,,
2024-03-03,2024,LAL,Los Angeles Lakers,Western,100.58,0,,,,,
2024-03-04,2024,BOS,Boston Celtics,Eastern,108.74,0,,,,,
2024-03-04,2024,MIA,Miami Heat,Eastern,106.84,1,MIL,120,100,1,20
2024-03-04,2024,MIL,Milwaukee Bucks,Eastern,110.02,0,,,,,
2024-03-04,2024,DEN,Denver Nuggets,Western,112.66,0,,,,,
2024-03-04,2024,GSW,Golden State Warriors,Western,102.82,1,LAL,102,124,0,-22
2024-03-04,2024,LAL,Los Angeles Lakers,Western,101.05,0,,,,,
2024-03-05,2024,BOS,Boston Celtics,Eastern,108.00,0,,,,,
2024-03-05,2024,MIA,Miami Heat,Eastern,106.76,0,,,,,
2024-03-05,2024,MIL,Milwaukee Bucks,Eastern,109.58,1,DEN,128,122,1,6
2024-03-05,2024,DEN,Denver Nuggets,Western,112.09,0,,,,,
2024-03-05,2024,GSW,Golden State Warriors,Western,103.20,0,,,,,
2024-03-05,2024,LAL,Los Angeles Lakers,Western,99.65,1,BOS,103,124,0,-21
2024-03-06,2024,BOS,Boston Celtics,Eastern,108.18,1,MIL,99,98,1,1
2024-03-06,2024,MIA,Miami Heat,Eastern,105.70,0,,,,,
2024-03-06,2024,MIL,Milwaukee Bucks,Eastern,109.00,0,,,,,
2024-03-06,2024,DEN,Denver Nuggets,Western,112.97,1,LAL,114,106,1,8
2024-03-06,2024,GSW,Golden State Warriors,Western,103.98,0,,,,,
2024-03-06,2024,LAL,Los Angeles Lakers,Western,100.50,0,,,,,
2024-03-07,2024,BOS,Boston Celtics,Eastern,109.43,0,,,,,
2024-03-07,2024,MIA,Miami Heat,Eastern,107.01,1,DEN,127,106,1,21
2024-03-07,2024,MIL,Milwaukee Bucks,Eastern,108.98,0,,,,,
2024-03-07,2024,DEN,Denver Nuggets,Western,111.52,0,,,,,
2024-03-07,2024,GSW,Golden State Warriors,Western,102.94,1,BOS,107,108,0,-1
2024-03-07,2024,LAL,Los Angeles Lakers,Western,100.08,0,,,,,
2024-03-08,2024,BOS,Boston Celtics,Eastern,108.39,0,,,,,
2024-03-08,2024,MIA,Miami Heat,Eastern,106.09,0,,,,,
2024-03-08,2024,MIL,Milwaukee Bucks,Eastern,107.11,1,GSW,107,127,0,-20
2024-03-08,2024,DEN,Denver Nuggets,Western,110.96,0,,,,,
2024-03-08,2024,GSW,Golden State Warriors,Western,103.85,0,,,,,
2024-03-08,2024,LAL,Los Angeles Lakers,Western,101.61,1,MIA,126,113,1,13
2024-03-09,2024,BOS,Boston Celtics,Eastern,108.91,1,DEN,112,107,1,5
2024-03-09,2024,MIA,Miami Heat,Eastern,105.75,0,,,,,
2024-03-09,2024,MIL,Milwaukee Bucks,Eastern,108.65,0,,,,,
2024-03-09,2024,DEN,Denver Nuggets,Western,111.01,1,BOS,117,129,0,-12
2024-03-09,2024,GSW,Golden State Warriors,Western,103.37,0,,,,,
2024-03-09,2024,LAL,Los Angeles Lakers,Western,100.67,0,,,,,
2024-03-10,2024,BOS,Boston Celtics,Eastern,108.50,0,,,,,
2024-03-10,2024,MIA,Miami Heat,Eastern,105.38,1,GSW,114,123,0,-9
2024-03-10,2024,MIL,Milwaukee Bucks,Eastern,108.79,0,,,,,
2024-03-10,2024,DEN,Denver Nuggets,Western,111.87,0,,,,,
2024-03-10,2024,GSW,Golden State Warriors,Western,102.58,1,MIA,120,124,0,-4
2024-03-10,2024,LAL,Los Angeles Lakers,Western,100.61,0,,,,,
2024-03-11,2024,BOS,Boston Celtics,Eastern,109.90,0,,,,,
2024-03-11,2024,MIA,Miami Heat,Eastern,106.64,0,,,,,
2024-03-11,2024,MIL,Milwaukee Bucks,Eastern,109.15,1,LAL,120,115,1,5
2024-03-11,2024,DEN,Denver Nuggets,Western,110.52,0,,,,,
2024-03-11,2024,GSW,Golden State Warriors,Western,102.79,0,,,,,
2024-03-11,2024,LAL,Los Angeles Lakers,Western,99.78,1,MIL,101,123,0,-22
2024-03-12,2024,BOS,Boston Celtics,Eastern,111.19,1,GSW,119,98,1,21
2024-03-12,2024,MIA,Miami Heat,Eastern,107.47,0,,,,,
2024-03-12,2024,MIL,Milwaukee Bucks,Eastern,108.73,0,,,,,
2024-03-12,2024,DEN,Denver Nuggets,Western,109.37,1,MIA,104,122,0,-18
2024-03-12,2024,GSW,Golden State Warriors,Western,103.64,0,,,,,
2024-03-12,2024,LAL,Los Angeles Lakers,Western,100.17,0,,,,,
2024-03-13,2024,BOS,Boston Celtics,Eastern,109.18,0,,,,,
2024-03-13,2024,MIA,Miami Heat,Eastern,104.79,1,LAL,105,126,0,-21
2024-03-13,2024,MIL,Milwaukee Bucks,Eastern,109.25,0,,,,,
2024-03-13,2024,DEN,Denver Nuggets,Western,110.25,0,,,,,
2024-03-13,2024,GSW,Golden State Warriors,Western,103.12,1,MIL,113,104,1,9
2024-03-13,2024,LAL,Los Angeles Lakers,Western,100.90,0,,,,,
2024-03-14,2024,BOS,Boston Celtics,Eastern,110.06,0,,,,,
2024-03-14,2024,MIA,Miami Heat,Eastern,107.55,0,,,,,
2024-03-14,2024,MIL,Milwaukee Bucks,Eastern,110.69,1,BOS,113,99,1,14
2024-03-14,2024,DEN,Denver Nuggets,Western,111.28,0,,,,,
2024-03-14,2024,GSW,Golden State Warriors,Western,102.94,0,,,,,
2024-03-14,2024,LAL,Los Angeles Lakers,Western,98.65,1,DEN,98,124,0,-26
2024-03-15,2024,BOS,Boston Celtics,Eastern,109.43,1,LAL,108,110,0,-2
2024-03-15,2024,MIA,Miami Heat,Eastern,107.42,0,,,,,
2024-03-15,2024,MIL,Milwaukee Bucks,Eastern,109.53,0,,,,,
2024-03-15,2024,DEN,Denver Nuggets,Western,109.73,1,MIL,113,111,1,2
2024-03-15,2024,GSW,Golden State Warriors,Western,103.52,0,,,,,
2024-03-15,2024,LAL,Los Angeles Lakers,Western,101.45,0,,,,,
2024-03-16,2024,BOS,Boston Celtics,Eastern,110.50,0,,,,,
2024-03-16,2024,MIA,Miami Heat,Eastern,106.12,1,BOS,100,119,0,-19
2024-03-16,2024,MIL,Milwaukee Bucks,Eastern,108.94,0,,,,,
2024-03-16,2024,DEN,Denver Nuggets,Western,109.82,0,,,,,
2024-03-16,2024,GSW,Golden State Warriors,Western,102.50,1,DEN,108,111,0,-3
2024-03-16,2024,LAL,Los Angeles Lakers,Western,100.29,0,,,,,
2024-03-17,2024,BOS,Boston Celtics,Eastern,110.65,0,,,,,
2024-03-17,2024,MIA,Miami Heat,Eastern,106.45,0,,,,,
2024-03-17,2024,MIL,Milwaukee Bucks,Eastern,108.45,1,MIA,128,120,1,8
2024-03-17,2024,DEN,Denver Nuggets,Western,110.46,0,,,,,
2024-03-17,2024,GSW,Golden State Warriors,Western,101.81,0,,,,,
2024-03-17,2024,LAL,Los Angeles Lakers,Western,101.29,1,GSW,121,119,1,2
2024-03-18,2024,BOS,Boston Celtics,Eastern,109.55,1,MIA,123,126,0,-3
2024-03-18,2024,MIA,Miami Heat,Eastern,106.35,0,,,,,
2024-03-18,2024,MIL,Milwaukee Bucks,Eastern,108.79,0,,,,,
2024-03-18,2024,DEN,Denver Nuggets,Western,111.32,1,GSW,128,103,1,25
2024-03-18,2024,GSW,Golden State Warriors,Western,101.96,0,,,,,
2024-03-18,2024,LAL,Los Angeles Lakers,Western,100.51,0,,,,,
2024-03-19,2024,BOS,Boston Celtics,Eastern,111.51,0,,,,,
2024-03-19,2024,MIA,Miami Heat,Eastern,107.67,1,MIL,127,123,1,4
2024-03-19,2024,MIL,Milwaukee Bucks,Eastern,108.82,0,,,,,
2024-03-19,2024,DEN,Denver Nuggets,Western,110.67,0,,,,,
2024-03-19,2024,GSW,Golden State Warriors,Western,102.37,1,LAL,123,126,0,-3
2024-03-19,2024,LAL,Los Angeles Lakers,Western,100.09,0,,,,,
2024-03-20,2024,BOS,Boston Celtics,Eastern,111.26,0,,,,,
2024-03-20,2024,MIA,Miami Heat,Eastern,106.34,0,,,,,
2024-03-20,2024,MIL,Milwaukee Bucks,Eastern,108.20,1,DEN,129,121,1,8
2024-03-20,2024,DEN,Denver Nuggets,Western,109.81,0,,,,,
2024-03-20,2024,GSW,Golden State Warriors,Western,103.01,0,,,,,
2024-03-20,2024,LAL,Los Angeles Lakers,Western,101.92,1,BOS,126,101,1,25
2024-03-21,2024,BOS,Boston Celtics,Eastern,110.87,1,MIA,123,127,0,-4
2024-03-21,2024,MIA,Miami Heat,Eastern,107.16,0,,,,,
2024-03-21,2024,MIL,Milwaukee Bucks,Eastern,108.09,0,,,,,
2024-03-21,2024,DEN,Denver Nuggets,Western,107.50,1,GSW,102,124,0,-22
2024-03-21,2024,GSW,Golden State Warriors,Western,102.44,0,,,,,
2024-03-21,2024,LAL,Los Angeles Lakers,Western,100.66,0,,,,,
2024-03-22,2024,BOS,Boston Celtics,Eastern,111.55,0,,,,,
2024-03-22,2024,MIA,Miami Heat,Eastern,108.16,1,MIL,111,109,1,2
2024-03-22,2024,MIL,Milwaukee Bucks,Eastern,108.59,0,,,,,
2024-03-22,2024,DEN,Denver Nuggets,Western,109.57,0,,,,,
2024-03-22,2024,GSW,Golden State Warriors,Western,103.16,1,LAL,121,118,1,3
2024-03-22,2024,LAL,Los Angeles Lakers,Western,101.07,0,,,,,
2024-03-23,2024,BOS,Boston Celtics,Eastern,110.50,0,,,,,
2024-03-23,2024,MIA,Miami Heat,Eastern,107.79,0,,,,,
2024-03-23,2024,MIL,Milwaukee Bucks,Eastern,109.40,1,DEN,115,99,1,16
2024-03-23,2024,DEN,Denver Nuggets,Western,109.87,0,,,,,
2024-03-23,2024,GSW,Golden State Warriors,Western,102.78,0,,,,,
2024-03-23,2024,LAL,Los Angeles Lakers,Western,100.54,1,BOS,114,126,0,-12
2024-03-24,2024,BOS,Boston Celtics,Eastern,109.21,1,MIL,110,127,0,-17
2024-03-24,2024,MIA,Miami Heat,Eastern,107.10,0,,,,,
2024-03-24,2024,MIL,Milwaukee Bucks,Eastern,107.26,0,,,,,
2024-03-24,2024,DEN,Denver Nuggets,Western,110.66,1,LAL,121,98,1,23
2024-03-24,2024,GSW,Golden State Warriors,Western,102.37,0,,,,,
2024-03-24,2024,LAL,Los Angeles Lakers,Western,100.87,0,,,,,
2024-03-25,2024,BOS,Boston Celtics,Eastern,111.18,0,,,,,
2024-03-25,2024,MIA,Miami Heat,Eastern,106.20,1,DEN,98,103,0,-5
2024-03-25,2024,MIL,Milwaukee Bucks,Eastern,107.66,0,,,,,
2024-03-25,2024,DEN,Denver Nuggets,Western,109.66,0,,,,,
2024-03-25,2024,GSW,Golden State Warriors,Western,100.77,1,BOS,116,124,0,-8
2024-03-25,2024,LAL,Los Angeles Lakers,Western,100.57,0,,,,,
2024-03-26,2024,BOS,Boston Celtics,Eastern,111.95,0,,,,,
2024-03-26,2024,MIA,Miami Heat,Eastern,106.58,0,,,,,
2024-03-26,2024,MIL,Milwaukee Bucks,Eastern,108.39,1,GSW,118,110,1,8
2024-03-26,2024,DEN,Denver Nuggets,Western,108.24,0,,,,,
2024-03-26,2024,GSW,Golden State Warriors,Western,102.06,0,,,,,
2024-03-26,2024,LAL,Los Angeles Lakers,Western,101.38,1,MIA,129,124,1,5
2024-03-27,2024,BOS,Boston Celtics,Eastern,110.82,1,DEN,105,122,0,-17
2024-03-27,2024,MIA,Miami Heat,Eastern,107.71,0,,,,,
2024-03-27,2024,MIL,Milwaukee Bucks,Eastern,106.68,0,,,,,
2024-03-27,2024,DEN,Denver Nuggets,Western,110.59,1,BOS,128,102,1,26
2024-03-27,2024,GSW,Golden State Warriors,Western,101.41,0,,,,,
2024-03-27,2024,LAL,Los Angeles Lakers,Western,100.54,0,,,,,
2024-03-28,2024,BOS,Boston Celtics,Eastern,111.48,0,,,,,
2024-03-28,2024,MIA,Miami Heat,Eastern,108.26,1,GSW,129,103,1,26
2024-03-28,2024,MIL,Milwaukee Bucks,Eastern,106.78,0,,,,,
2024-03-28,2024,DEN,Denver Nuggets,Western,108.83,0,,,,,
2024-03-28,2024,GSW,Golden State Warriors,Western,102.47,1,MIA,123,126,0,-3
2024-03-28,2024,LAL,Los Angeles Lakers,Western,101.29,0,,,,,
2024-03-29,2024,BOS,Boston Celtics,Eastern,111.33,0,,,,,
2024-03-29,2024,MIA,Miami Heat,Eastern,106.29,0,,,,,
2024-03-29,2024,MIL,Milwaukee Bucks,Eastern,108.35,1,LAL,121,101,1,20
2024-03-29,2024,DEN,Denver Nuggets,Western,108.43,0,,,,,
2024-03-29,2024,GSW,Golden State Warriors,Western,101.39,0,,,,,
2024-03-29,2024,LAL,Los Angeles Lakers,Western,99.84,1,MIL,100,128,0,-28
2024-03-30,2024,BOS,Boston Celtics,Eastern,112.14,1,GSW,124,111,1,13
2024-03-30,2024,MIA,Miami Heat,Eastern,107.60,0,,,,,
2024-03-30,2024,MIL,Milwaukee Bucks,Eastern,106.82,0,,,,,
2024-03-30,2024,DEN,Denver Nuggets,Western,109.77,1,MIA,119,98,1,21
2024-03-30,2024,GSW,Golden State Warriors,Western,101.43,0,,,,,
2024-03-30,2024,LAL,Los Angeles Lakers,Western,101.57,0,,,,,
2024-03-31,2024,BOS,Boston Celtics,Eastern,112.43,0,,,,,
2024-03-31,2024,MIA,Miami Heat,Eastern,107.54,1,LAL,131,107,1,24
2024-03-31,2024,MIL,Milwaukee Bucks,Eastern,106.66,0,,,,,
2024-03-31,2024,DEN,Denver Nuggets,Western,109.04,0,,,,,
2024-03-31,2024,GSW,Golden State Warriors,Western,103.19,1,MIL,130,129,1,1
2024-03-31,2024,LAL,Los Angeles Lakers,Western,102.29,0,,,,,
2024-04-01,2024,BOS,Boston Celtics,Eastern,112.41,0,,,,,
2024-04-01,2024,MIA,Miami Heat,Eastern,106.47,0,,,,,
2024-04-01,2024,MIL,Milwaukee Bucks,Eastern,104.83,1,BOS,103,119,0,-16
2024-04-01,2024,DEN,Denver Nuggets,Western,107.93,0,,,,,
2024-04-01,2024,GSW,Golden State Warriors,Western,103.05,0,,,,,
2024-04-01,2024,LAL,Los Angeles Lakers,Western,100.17,1,DEN,100,128,0,-28
2024-04-02,2024,BOS,Boston Celtics,Eastern,112.86,1,LAL,124,119,1,5
2024-04-02,2024,MIA,Miami Heat,Eastern,105.93,0,,,,,
2024-04-02,2024,MIL,Milwaukee Bucks,Eastern,106.73,0,,,,,
2024-04-02,2024,DEN,Denver Nuggets,Western,109.51,1,MIL,115,102,1,13
2024-04-02,2024,GSW,Golden State Warriors,Western,102.76,0,,,,,
2024-04-02,2024,LAL,Los Angeles Lakers,Western,100.86,0,,,,,
2024-04-03,2024,BOS,Boston Celtics,Eastern,112.12,0,,,,,
2024-04-03,2024,MIA,Miami Heat,Eastern,107.70,1,BOS,124,116,1,8
2024-04-03,2024,MIL,Milwaukee Bucks,Eastern,107.15,0,,,,,
2024-04-03,2024,DEN,Denver Nuggets,Western,107.78,0,,,,,
2024-04-03,2024,GSW,Golden State Warriors,Western,103.63,1,DEN,120,101,1,19
2024-04-03,2024,LAL,Los Angeles Lakers,Western,101.13,0,,,,,
2024-04-04,2024,BOS,Boston Celtics,Eastern,112.46,0,,,,,
2024-04-04,2024,MIA,Miami Heat,Eastern,107.19,0,,,,,
2024-04-04,2024,MIL,Milwaukee Bucks,Eastern,105.25,1,MIA,110,130,0,-20
2024-04-04,2024,DEN,Denver Nuggets,Western,109.36,0,,,,,
2024-04-04,2024,GSW,Golden State Warriors,Western,103.10,0,,,,,
2024-04-04,2024,LAL,Los Angeles Lakers,Western,103.20,1,GSW,113,99,1,14
2024-04-05,2024,BOS,Boston Celtics,Eastern,113.30,1,MIA,129,105,1,24
2024-04-05,2024,MIA,Miami Heat,Eastern,105.71,0,,,,,
2024-04-05,2024,MIL,Milwaukee Bucks,Eastern,106.17,0,,,,,
2024-04-05,2024,DEN,Denver Nuggets,Western,109.20,1,GSW,126,106,1,20
2024-04-05,2024,GSW,Golden State Warriors,Western,102.03,0,,,,,
2024-04-05,2024,LAL,Los Angeles Lakers,Western,101.24,0,,,,,
2024-04-06,2024,BOS,Boston Celtics,Eastern,112.74,0,,,,,
2024-04-06,2024,MIA,Miami Heat,Eastern,106.50,1,MIL,111,110,1,1
2024-04-06,2024,MIL,Milwaukee Bucks,Eastern,107.30,0,,,,,
2024-04-06,2024,DEN,Denver Nuggets,Western,108.27,0,,,,,
2024-04-06,2024,GSW,Golden State Warriors,Western,103.45,1,LAL,121,113,1,8
2024-04-06,2024,LAL,Los Angeles Lakers,Western,101.24,0,,,,,
2024-04-07,2024,BOS,Boston Celtics,Eastern,111.73,0,,,,,
2024-04-07,2024,MIA,Miami Heat,Eastern,106.94,0,,,,,
2024-04-07,2024,MIL,Milwaukee Bucks,Eastern,107.13,1,DEN,127,114,1,13
2024-04-07,2024,DEN,Denver Nuggets,Western,108.13,0,,,,,
2024-04-07,2024,GSW,Golden State Warriors,Western,103.17,0,,,,,
2024-04-07,2024,LAL,Los Angeles Lakers,Western,102.02,1,BOS,104,103,1,1
2024-04-08,2024,BOS,Boston Celtics,Eastern,112.04,1,MIA,98,109,0,-11
2024-04-08,2024,MIA,Miami Heat,Eastern,106.74,0,,,,,
2024-04-08,2024,MIL,Milwaukee Bucks,Eastern,105.70,0,,,,,
2024-04-08,2024,DEN,Denver Nuggets,Western,109.84,1,GSW,119,110,1,9
2024-04-08,2024,GSW,Golden State Warriors,Western,102.80,0,,,,,
2024-04-08,2024,LAL,Los Angeles Lakers,Western,102.54,0,,,,,
2024-04-09,2024,BOS,Boston Celtics,Eastern,113.00,0,,,,,
2024-04-09,2024,MIA,Miami Heat,Eastern,105.34,1,MIL,114,121,0,-7
2024-04-09,2024,MIL,Milwaukee Bucks,Eastern,107.05,0,,,,,
2024-04-09,2024,DEN,Denver Nuggets,Western,108.08,0,,,,,
2024-04-09,2024,GSW,Golden State Warriors,Western,101.52,1,LAL,112,116,0,-4
2024-04-09,2024,LAL,Los Angeles Lakers,Western,102.40,0,,,,,
2024-04-10,2024,BOS,Boston Celtics,Eastern,111.69,0,,,,,
2024-04-10,2024,MIA,Miami Heat,Eastern,106.96,0,,,,,
2024-04-10,2024,MIL,Milwaukee Bucks,Eastern,107.17,1,DEN,129,108,1,21
2024-04-10,2024,DEN,Denver Nuggets,Western,108.91,0,,,,,
2024-04-10,2024,GSW,Golden State Warriors,Western,102.72,0,,,,,
2024-04-10,2024,LAL,Los Angeles Lakers,Western,102.59,1,BOS,126,106,1,20
2024-04-11,2024,BOS,Boston Celtics,Eastern,114.19,1,MIL,122,106,1,16
2024-04-11,2024,MIA,Miami Heat,Eastern,105.77,0,,,,,
2024-04-11,2024,MIL,Milwaukee Bucks,Eastern,106.70,0,,,,,
2024-04-11,2024,DEN,Denver Nuggets,Western,108.04,1,LAL,121,120,1,1
2024-04-11,2024,GSW,Golden State Warriors,Western,102.68,0,,,,,
2024-04-11,2024,LAL,Los Angeles Lakers,Western,101.73,0,,,,,
2024-04-12,2024,BOS,Boston Celtics,Eastern,111.56,0,,,,,
2024-04-12,2024,MIA,Miami Heat,Eastern,106.70,1,DEN,130,123,1,7
2024-04-12,2024,MIL,Milwaukee Bucks,Eastern,106.86,0,,,,,
2024-04-12,2024,DEN,Denver Nuggets,Western,107.78,0,,,,,
2024-04-12,2024,GSW,Golden State Warriors,Western,103.25,1,BOS,110,97,1,13
2024-04-12,2024,LAL,Los Angeles Lakers,Western,101.08,0,,,,,
2024-04-13,2024,BOS,Boston Celtics,Eastern,112.75,0,,,,,
2024-04-13,2024,MIA,Miami Heat,Eastern,105.43,0,,,,,
2024-04-13,2024,MIL,Milwaukee Bucks,Eastern,107.41,1,GSW,124,108,1,16
2024-04-13,2024,DEN,Denver Nuggets,Western,108.93,0,,,,,
2024-04-13,2024,GSW,Golden State Warriors,Western,102.14,0,,,,,
2024-04-13,2024,LAL,Los Angeles Lakers,Western,102.55,1,MIA,99,97,1,2
2024-04-14,2024,BOS,Boston Celtics,Eastern,112.46,1,DEN,105,98,1,7
2024-04-14,2024,MIA,Miami Heat,Eastern,105.97,0,,,,,
2024-04-14,2024,MIL,Milwaukee Bucks,Eastern,105.76,0,,,,,
2024-04-14,2024,DEN,Denver Nuggets,Western,107.09,1,BOS,108,125,0,-17
2024-04-14,2024,GSW,Golden State Warriors,Western,103.24,0,,,,,
2024-04-14,2024,LAL,Los Angeles Lakers,Western,101.98,0,,,,,
2024-04-15,2024,BOS,Boston Celtics,Eastern,111.63,0,,,,,
2024-04-15,2024,MIA,Miami Heat,Eastern,107.05,1,GSW,109,101,1,8
2024-04-15,2024,MIL,Milwaukee Bucks,Eastern,106.72,0,,,,,
2024-04-15,2024,DEN,Denver Nuggets,Western,108.53,0,,,,,
2024-04-15,2024,GSW,Golden State Warriors,Western,101.90,1,MIA,105,123,0,-18
2024-04-15,2024,LAL,Los Angeles Lakers,Western,102.47,0,,,,,
2024-04-16,2024,BOS,Boston Celtics,Eastern,112.49,0,,,,,
2024-04-16,2024,MIA,Miami Heat,Eastern,105.45,0,,,,,
2024-04-16,2024,MIL,Milwaukee Bucks,Eastern,106.55,1,LAL,115,117,0,-2
2024-04-16,2024,DEN,Denver Nuggets,Western,107.93,0,,,,,
2024-04-16,2024,GSW,Golden State Warriors,Western,102.83,0,,,,,
2024-04-16,2024,LAL,Los Angeles Lakers,Western,101.85,1,MIL,106,112,0,-6
2024-04-17,2024,BOS,Boston Celtics,Eastern,113.35,1,GSW,128,116,1,12
2024-04-17,2024,MIA,Miami Heat,Eastern,105.22,0,,,,,
2024-04-17,2024,MIL,Milwaukee Bucks,Eastern,106.54,0,,,,,
2024-04-17,2024,DEN,Denver Nuggets,Western,108.11,1,MIA,105,114,0,-9
2024-04-17,2024,GSW,Golden State Warriors,Western,102.01,0,,,,,
2024-04-17,2024,LAL,Los Angeles Lakers,Western,101.93,0,,,,,
2024-04-18,2024,BOS,Boston Celtics,Eastern,111.05,0,,,,,
2024-04-18,2024,MIA,Miami Heat,Eastern,103.35,1,LAL,106,130,0,-24
2024-04-18,2024,MIL,Milwaukee Bucks,Eastern,106.56,0,,,,,
2024-04-18,2024,DEN,Denver Nuggets,Western,108.47,0,,,,,
2024-04-18,2024,GSW,Golden State Warriors,Western,103.21,1,MIL,112,104,1,8
2024-04-18,2024,LAL,Los Angeles Lakers,Western,101.04,0,,,,,
2024-04-19,2024,BOS,Boston Celtics,Eastern,111.62,0,,,,,
2024-04-19,2024,MIA,Miami Heat,Eastern,106.51,0,,,,,
2024-04-19,2024,MIL,Milwaukee Bucks,Eastern,104.54,1,BOS,114,130,0,-16
2024-04-19,2024,DEN,Denver Nuggets,Western,108.07,0,,,,,
2024-04-19,2024,GSW,Golden State Warriors,Western,102.86,0,,,,,
2024-04-19,2024,LAL,Los Angeles Lakers,Western,102.12,1,DEN,131,127,1,4
2024-04-20,2024,BOS,Boston Celtics,Eastern,113.14,1,LAL,130,102,1,28
2024-04-20,2024,MIA,Miami Heat,Eastern,105.68,0,,,,,
2024-04-20,2024,MIL,Milwaukee Bucks,Eastern,105.26,0,,,,,
2024-04-20,2024,DEN,Denver Nuggets,Western,108.55,1,MIL,101,115,0,-14
2024-04-20,2024,GSW,Golden State Warriors,Western,103.55,0,,,,,
2024-04-20,2024,LAL,Los Angeles Lakers,Western,101.81,0,,,,,
2024-04-21,2024,BOS,Boston Celtics,Eastern,111.06,0,,,,,
2024-04-21,2024,MIA,Miami Heat,Eastern,107.37,1,BOS,122,98,1,24
2024-04-21,2024,MIL,Milwaukee Bucks,Eastern,106.93,0,,,,,
2024-04-21,2024,DEN,Denver Nuggets,Western,108.43,0,,,,,
2024-04-21,2024,GSW,Golden State Warriors,Western,103.77,1,DEN,116,98,1,18
2024-04-21,2024,LAL,Los Angeles Lakers,Western,101.25,0,,,,,
2024-04-22,2024,BOS,Boston Celtics,Eastern,111.00,0,,,,,
2024-04-22,2024,MIA,Miami Heat,Eastern,106.39,0,,,,,
2024-04-22,2024,MIL,Milwaukee Bucks,Eastern,104.75,1,MIA,112,124,0,-12
2024-04-22,2024,DEN,Denver Nuggets,Western,109.66,0,,,,,
2024-04-22,2024,GSW,Golden State Warriors,Western,102.96,0,,,,,
2024-04-22,2024,LAL,Los Angeles Lakers,Western,101.13,1,GSW,101,102,0,-1
2024-04-23,2024,BOS,Boston Celtics,Eastern,112.95,1,MIA,113,96,1,17
2024-04-23,2024,MIA,Miami Heat,Eastern,104.75,0,,,,,
2024-04-23,2024,MIL,Milwaukee Bucks,Eastern,105.92,0,,,,,
2024-04-23,2024,DEN,Denver Nuggets,Western,107.32,1,GSW,100,113,0,-13
2024-04-23,2024,GSW,Golden State Warriors,Western,102.37,0,,,,,
2024-04-23,2024,LAL,Los Angeles Lakers,Western,101.54,0,,,,,
2024-04-24,2024,BOS,Boston Celtics,Eastern,112.24,0,,,,,
2024-04-24,2024,MIA,Miami Heat,Eastern,105.41,1,MIL,111,103,1,8
2024-04-24,2024,MIL,Milwaukee Bucks,Eastern,105.48,0,,,,,
2024-04-24,2024,DEN,Denver Nuggets,Western,109.02,0,,,,,
2024-04-24,2024,GSW,Golden State Warriors,Western,102.52,1,LAL,105,113,0,-8
2024-04-24,2024,LAL,Los Angeles Lakers,Western,100.79,0,,,,,
2024-04-25,2024,BOS,Boston Celtics,Eastern,111.73,0,,,,,
2024-04-25,2024,MIA,Miami Heat,Eastern,105.85,0,,,,,
2024-04-25,2024,MIL,Milwaukee Bucks,Eastern,105.41,1,DEN,101,115,0,-14
2024-04-25,2024,DEN,Denver Nuggets,Western,108.90,0,,,,,
2024-04-25,2024,GSW,Golden State Warriors,Western,101.82,0,,,,,
2024-04-25,2024,LAL,Los Angeles Lakers,Western,100.19,1,BOS,122,129,0,-7
2024-04-26,2024,BOS,Boston Celtics,Eastern,109.88,1,MIA,102,115,0,-13
2024-04-26,2024,MIA,Miami Heat,Eastern,106.34,0,,,,,
2024-04-26,2024,MIL,Milwaukee Bucks,Eastern,106.16,0,,,,,
2024-04-26,2024,DEN,Denver Nuggets,Western,108.13,1,GSW,111,129,0,-18
2024-04-26,2024,GSW,Golden State Warriors,Western,102.29,0,,,,,
2024-04-26,2024,LAL,Los Angeles Lakers,Western,101.30,0,,,,,
2024-04-27,2024,BOS,Boston Celtics,Eastern,111.54,0,,,,,
2024-04-27,2024,MIA,Miami Heat,Eastern,104.00,1,MIL,108,122,0,-14
2024-04-27,2024,MIL,Milwaukee Bucks,Eastern,106.13,0,,,,,
2024-04-27,2024,DEN,Denver Nuggets,Western,109.07,0,,,,,
2024-04-27,2024,GSW,Golden State Warriors,Western,101.94,1,LAL,104,122,0,-18
2024-04-27,2024,LAL,Los Angeles Lakers,Western,101.71,0,,,,,
2024-04-28,2024,BOS,Boston Celtics,Eastern,110.54,0,,,,,
2024-04-28,2024,MIA,Miami Heat,Eastern,105.23,0,,,,,
2024-04-28,2024,MIL,Milwaukee Bucks,Eastern,107.87,1,DEN,126,103,1,23
2024-04-28,2024,DEN,Denver Nuggets,Western,108.48,0,,,,,
2024-04-28,2024,GSW,Golden State Warriors,Western,103.02,0,,,,,
2024-04-28,2024,LAL,Los Angeles Lakers,Western,102.37,1,BOS,119,110,1,9
2024-04-29,2024,BOS,Boston Celtics,Eastern,111.15,1,MIL,101,107,0,-6
2024-04-29,2024,MIA,Miami Heat,Eastern,105.84,0,,,,,
2024-04-29,2024,MIL,Milwaukee Bucks,Eastern,106.98,0,,,,,
2024-04-29,2024,DEN,Denver Nuggets,Western,110.09,1,LAL,126,97,1,29
2024-04-29,2024,GSW,Golden State Warriors,Western,102.95,0,,,,,
2024-04-29,2024,LAL,Los Angeles Lakers,Western,101.51,0,,,,,
2024-04-30,2024,BOS,Boston Celtics,Eastern,110.61,0,,,,,
2024-04-30,2024,MIA,Miami Heat,Eastern,106.38,1,DEN,118,102,1,16
2024-04-30,2024,MIL,Milwaukee Bucks,Eastern,106.66,0,,,,,
2024-04-30,2024,DEN,Denver Nuggets,Western,109.59,0,,,,,
2024-04-30,2024,GSW,Golden State Warriors,Western,102.89,1,BOS,120,115,1,5
2024-04-30,2024,LAL,Los Angeles Lakers,Western,100.11,0,,,,,
2024-05-01,2024,BOS,Boston Celtics,Eastern,111.28,0,,,,,
2024-05-01,2024,MIA,Miami Heat,Eastern,106.54,0,,,,,
2024-05-01,2024,MIL,Milwaukee Bucks,Eastern,107.00,1,GSW,110,112,0,-2
2024-05-01,2024,DEN,Denver Nuggets,Western,108.98,0,,,,,
2024-05-01,2024,GSW,Golden State Warriors,Western,101.70,0,,,,,
2024-05-01,2024,LAL,Los Angeles Lakers,Western,101.96,1,MIA,109,100,1,9
2024-05-02,2024,BOS,Boston Celtics,Eastern,110.69,1,DEN,123,121,1,2
2024-05-02,2024,MIA,Miami Heat,Eastern,106.28,0,,,,,
2024-05-02,2024,MIL,Milwaukee Bucks,Eastern,106.46,0,,,,,
2024-05-02,2024,DEN,Denver Nuggets,Western,109.80,1,BOS,105,104,1,1
2024-05-02,2024,GSW,Golden State Warriors,Western,101.58,0,,,,,
2024-05-02,2024,LAL,Los Angeles Lakers,Western,99.95,0,,,,,
2024-05-03,2024,BOS,Boston Celtics,Eastern,111.54,0,,,,,
2024-05-03,2024,MIA,Miami Heat,Eastern,107.13,1,GSW,109,100,1,9
2024-05-03,2024,MIL,Milwaukee Bucks,Eastern,107.12,0,,,,,
2024-05-03,2024,DEN,Denver Nuggets,Western,109.25,0,,,,,
2024-05-03,2024,GSW,Golden State Warriors,Western,103.03,1,MIA,126,125,1,1
2024-05-03,2024,LAL,Los Angeles Lakers,Western,101.24,0,,,,,
2024-05-04,2024,BOS,Boston Celtics,Eastern,111.32,0,,,,,
2024-05-04,2024,MIA,Miami Heat,Eastern,105.88,0,,,,,
2024-05-04,2024,MIL,Milwaukee Bucks,Eastern,105.64,1,LAL,111,124,0,-13
2024-05-04,2024,DEN,Denver Nuggets,Western,108.39,0,,,,,
2024-05-04,2024,GSW,Golden State Warriors,Western,101.49,0,,,,,
2024-05-04,2024,LAL,Los Angeles Lakers,Western,99.47,1,MIL,116,128,0,-12
2024-05-05,2024,BOS,Boston Celtics,Eastern,110.74,1,GSW,122,130,0,-8
2024-05-05,2024,MIA,Miami Heat,Eastern,105.24,0,,,,,
2024-05-05,2024,MIL,Milwaukee Bucks,Eastern,107.12,0,,,,,
2024-05-05,2024,DEN,Denver Nuggets,Western,107.87,1,MIA,109,120,0,-11
2024-05-05,2024,GSW,Golden State Warriors,Western,101.46,0,,,,,
2024-05-05,2024,LAL,Los Angeles Lakers,Western,100.89,0,,,,,
2024-05-06,2024,BOS,Boston Celtics,Eastern,111.00,0,,,,,
2024-05-06,2024,MIA,Miami Heat,Eastern,106.02,1,LAL,116,113,1,3
2024-05-06,2024,MIL,Milwaukee Bucks,Eastern,106.50,0,,,,,
2024-05-06,2024,DEN,Denver Nuggets,Western,109.40,0,,,,,
2024-05-06,2024,GSW,Golden State Warriors,Western,101.68,1,MIL,108,113,0,-5
2024-05-06,2024,LAL,Los Angeles Lakers,Western,99.59,0,,,,,
2024-05-07,2024,BOS,Boston Celtics,Eastern,111.39,0,,,,,
2024-05-07,2024,MIA,Miami Heat,Eastern,105.33,0,,,,,
2024-05-07,2024,MIL,Milwaukee Bucks,Eastern,105.87,1,BOS,122,125,0,-3
2024-05-07,2024,DEN,Denver Nuggets,Western,109.00,0,,,,,
2024-05-07,2024,GSW,Golden State Warriors,Western,100.85,0,,,,,
2024-05-07,2024,LAL,Los Angeles Lakers,Western,100.73,1,DEN,123,114,1,9
2024-05-08,2024,BOS,Boston Celtics,Eastern,112.83,1,LAL,125,100,1,25
2024-05-08,2024,MIA,Miami Heat,Eastern,106.18,0,,,,,
2024-05-08,2024,MIL,Milwaukee Bucks,Eastern,106.65,0,,,,,
2024-05-08,2024,DEN,Denver Nuggets,Western,109.94,1,MIL,130,119,1,11
2024-05-08,2024,GSW,Golden State Warriors,Western,101.69,0,,,,,
2024-05-08,2024,LAL,Los Angeles Lakers,Western,100.38,0,,,,,
2024-05-09,2024,BOS,Boston Celtics,Eastern,111.19,0,,,,,
2024-05-09,2024,MIA,Miami Heat,Eastern,104.64,1,BOS,107,122,0,-15
2024-05-09,2024,MIL,Milwaukee Bucks,Eastern,107.37,0,,,,,
2024-05-09,2024,DEN,Denver Nuggets,Western,108.84,0,,,,,
2024-05-09,2024,GSW,Golden State Warriors,Western,102.46,1,DEN,127,113,1,14
2024-05-09,2024,LAL,Los Angeles Lakers,Western,100.23,0,,,,,
2024-05-10,2024,BOS,Boston Celtics,Eastern,112.36,0,,,,,
2024-05-10,2024,MIA,Miami Heat,Eastern,106.62,0,,,,,
2024-05-10,2024,MIL,Milwaukee Bucks,Eastern,105.10,1,MIA,98,122,0,-24
2024-05-10,2024,DEN,Denver Nuggets,Western,109.24,0,,,,,
2024-05-10,2024,GSW,Golden State Warriors,Western,100.62,0,,,,,
2024-05-10,2024,LAL,Los Angeles Lakers,Western,101.67,1,GSW,131,98,1,33
2024-05-11,2024,BOS,Boston Celtics,Eastern,112.02,1,MIA,101,97,1,4
2024-05-11,2024,MIA,Miami Heat,Eastern,105.37,0,,,,,
2024-05-11,2024,MIL,Milwaukee Bucks,Eastern,105.94,0,,,,,
2024-05-11,2024,DEN,Denver Nuggets,Western,107.89,1,GSW,98,120,0,-22
2024-05-11,2024,GSW,Golden State Warriors,Western,100.92,0,,,,,
2024-05-11,2024,LAL,Los Angeles Lakers,Western,99.32,0,,,,,
2024-05-12,2024,BOS,Boston Celtics,Eastern,112.41,0,,,,,
2024-05-12,2024,MIA,Miami Heat,Eastern,108.14,1,MIL,127,98,1,29
2024-05-12,2024,MIL,Milwaukee Bucks,Eastern,106.52,0,,,,,
2024-05-12,2024,DEN,Denver Nuggets,Western,108.04,0,,,,,
2024-05-12,2024,GSW,Golden State Warriors,Western,100.47,1,LAL,103,130,0,-27
2024-05-12,2024,LAL,Los Angeles Lakers,Western,100.82,0,,,,,
2024-05-13,2024,BOS,Boston Celtics,Eastern,111.03,0,,,,,
2024-05-13,2024,MIA,Miami Heat,Eastern,107.23,0,,,,,
2024-05-13,2024,MIL,Milwaukee Bucks,Eastern,105.41,1,DEN,101,115,0,-14
2024-05-13,2024,DEN,Denver Nuggets,Western,108.13,0,,,,,
2024-05-13,2024,GSW,Golden State Warriors,Western,100.65,0,,,,,
2024-05-13,2024,LAL,Los Angeles Lakers,Western,99.43,1,BOS,112,128,0,-16
2024-05-14,2024,BOS,Boston Celtics,Eastern,109.95,1,MIA,110,127,0,-17
2024-05-14,2024,MIA,Miami Heat,Eastern,106.09,0,,,,,
2024-05-14,2024,MIL,Milwaukee Bucks,Eastern,107.07,0,,,,,
2024-05-14,2024,DEN,Denver Nuggets,Western,108.62,1,GSW,121,114,1,7
2024-05-14,2024,GSW,Golden State Warriors,Western,100.98,0,,,,,
2024-05-14,2024,LAL,Los Angeles Lakers,Western,99.28,0,,,,,
2024-05-15,2024,BOS,Boston Celtics,Eastern,112.14,0,,,,,
2024-05-15,2024,MIA,Miami Heat,Eastern,105.10,1,MIL,102,113,0,-11
2024-05-15,2024,MIL,Milwaukee Bucks,Eastern,106.26,0,,,,,
2024-05-15,2024,DEN,Denver Nuggets,Western,109.05,0,,,,,
2024-05-15,2024,GSW,Golden State Warriors,Western,99.05,1,LAL,102,118,0,-16
2024-05-15,2024,LAL,Los Angeles Lakers,Western,99.60,0,,,,,
2024-05-16,2024,BOS,Boston Celtics,Eastern,111.70,0,,,,,
2024-05-16,2024,MIA,Miami Heat,Eastern,106.79,0,,,,,
2024-05-16,2024,MIL,Milwaukee Bucks,Eastern,104.97,1,DEN,100,125,0,-25
2024-05-16,2024,DEN,Denver Nuggets,Western,107.62,0,,,,,
2024-05-16,2024,GSW,Golden State Warriors,Western,100.80,0,,,,,
2024-05-16,2024,LAL,Los Angeles Lakers,Western,100.36,1,BOS,111,115,0,-4
2024-05-17,2024,BOS,Boston Celtics,Eastern,111.95,1,MIL,121,123,0,-2
2024-05-17,2024,MIA,Miami Heat,Eastern,106.29,0,,,,,
2024-05-17,2024,MIL,Milwaukee Bucks,Eastern,107.03,0,,,,,
2024-05-17,2024,DEN,Denver Nuggets,Western,109.62,1,LAL,118,98,1,20
2024-05-17,2024,GSW,Golden State Warriors,Western,100.85,0,,,,,
2024-05-17,2024,LAL,Los Angeles Lakers,Western,100.74,0,,,,,
2024-05-18,2024,BOS,Boston Celtics,Eastern,112.55,0,,,,,
2024-05-18,2024,MIA,Miami Heat,Eastern,106.13,1,DEN,101,118,0,-17
2024-05-18,2024,MIL,Milwaukee Bucks,Eastern,107.35,0,,,,,
2024-05-18,2024,DEN,Denver Nuggets,Western,108.05,0,,,,,
2024-05-18,2024,GSW,Golden State Warriors,Western,100.89,1,BOS,120,119,1,1
2024-05-18,2024,LAL,Los Angeles Lakers,Western,100.60,0,,,,,
2024-05-19,2024,BOS,Boston Celtics,Eastern,111.68,0,,,,,
2024-05-19,2024,MIA,Miami Heat,Eastern,107.71,0,,,,,
2024-05-19,2024,MIL,Milwaukee Bucks,Eastern,107.11,1,GSW,129,125,1,4
2024-05-19,2024,DEN,Denver Nuggets,Western,108.51,0,,,,,
2024-05-19,2024,GSW,Golden State Warriors,Western,100.10,0,,,,,
2024-05-19,2024,LAL,Los Angeles Lakers,Western,100.28,1,MIA,110,114,0,-4
2024-05-20,2024,BOS,Boston Celtics,Eastern,112.88,1,DEN,131,124,1,7
2024-05-20,2024,MIA,Miami Heat,Eastern,106.97,0,,,,,
2024-05-20,2024,MIL,Milwaukee Bucks,Eastern,107.15,0,,,,,
2024-05-20,2024,DEN,Denver Nuggets,Western,108.80,1,BOS,128,113,1,15
2024-05-20,2024,GSW,Golden State Warriors,Western,99.85,0,,,,,
2024-05-20,2024,LAL,Los Angeles Lakers,Western,100.24,0,,,,,
2024-05-21,2024,BOS,Boston Celtics,Eastern,111.96,0,,,,,
2024-05-21,2024,MIA,Miami Heat,Eastern,104.92,1,GSW,103,121,0,-18
2024-05-21,2024,MIL,Milwaukee Bucks,Eastern,106.91,0,,,,,
2024-05-21,2024,DEN,Denver Nuggets,Western,107.07,0,,,,,
2024-05-21,2024,GSW,Golden State Warriors,Western,100.27,1,MIA,125,128,0,-3
2024-05-21,2024,LAL,Los Angeles Lakers,Western,99.74,0,,,,,
2024-05-22,2024,BOS,Boston Celtics,Eastern,111.82,0,,,,,
2024-05-22,2024,MIA,Miami Heat,Eastern,107.21,0,,,,,
2024-05-22,2024,MIL,Milwaukee Bucks,Eastern,106.63,1,LAL,117,114,1,3
2024-05-22,2024,DEN,Denver Nuggets,Western,106.63,0,,,,,
2024-05-22,2024,GSW,Golden State Warriors,Western,99.37,0,,,,,
2024-05-22,2024,LAL,Los Angeles Lakers,Western,100.87,1,MIL,118,112,1,6
2024-05-23,2024,BOS,Boston Celtics,Eastern,113.98,1,GSW,122,100,1,22
2024-05-23,2024,MIA,Miami Heat,Eastern,106.80,0,,,,,
2024-05-23,2024,MIL,Milwaukee Bucks,Eastern,107.00,0,,,,,
2024-05-23,2024,DEN,Denver Nuggets,Western,105.71,1,MIA,101,111,0,-10
2024-05-23,2024,GSW,Golden State Warriors,Western,99.27,0,,,,,
2024-05-23,2024,LAL,Los Angeles Lakers,Western,99.93,0,,,,,
2024-05-24,2024,BOS,Boston Celtics,Eastern,113.54,0,,,,,
2024-05-24,2024,MIA,Miami Heat,Eastern,106.31,1,LAL,106,130,0,-24
2024-05-24,2024,MIL,Milwaukee Bucks,Eastern,105.67,0,,,,,
2024-05-24,2024,DEN,Denver Nuggets,Western,107.64,0,,,,,
2024-05-24,2024,GSW,Golden State Warriors,Western,101.37,1,MIL,122,103,1,19
2024-05-24,2024,LAL,Los Angeles Lakers,Western,99.13,0,,,,,
2024-05-25,2024,BOS,Boston Celtics,Eastern,112.22,0,,,,,
2024-05-25,2024,MIA,Miami Heat,Eastern,106.46,0,,,,,
2024-05-25,2024,MIL,Milwaukee Bucks,Eastern,105.10,1,BOS,98,103,0,-5
2024-05-25,2024,DEN,Denver Nuggets,Western,106.79,0,,,,,
2024-05-25,2024,GSW,Golden State Warriors,Western,99.43,0,,,,,
2024-05-25,2024,LAL,Los Angeles Lakers,Western,101.26,1,DEN,121,97,1,24
2024-05-26,2024,BOS,Boston Celtics,Eastern,113.46,1,LAL,105,104,1,1
2024-05-26,2024,MIA,Miami Heat,Eastern,107.13,0,,,,,
2024-05-26,2024,MIL,Milwaukee Bucks,Eastern,106.41,0,,,,,
2024-05-26,2024,DEN,Denver Nuggets,Western,107.78,1,MIL,108,100,1,8
2024-05-26,2024,GSW,Golden State Warriors,Western,99.08,0,,,,,
2024-05-26,2024,LAL,Los Angeles Lakers,Western,100.92,0,,,,,
2024-05-27,2024,BOS,Boston Celtics,Eastern,112.47,0,,,,,
2024-05-27,2024,MIA,Miami Heat,Eastern,108.30,1,BOS,129,105,1,24
2024-05-27,2024,MIL,Milwaukee Bucks,Eastern,106.64,0,,,,,
2024-05-27,2024,DEN,Denver Nuggets,Western,106.45,0,,,,,
2024-05-27,2024,GSW,Golden State Warriors,Western,98.51,1,DEN,105,110,0,-5
2024-05-27,2024,LAL,Los Angeles Lakers,Western,100.46,0,,,,,
2024-05-28,2024,BOS,Boston Celtics,Eastern,113.46,0,,,,,
2024-05-28,2024,MIA,Miami Heat,Eastern,106.88,0,,,,,
2024-05-28,2024,MIL,Milwaukee Bucks,Eastern,106.34,1,MIA,129,123,1,6
2024-05-28,2024,DEN,Denver Nuggets,Western,107.08,0,,,,,
2024-05-28,2024,GSW,Golden State Warriors,Western,98.80,0,,,,,
2024-05-28,2024,LAL,Los Angeles Lakers,Western,102.32,1,GSW,120,96,1,24
2024-05-29,2024,BOS,Boston Celtics,Eastern,112.35,1,MIA,108,121,0,-13
2024-05-29,2024,MIA,Miami Heat,Eastern,106.75,0,,,,,
2024-05-29,2024,MIL,Milwaukee Bucks,Eastern,106.40,0,,,,,
2024-05-29,2024,DEN,Denver Nuggets,Western,107.24,1,GSW,117,109,1,8
2024-05-29,2024,GSW,Golden State Warriors,Western,98.72,0,,,,,
2024-05-29,2024,LAL,Los Angeles Lakers,Western,100.81,0,,,,,
2024-05-30,2024,BOS,Boston Celtics,Eastern,112.76,0,,,,,
2024-05-30,2024,MIA,Miami Heat,Eastern,107.47,1,MIL,117,115,1,2
2024-05-30,2024,MIL,Milwaukee Bucks,Eastern,104.90,0,,,,,
2024-05-30,2024,DEN,Denver Nuggets,Western,106.24,0,,,,,
2024-05-30,2024,GSW,Golden State Warriors,Western,98.60,1,LAL,101,111,0,-10
2024-05-30,2024,LAL,Los Angeles Lakers,Western,100.89,0,,,,,
2024-05-31,2024,BOS,Boston Celtics,Eastern,113.70,0,,,,,
2024-05-31,2024,MIA,Miami Heat,Eastern,107.51,0,,,,,
2024-05-31,2024,MIL,Milwaukee Bucks,Eastern,106.34,1,DEN,127,115,1,12
2024-05-31,2024,DEN,Denver Nuggets,Western,106.17,0,,,,,
2024-05-31,2024,GSW,Golden State Warriors,Western,99.24,0,,,,,
2024-05-31,2024,LAL,Los Angeles Lakers,Western,100.39,1,BOS,106,105,1,1
2024-06-01,2024,BOS,Boston Celtics,Eastern,113.68,1,MIA,126,125,1,1
2024-06-01,2024,MIA,Miami Heat,Eastern,107.00,0,,,,,
2024-06-01,2024,MIL,Milwaukee Bucks,Eastern,106.29,0,,,,,
2024-06-01,2024,DEN,Denver Nuggets,Western,106.53,1,GSW,107,99,1,8
2024-06-01,2024,GSW,Golden State Warriors,Western,98.60,0,,,,,
2024-06-01,2024,LAL,Los Angeles Lakers,Western,100.92,0,,,,,
2024-06-02,2024,BOS,Boston Celtics,Eastern,113.02,0,,,,,
2024-06-02,2024,MIA,Miami Heat,Eastern,107.40,1,MIL,120,115,1,5
2024-06-02,2024,MIL,Milwaukee Bucks,Eastern,104.49,0,,,,,
2024-06-02,2024,DEN,Denver Nuggets,Western,105.14,0,,,,,
2024-06-02,2024,GSW,Golden State Warriors,Western,97.81,1,LAL,104,115,0,-11
2024-06-02,2024,LAL,Los Angeles Lakers,Western,100.03,0,,,,,
2024-06-03,2024,BOS,Boston Celtics,Eastern,114.47,0,,,,,
2024-06-03,2024,MIA,Miami Heat,Eastern,107.39,0,,,,,
2024-06-03,2024,MIL,Milwaukee Bucks,Eastern,104.54,1,DEN,98,110,0,-12
2024-06-03,2024,DEN,Denver Nuggets,Western,105.96,0,,,,,
2024-06-03,2024,GSW,Golden State Warriors,Western,98.68,0,,,,,
2024-06-03,2024,LAL,Los Angeles Lakers,Western,101.46,1,BOS,113,110,1,3
2024-06-04,2024,BOS,Boston Celtics,Eastern,114.13,1,MIL,103,108,0,-5
2024-06-04,2024,MIA,Miami Heat,Eastern,106.21,0,,,,,
2024-06-04,2024,MIL,Milwaukee Bucks,Eastern,104.87,0,,,,,
2024-06-04,2024,DEN,Denver Nuggets,Western,106.88,1,LAL,106,99,1,7
2024-06-04,2024,GSW,Golden State Warriors,Western,98.74,0,,,,,
2024-06-04,2024,LAL,Los Angeles Lakers,Western,100.29,0,,,,,
2024-06-05,2024,BOS,Boston Celtics,Eastern,113.99,0,,,,,
2024-06-05,2024,MIA,Miami Heat,Eastern,105.43,1,DEN,99,110,0,-11
2024-06-05,2024,MIL,Milwaukee Bucks,Eastern,105.31,0,,,,,
2024-06-05,2024,DEN,Denver Nuggets,Western,104.57,0,,,,,
2024-06-05,2024,GSW,Golden State Warriors,Western,98.38,1,BOS,107,127,0,-20
2024-06-05,2024,LAL,Los Angeles Lakers,Western,101.83,0,,,,,
2024-06-06,2024,BOS,Boston Celtics,Eastern,113.85,0,,,,,
2024-06-06,2024,MIA,Miami Heat,Eastern,107.24,0,,,,,
2024-06-06,2024,MIL,Milwaukee Bucks,Eastern,106.00,1,GSW,117,101,1,16
2024-06-06,2024,DEN,Denver Nuggets,Western,105.03,0,,,,,
2024-06-06,2024,GSW,Golden State Warriors,Western,99.94,0,,,,,
2024-06-06,2024,LAL,Los Angeles Lakers,Western,101.21,1,MIA,114,119,0,-5
2024-06-07,2024,BOS,Boston Celtics,Eastern,115.36,1,DEN,128,119,1,9
2024-06-07,2024,MIA,Miami Heat,Eastern,106.25,0,,,,,
2024-06-07,2024,MIL,Milwaukee Bucks,Eastern,105.09,0,,,,,
2024-06-07,2024,DEN,Denver Nuggets,Western,106.70,1,BOS,125,110,1,15
2024-06-07,2024,GSW,Golden State Warriors,Western,99.04,0,,,,,
2024-06-07,2024,LAL,Los Angeles Lakers,Western,102.02,0,,,,,
2024-06-08,2024,BOS,Boston Celtics,Eastern,114.23,0,,,,,
2024-06-08,2024,MIA,Miami Heat,Eastern,108.01,1,GSW,118,99,1,19
2024-06-08,2024,MIL,Milwaukee Bucks,Eastern,104.96,0,,,,,
2024-06-08,2024,DEN,Denver Nuggets,Western,104.15,0,,,,,
2024-06-08,2024,GSW,Golden State Warriors,Western,98.55,1,MIA,98,99,0,-1
2024-06-08,2024,LAL,Los Angeles Lakers,Western,102.14,0,,,,,
2024-06-09,2024,BOS,Boston Celtics,Eastern,113.55,0,,,,,
2024-06-09,2024,MIA,Miami Heat,Eastern,105.93,0,,,,,
2024-06-09,2024,MIL,Milwaukee Bucks,Eastern,102.24,1,LAL,115,130,0,-15
2024-06-09,2024,DEN,Denver Nuggets,Western,105.75,0,,,,,
2024-06-09,2024,GSW,Golden State Warriors,Western,99.57,0,,,,,
2024-06-09,2024,LAL,Los Angeles Lakers,Western,103.77,1,MIL,128,109,1,19
2024-06-10,2024,BOS,Boston Celtics,Eastern,115.83,1,GSW,124,101,1,23
2024-06-10,2024,MIA,Miami Heat,Eastern,107.23,0,,,,,
2024-06-10,2024,MIL,Milwaukee Bucks,Eastern,103.66,0,,,,,
2024-06-10,2024,DEN,Denver Nuggets,Western,105.74,1,MIA,127,125,1,2
2024-06-10,2024,GSW,Golden State Warriors,Western,98.64,0,,,,,
2024-06-10,2024,LAL,Los Angeles Lakers,Western,102.69,0,,,,,
2024-06-11,2024,BOS,Boston Celtics,Eastern,114.91,0,,,,,
2024-06-11,2024,MIA,Miami Heat,Eastern,107.93,1,LAL,128,100,1,28
2024-06-11,2024,MIL,Milwaukee Bucks,Eastern,103.49,0,,,,,
2024-06-11,2024,DEN,Denver Nuggets,Western,104.36,0,,,,,
2024-06-11,2024,GSW,Golden State Warriors,Western,98.48,1,MIL,119,118,1,1
2024-06-11,2024,LAL,Los Angeles Lakers,Western,102.23,0,,,,,
2024-06-12,2024,BOS,Boston Celtics,Eastern,115.01,0,,,,,
2024-06-12,2024,MIA,Miami Heat,Eastern,106.34,0,,,,,
2024-06-12,2024,MIL,Milwaukee Bucks,Eastern,101.69,1,BOS,102,114,0,-12
2024-06-12,2024,DEN,Denver Nuggets,Western,103.92,0,,,,,
2024-06-12,2024,GSW,Golden State Warriors,Western,98.64,0,,,,,
2024-06-12,2024,LAL,Los Angeles Lakers,Western,102.72,1,DEN,105,106,0,-1
2024-06-13,2024,BOS,Boston Celtics,Eastern,115.64,1,LAL,125,104,1,21
2024-06-13,2024,MIA,Miami Heat,Eastern,106.25,0,,,,,
2024-06-13,2024,MIL,Milwaukee Bucks,Eastern,103.46,0,,,,,
2024-06-13,2024,DEN,Denver Nuggets,Western,106.78,1,MIL,128,103,1,25
2024-06-13,2024,GSW,Golden State Warriors,Western,99.68,0,,,,,
2024-06-13,2024,LAL,Los Angeles Lakers,Western,101.76,0,,,,,
2024-06-14,2024,BOS,Boston Celtics,Eastern,114.30,0,,,,,
2024-06-14,2024,MIA,Miami Heat,Eastern,107.27,1,BOS,109,104,1,5
2024-06-14,2024,MIL,Milwaukee Bucks,Eastern,102.50,0,,,,,
2024-06-14,2024,DEN,Denver Nuggets,Western,105.22,0,,,,,
2024-06-14,2024,GSW,Golden State Warriors,Western,98.44,1,DEN,117,120,0,-3
2024-06-14,2024,LAL,Los Angeles Lakers,Western,102.10,0,,,,,
2024-06-15,2024,BOS,Boston Celtics,Eastern,114.89,0,,,,,
2024-06-15,2024,MIA,Miami Heat,Eastern,106.70,0,,,,,
2024-06-15,2024,MIL,Milwaukee Bucks,Eastern,104.63,1,MIA,121,112,1,9
2024-06-15,2024,DEN,Denver Nuggets,Western,103.61,0,,,,,
2024-06-15,2024,GSW,Golden State Warriors,Western,99.99,0,,,,,
2024-06-15,2024,LAL,Los Angeles Lakers,Western,101.98,1,GSW,120,124,0,-4
2024-06-16,2024,BOS,Boston Celtics,Eastern,113.87,1,MIA,120,117,1,3
2024-06-16,2024,MIA,Miami Heat,Eastern,105.54,0,,,,,
2024-06-16,2024,MIL,Milwaukee Bucks,Eastern,103.70,0,,,,,
2024-06-16,2024,DEN,Denver Nuggets,Western,104.76,1,GSW,113,108,1,5
2024-06-16,2024,GSW,Golden State Warriors,Western,100.16,0,,,,,
2024-06-16,2024,LAL,Los Angeles Lakers,Western,103.95,0,,,,,
2024-06-17,2024,BOS,Boston Celtics,Eastern,113.88,0,,,,,
2024-06-17,2024,MIA,Miami Heat,Eastern,105.90,1,MIL,108,99,1,9
2024-06-17,2024,MIL,Milwaukee Bucks,Eastern,103.19,0,,,,,
2024-06-17,2024,DEN,Denver Nuggets,Western,104.41,0,,,,,
2024-06-17,2024,GSW,Golden State Warriors,Western,98.94,1,LAL,98,105,0,-7
2024-06-17,2024,LAL,Los Angeles Lakers,Western,102.54,0,,,,,
2024-06-18,2024,BOS,Boston Celtics,Eastern,114.63,0,,,,,
2024-06-18,2024,MIA,Miami Heat,Eastern,104.60,0,,,,,
2024-06-18,2024,MIL,Milwaukee Bucks,Eastern,104.70,1,DEN,126,110,1,16
2024-06-18,2024,DEN,Denver Nuggets,Western,104.44,0,,,,,
2024-06-18,2024,GSW,Golden State Warriors,Western,100.02,0,,,,,
2024-06-18,2024,LAL,Los Angeles Lakers,Western,103.64,1,BOS,101,100,1,1
2024-06-19,2024,BOS,Boston Celtics,Eastern,114.04,1,MIA,131,127,1,4
2024-06-19,2024,MIA,Miami Heat,Eastern,106.02,0,,,,,
2024-06-19,2024,MIL,Milwaukee Bucks,Eastern,102.90,0,,,,,
2024-06-19,2024,DEN,Denver Nuggets,Western,104.05,1,GSW,114,122,0,-8
2024-06-19,2024,GSW,Golden State Warriors,Western,99.92,0,,,,,
2024-06-19,2024,LAL,Los Angeles Lakers,Western,103.69,0,,,,,
2024-06-20,2024,BOS,Boston Celtics,Eastern,114.05,0,,,,,
2024-06-20,2024,MIA,Miami Heat,Eastern,105.40,1,MIL,125,117,1,8
2024-06-20,2024,MIL,Milwaukee Bucks,Eastern,102.17,0,,,,,
2024-06-20,2024,DEN,Denver Nuggets,Western,103.65,0,,,,,
2024-06-20,2024,GSW,Golden State Warriors,Western,100.69,1,LAL,125,112,1,13
2024-06-20,2024,LAL,Los Angeles Lakers,Western,103.08,0,,,,,
2024-06-21,2024,BOS,Boston Celtics,Eastern,114.77,0,,,,,
2024-06-21,2024,MIA,Miami Heat,Eastern,105.15,0,,,,,
2024-06-21,2024,MIL,Milwaukee Bucks,Eastern,103.51,1,DEN,129,119,1,10
2024-06-21,2024,DEN,Denver Nuggets,Western,103.63,0,,,,,
2024-06-21,2024,GSW,Golden State Warriors,Western,100.91,0,,,,,
2024-06-21,2024,LAL,Los Angeles Lakers,Western,104.83,1,BOS,124,99,1,25
2024-06-22,2024,BOS,Boston Celtics,Eastern,114.95,1,MIL,128,119,1,9
2024-06-22,2024,MIA,Miami Heat,Eastern,105.30,0,,,,,
2024-06-22,2024,MIL,Milwaukee Bucks,Eastern,101.93,0,,,,,
2024-06-22,2024,DEN,Denver Nuggets,Western,104.35,1,LAL,113,114,0,-1
2024-06-22,2024,GSW,Golden State Warriors,Western,99.64,0,,,,,
2024-06-22,2024,LAL,Los Angeles Lakers,Western,103.81,0,,,,,
2024-06-23,2024,BOS,Boston Celtics,Eastern,113.83,0,,,,,
2024-06-23,2024,MIA,Miami Heat,Eastern,104.28,1,DEN,120,126,0,-6
2024-06-23,2024,MIL,Milwaukee Bucks,Eastern,101.59,0,,,,,
2024-06-23,2024,DEN,Denver Nuggets,Western,103.93,0,,,,,
2024-06-23,2024,GSW,Golden State Warriors,Western,101.86,1,BOS,122,103,1,19
2024-06-23,2024,LAL,Los Angeles Lakers,Western,104.14,0,,,,,
2024-06-24,2024,BOS,Boston Celtics,Eastern,114.23,0,,,,,
2024-06-24,2024,MIA,Miami Heat,Eastern,104.98,0,,,,,
2024-06-24,2024,MIL,Milwaukee Bucks,Eastern,101.45,1,GSW,106,105,1,1
2024-06-24,2024,DEN,Denver Nuggets,Western,103.57,0,,,,,
2024-06-24,2024,GSW,Golden State Warriors,Western,100.68,0,,,,,
2024-06-24,2024,LAL,Los Angeles Lakers,Western,102.57,1,MIA,105,119,0,-14
2024-06-25,2024,BOS,Boston Celtics,Eastern,115.17,1,DEN,121,98,1,23
2024-06-25,2024,MIA,Miami Heat,Eastern,103.66,0,,,,,
2024-06-25,2024,MIL,Milwaukee Bucks,Eastern,102.46,0,,,,,
2024-06-25,2024,DEN,Denver Nuggets,Western,106.22,1,BOS,124,100,1,24
2024-06-25,2024,GSW,Golden State Warriors,Western,100.86,0,,,,,
2024-06-25,2024,LAL,Los Angeles Lakers,Western,104.83,0,,,,,
2024-06-26,2024,BOS,Boston Celtics,Eastern,114.74,0,,,,,
2024-06-26,2024,MIA,Miami Heat,Eastern,105.33,1,GSW,131,109,1,22
2024-06-26,2024,MIL,Milwaukee Bucks,Eastern,102.14,0,,,,,
2024-06-26,2024,DEN,Denver Nuggets,Western,103.67,0,,,,,
2024-06-26,2024,GSW,Golden State Warriors,Western,99.91,1,MIA,105,114,0,-9
2024-06-26,2024,LAL,Los Angeles Lakers,Western,104.73,0,,,,,
2024-06-27,2024,BOS,Boston Celtics,Eastern,114.57,0,,,,,
2024-06-27,2024,MIA,Miami Heat,Eastern,104.60,0,,,,,
2024-06-27,2024,MIL,Milwaukee Bucks,Eastern,99.67,1,LAL,105,117,0,-12
2024-06-27,2024,DEN,Denver Nuggets,Western,103.74,0,,,,,
2024-06-27,2024,GSW,Golden State Warriors,Western,101.73,0,,,,,
2024-06-27,2024,LAL,Los Angeles Lakers,Western,104.25,1,MIL,122,127,0,-5
2024-06-28,2024,BOS,Boston Celtics,Eastern,112.54,1,GSW,104,110,0,-6
2024-06-28,2024,MIA,Miami Heat,Eastern,103.35,0,,,,,
2024-06-28,2024,MIL,Milwaukee Bucks,Eastern,101.00,0,,,,,
2024-06-28,2024,DEN,Denver Nuggets,Western,104.09,1,MIA,115,119,0,-4
2024-06-28,2024,GSW,Golden State Warriors,Western,100.92,0,,,,,
2024-06-28,2024,LAL,Los Angeles Lakers,Western,105.85,0,,,,,
2024-06-29,2024,BOS,Boston Celtics,Eastern,113.00,0,,,,,
2024-06-29,2024,MIA,Miami Heat,Eastern,103.94,1,LAL,115,111,1,4
2024-06-29,2024,MIL,Milwaukee Bucks,Eastern,100.76,0,,,,,
2024-06-29,2024,DEN,Denver Nuggets,Western,104.63,0,,,,,
2024-06-29,2024,GSW,Golden State Warriors,Western,101.23,1,MIL,127,121,1,6
2024-06-29,2024,LAL,Los Angeles Lakers,Western,104.51,0,,,,,
2024-06-30,2024,BOS,Boston Celtics,Eastern,112.65,0,,,,,
2024-06-30,2024,MIA,Miami Heat,Eastern,103.12,0,,,,,
2024-06-30,2024,MIL,Milwaukee Bucks,Eastern,102.28,1,BOS,131,124,1,7
2024-06-30,2024,DEN,Denver Nuggets,Western,104.32,0,,,,,
2024-06-30,2024,GSW,Golden State Warriors,Western,102.00,0,,,,,
2024-06-30,2024,LAL,Los Angeles Lakers,Western,105.42,1,DEN,110,98,1,12
2024-07-01,2024,BOS,Boston Celtics,Eastern,113.44,0,,,,,
2024-07-01,2024,MIA,Miami Heat,Eastern,102.87,0,,,,,
2024-07-01,2024,MIL,Milwaukee Bucks,Eastern,100.73,0,,,,,
2024-07-01,2024,DEN,Denver Nuggets,Western,104.35,0,,,,,
2024-07-01,2024,GSW,Golden State Warriors,Western,102.65,0,,,,,
2024-07-01,2024,LAL,Los Angeles Lakers,Western,106.06,0,,,,,
2024-07-02,2024,BOS,Boston Celtics,Eastern,113.12,0,,,,,
2024-07-02,2024,MIA,Miami Heat,Eastern,103.49,0,,,,,
2024-07-02,2024,MIL,Milwaukee Bucks,Eastern,100.58,0,,,,,
2024-07-02,2024,DEN,Denver Nuggets,Western,104.88,0,,,,,
2024-07-02,2024,GSW,Golden State Warriors,Western,102.47,0,,,,,
2024-07-02,2024,LAL,Los Angeles Lakers,Western,104.64,0,,,,,
2024-07-03,2024,BOS,Boston Celtics,Eastern,112.46,0,,,,,
2024-07-03,2024,MIA,Miami Heat,Eastern,103.25,0,,,,,
2024-07-03,2024,MIL,Milwaukee Bucks,Eastern,100.07,0,,,,,
2024-07-03,2024,DEN,Denver Nuggets,Western,105.41,0,,,,,
2024-07-03,2024,GSW,Golden State Warriors,Western,102.99,0,,,,,
2024-07-03,2024,LAL,Los Angeles Lakers,Western,105.93,0,,,,,
2024-07-04,2024,BOS,Boston Celtics,Eastern,112.99,0,,,,,
2024-07-04,2024,MIA,Miami Heat,Eastern,102.65,0,,,,,
2024-07-04,2024,MIL,Milwaukee Bucks,Eastern,100.04,0,,,,,
2024-07-04,2024,DEN,Denver Nuggets,Western,105.18,0,,,,,
2024-07-04,2024,GSW,Golden State Warriors,Western,102.07,0,,,,,
2024-07-04,2024,LAL,Los Angeles Lakers,Western,104.90,0,,,,,
2024-07-05,2024,BOS,Boston Celtics,Eastern,113.25,0,,,,,
2024-07-05,2024,MIA,Miami Heat,Eastern,102.24,0,,,,,
2024-07-05,2024,MIL,Milwaukee Bucks,Eastern,100.59,0,,,,,
2024-07-05,2024,DEN,Denver Nuggets,Western,105.95,0,,,,,
2024-07-05,2024,GSW,Golden State Warriors,Western,101.81,0,,,,,
2024-07-05,2024,LAL,Los Angeles Lakers,Western,106.24,0,,,,,
2024-07-06,2024,BOS,Boston Celtics,Eastern,112.48,0,,,,,
2024-07-06,2024,MIA,Miami Heat,Eastern,102.64,0,,,,,
2024-07-06,2024,MIL,Milwaukee Bucks,Eastern,100.62,0,,,,,
2024-07-06,2024,DEN,Denver Nuggets,Western,105.21,0,,,,,
2024-07-06,2024,GSW,Golden State Warriors,Western,103.40,0,,,,,
2024-07-06,2024,LAL,Los Angeles Lakers,Western,106.43,0,,,,,
2024-07-07,2024,BOS,Boston Celtics,Eastern,111.76,0,,,,,
2024-07-07,2024,MIA,Miami Heat,Eastern,102.30,0,,,,,
2024-07-07,2024,MIL,Milwaukee Bucks,Eastern,100.44,0,,,,,
2024-07-07,2024,DEN,Denver Nuggets,Western,104.93,0,,,,,
2024-07-07,2024,GSW,Golden State Warriors,Western,101.97,0,,,,,
2024-07-07,2024,LAL,Los Angeles Lakers,Western,106.41,0,,,,,
2024-07-08,2024,BOS,Boston Celtics,Eastern,112.81,0,,,,,
2024-07-08,2024,MIA,Miami Heat,Eastern,102.24,0,,,,,
2024-07-08,2024,MIL,Milwaukee Bucks,Eastern,99.96,0,,,,,
2024-07-08,2024,DEN,Denver Nuggets,Western,105.73,0,,,,,
2024-07-08,2024,GSW,Golden State Warriors,Western,102.06,0,,,,,
2024-07-08,2024,LAL,Los Angeles Lakers,Western,105.01,0,,,,,
2024-07-09,2024,BOS,Boston Celtics,Eastern,111.07,0,,,,,
2024-07-09,2024,MIA,Miami Heat,Eastern,101.00,0,,,,,
2024-07-09,2024,MIL,Milwaukee Bucks,Eastern,101.56,0,,,,,
2024-07-09,2024,DEN,Denver Nuggets,Western,105.36,0,,,,,
2024-07-09,2024,GSW,Golden State Warriors,Western,103.85,0,,,,,
2024-07-09,2024,LAL,Los Angeles Lakers,Western,105.94,0,,,,,
2024-07-10,2024,BOS,Boston Celtics,Eastern,111.06,0,,,,,
2024-07-10,2024,MIA,Miami Heat,Eastern,100.88,0,,,,,
2024-07-10,2024,MIL,Milwaukee Bucks,Eastern,101.36,0,,,,,
2024-07-10,2024,DEN,Denver Nuggets,Western,105.39,0,,,,,
2024-07-10,2024,GSW,Golden State Warriors,Western,102.76,0,,,,,
2024-07-10,2024,LAL,Los Angeles Lakers,Western,105.86,0,,,,,
2024-07-11,2024,BOS,Boston Celtics,Eastern,111.48,0,,,,,
2024-07-11,2024,MIA,Miami Heat,Eastern,101.05,0,,,,,
2024-07-11,2024,MIL,Milwaukee Bucks,Eastern,101.13,0,,,,,
2024-07-11,2024,DEN,Denver Nuggets,Western,105.51,0,,,,,
2024-07-11,2024,GSW,Golden State Warriors,Western,103.02,0,,,,,
2024-07-11,2024,LAL,Los Angeles Lakers,Western,106.11,0,,,,,
2024-07-12,2024,BOS,Boston Celtics,Eastern,111.17,0,,,,,
2024-07-12,2024,MIA,Miami Heat,Eastern,101.94,0,,,,,
2024-07-12,2024,MIL,Milwaukee Bucks,Eastern,101.44,0,,,,,
2024-07-12,2024,DEN,Denver Nuggets,Western,106.65,0,,,,,
2024-07-12,2024,GSW,Golden State Warriors,Western,103.05,0,,,,,
2024-07-12,2024,LAL,Los Angeles Lakers,Western,106.71,0,,,,,
2024-07-13,2024,BOS,Boston Celtics,Eastern,111.75,0,,,,,
2024-07-13,2024,MIA,Miami Heat,Eastern,101.15,0,,,,,
2024-07-13,2024,MIL,Milwaukee Bucks,Eastern,100.88,0,,,,,
2024-07-13,2024,DEN,Denver Nuggets,Western,105.91,0,,,,,
2024-07-13,2024,GSW,Golden State Warriors,Western,102.94,0,,,,,
2024-07-13,2024,LAL,Los Angeles Lakers,Western,106.26,0,,,,,
2024-07-14,2024,BOS,Boston Celtics,Eastern,110.52,0,,,,,
2024-07-14,2024,MIA,Miami Heat,Eastern,101.27,0,,,,,
2024-07-14,2024,MIL,Milwaukee Bucks,Eastern,100.94,0,,,,,
2024-07-14,2024,DEN,Denver Nuggets,Western,106.09,0,,,,,
2024-07-14,2024,GSW,Golden State Warriors,Western,104.25,0,,,,,
2024-07-14,2024,LAL,Los Angeles Lakers,Western,105.58,0,,,,,
2024-07-15,2024,BOS,Boston Celtics,Eastern,110.90,0,,,,,
2024-07-15,2024,MIA,Miami Heat,Eastern,101.00,0,,,,,
2024-07-15,2024,MIL,Milwaukee Bucks,Eastern,100.46,0,,,,,
2024-07-15,2024,DEN,Denver Nuggets,Western,105.59,0,,,,,
2024-07-15,2024,GSW,Golden State Warriors,Western,103.44,0,,,,,
2024-07-15,2024,LAL,Los Angeles Lakers,Western,106.15,0,,,,,
2024-07-16,2024,BOS,Boston Celtics,Eastern,110.82,0,,,,,
2024-07-16,2024,MIA,Miami Heat,Eastern,100.66,0,,,,,
2024-07-16,2024,MIL,Milwaukee Bucks,Eastern,101.33,0,,,,,
2024-07-16,2024,DEN,Denver Nuggets,Western,105.73,0,,,,,
2024-07-16,2024,GSW,Golden State Warriors,Western,103.72,0,,,,,
2024-07-16,2024,LAL,Los Angeles Lakers,Western,106.19,0,,,,,
2024-07-17,2024,BOS,Boston Celtics,Eastern,111.37,0,,,,,
2024-07-17,2024,MIA,Miami Heat,Eastern,101.06,0,,,,,
2024-07-17,2024,MIL,Milwaukee Bucks,Eastern,100.64,0,,,,,
2024-07-17,2024,DEN,Denver Nuggets,Western,106.21,0,,,,,
2024-07-17,2024,GSW,Golden State Warriors,Western,104.46,0,,,,,
2024-07-17,2024,LAL,Los Angeles Lakers,Western,106.00,0,,,,,
2024-07-18,2024,BOS,Boston Celtics,Eastern,110.66,0,,,,,
2024-07-18,2024,MIA,Miami Heat,Eastern,101.67,0,,,,,
2024-07-18,2024,MIL,Milwaukee Bucks,Eastern,101.06,0,,,,,
2024-07-18,2024,DEN,Denver Nuggets,Western,106.94,0,,,,,
2024-07-18,2024,GSW,Golden State Warriors,Western,104.09,0,,,,,
2024-07-18,2024,LAL,Los Angeles Lakers,Western,105.50,0,,,,,
2024-07-19,2024,BOS,Boston Celtics,Eastern,110.43,0,,,,,
2024-07-19,2024,MIA,Miami Heat,Eastern,101.62,0,,,,,
2024-07-19,2024,MIL,Milwaukee Bucks,Eastern,102.04,0,,,,,
2024-07-19,2024,DEN,Denver Nuggets,Western,106.82,0,,,,,
2024-07-19,2024,GSW,Golden State Warriors,Western,103.09,0,,,,,
2024-07-19,2024,LAL,Los Angeles Lakers,Western,105.04,0,,,,,
2024-07-20,2024,BOS,Boston Celtics,Eastern,111.05,0,,,,,
2024-07-20,2024,MIA,Miami Heat,Eastern,101.65,0,,,,,
2024-07-20,2024,MIL,Milwaukee Bucks,Eastern,102.02,0,,,,,
2024-07-20,2024,DEN,Denver Nuggets,Western,106.95,0,,,,,
2024-07-20,2024,GSW,Golden State Warriors,Western,104.20,0,,,,,
2024-07-20,2024,LAL,Los Angeles Lakers,Western,106.22,0,,,,,
2024-07-21,2024,BOS,Boston Celtics,Eastern,110.72,0,,,,,
2024-07-21,2024,MIA,Miami Heat,Eastern,101.20,0,,,,,
2024-07-21,2024,MIL,Milwaukee Bucks,Eastern,102.18,0,,,,,
2024-07-21,2024,DEN,Denver Nuggets,Western,107.02,0,,,,,
2024-07-21,2024,GSW,Golden State Warriors,Western,103.28,0,,,,,
2024-07-21,2024,LAL,Los Angeles Lakers,Western,105.04,0,,,,,
2024-07-22,2024,BOS,Boston Celtics,Eastern,109.53,0,,,,,
2024-07-22,2024,MIA,Miami Heat,Eastern,100.42,0,,,,,
2024-07-22,2024,MIL,Milwaukee Bucks,Eastern,100.78,0,,,,,
2024-07-22,2024,DEN,Denver Nuggets,Western,107.62,0,,,,,
2024-07-22,2024,GSW,Golden State Warriors,Western,104.32,0,,,,,
2024-07-22,2024,LAL,Los Angeles Lakers,Western,105.08,0,,,,,
2024-07-23,2024,BOS,Boston Celtics,Eastern,110.46,0,,,,,
2024-07-23,2024,MIA,Miami Heat,Eastern,101.51,0,,,,,
2024-07-23,2024,MIL,Milwaukee Bucks,Eastern,101.04,0,,,,,
2024-07-23,2024,DEN,Denver Nuggets,Western,106.95,0,,,,,
2024-07-23,2024,GSW,Golden State Warriors,Western,104.91,0,,,,,
2024-07-23,2024,LAL,Los Angeles Lakers,Western,105.95,0,,,,,
2024-07-24,2024,BOS,Boston Celtics,Eastern,110.53,0,,,,,
2024-07-24,2024,MIA,Miami Heat,Eastern,101.50,0,,,,,
2024-07-24,2024,MIL,Milwaukee Bucks,Eastern,102.38,0,,,,,
2024-07-24,2024,DEN,Denver Nuggets,Western,107.39,0,,,,,
2024-07-24,2024,GSW,Golden State Warriors,Western,103.52,0,,,,,
2024-07-24,2024,LAL,Los Angeles Lakers,Western,106.50,0,,,,,
2024-07-25,2024,BOS,Boston Celtics,Eastern,110.42,0,,,,,
2024-07-25,2024,MIA,Miami Heat,Eastern,100.76,0,,,,,
2024-07-25,2024,MIL,Milwaukee Bucks,Eastern,102.72,0,,,,,
2024-07-25,2024,DEN,Denver Nuggets,Western,108.01,0,,,,,
2024-07-25,2024,GSW,Golden State Warriors,Western,104.29,0,,,,,
2024-07-25,2024,LAL,Los Angeles Lakers,Western,105.17,0,,,,,
2024-07-26,2024,BOS,Boston Celtics,Eastern,109.35,0,,,,,
2024-07-26,2024,MIA,Miami Heat,Eastern,101.78,0,,,,,
2024-07-26,2024,MIL,Milwaukee Bucks,Eastern,101.46,0,,,,,
2024-07-26,2024,DEN,Denver Nuggets,Western,106.92,0,,,,,
2024-07-26,2024,GSW,Golden State Warriors,Western,104.26,0,,,,,
2024-07-26,2024,LAL,Los Angeles Lakers,Western,105.61,0,,,,,
2024-07-27,2024,BOS,Boston Celtics,Eastern,109.57,0,,,,,
2024-07-27,2024,MIA,Miami Heat,Eastern,100.28,0,,,,,
2024-07-27,2024,MIL,Milwaukee Bucks,Eastern,102.46,0,,,,,
2024-07-27,2024,DEN,Denver Nuggets,Western,106.88,0,,,,,
2024-07-27,2024,GSW,Golden State Warriors,Western,103.81,0,,,,,
2024-07-27,2024,LAL,Los Angeles Lakers,Western,105.31,0,,,,,
2024-07-28,2024,BOS,Boston Celtics,Eastern,109.82,0,,,,,
2024-07-28,2024,MIA,Miami Heat,Eastern,100.93,0,,,,,
2024-07-28,2024,MIL,Milwaukee Bucks,Eastern,101.81,0,,,,,
2024-07-28,2024,DEN,Denver Nuggets,Western,107.96,0,,,,,
2024-07-28,2024,GSW,Golden State Warriors,Western,104.29,0,,,,,
2024-07-28,2024,LAL,Los Angeles Lakers,Western,105.69,0,,,,,
2024-07-29,2024,BOS,Boston Celtics,Eastern,110.05,0,,,,,
2024-07-29,2024,MIA,Miami Heat,Eastern,101.75,0,,,,,
2024-07-29,2024,MIL,Milwaukee Bucks,Eastern,102.36,0,,,,,
2024-07-29,2024,DEN,Denver Nuggets,Western,107.50,0,,,,,
2024-07-29,2024,GSW,Golden State Warriors,Western,104.79,0,,,,,
2024-07-29,2024,LAL,Los Angeles Lakers,Western,105.14,0,,,,,
2024-07-30,2024,BOS,Boston Celtics,Eastern,108.54,0,,,,,
2024-07-30,2024,MIA,Miami Heat,Eastern,101.88,0,,,,,
2024-07-30,2024,MIL,Milwaukee Bucks,Eastern,102.99,0,,,,,
2024-07-30,2024,DEN,Denver Nuggets,Western,107.70,0,,,,,
2024-07-30,2024,GSW,Golden State Warriors,Western,104.42,0,,,,,
2024-07-30,2024,LAL,Los Angeles Lakers,Western,105.13,0,,,,,
2024-07-31,2024,BOS,Boston Celtics,Eastern,109.64,0,,,,,
2024-07-31,2024,MIA,Miami Heat,Eastern,101.03,0,,,,,
2024-07-31,2024,MIL,Milwaukee Bucks,Eastern,103.22,0,,,,,
2024-07-31,2024,DEN,Denver Nuggets,Western,108.28,0,,,,,
2024-07-31,2024,GSW,Golden State Warriors,Western,104.14,0,,,,,
2024-07-31,2024,LAL,Los Angeles Lakers,Western,106.14,0,,,,,
2024-08-01,2024,BOS,Boston Celtics,Eastern,109.17,0,,,,,
2024-08-01,2024,MIA,Miami Heat,Eastern,101.28,0,,,,,
2024-08-01,2024,MIL,Milwaukee Bucks,Eastern,102.86,0,,,,,
2024-08-01,2024,DEN,Denver Nuggets,Western,108.17,0,,,,,
2024-08-01,2024,GSW,Golden State Warriors,Western,104.05,0,,,,,
2024-08-01,2024,LAL,Los Angeles Lakers,Western,105.71,0,,,,,
2024-08-02,2024,BOS,Boston Celtics,Eastern,109.97,0,,,,,
2024-08-02,2024,MIA,Miami Heat,Eastern,100.37,0,,,,,
2024-08-02,2024,MIL,Milwaukee Bucks,Eastern,102.67,0,,,,,
2024-08-02,2024,DEN,Denver Nuggets,Western,107.28,0,,,,,
2024-08-02,2024,GSW,Golden State Warriors,Western,104.25,0,,,,,
2024-08-02,2024,LAL,Los Angeles Lakers,Western,105.79,0,,,,,
2024-08-03,2024,BOS,Boston Celtics,Eastern,108.59,0,,,,,
2024-08-03,2024,MIA,Miami Heat,Eastern,101.00,0,,,,,
2024-08-03,2024,MIL,Milwaukee Bucks,Eastern,101.73,0,,,,,
2024-08-03,2024,DEN,Denver Nuggets,Western,107.24,0,,,,,
2024-08-03,2024,GSW,Golden State Warriors,Western,103.20,0,,,,,
2024-08-03,2024,LAL,Los Angeles Lakers,Western,105.86,0,,,,,
2024-08-04,2024,BOS,Boston Celtics,Eastern,109.63,0,,,,,
2024-08-04,2024,MIA,Miami Heat,Eastern,100.53,0,,,,,
2024-08-04,2024,MIL,Milwaukee Bucks,Eastern,103.20,0,,,,,
2024-08-04,2024,DEN,Denver Nuggets,Western,108.52,0,,,,,
2024-08-04,2024,GSW,Golden State Warriors,Western,103.92,0,,,,,
2024-08-04,2024,LAL,Los Angeles Lakers,Western,105.00,0,,,,,
2024-08-05,2024,BOS,Boston Celtics,Eastern,108.42,0,,,,,
2024-08-05,2024,MIA,Miami Heat,Eastern,101.19,0,,,,,
2024-08-05,2024,MIL,Milwaukee Bucks,Eastern,102.95,0,,,,,
2024-08-05,2024,DEN,Denver Nuggets,Western,107.80,0,,,,,
2024-08-05,2024,GSW,Golden State Warriors,Western,103.90,0,,,,,
2024-08-05,2024,LAL,Los Angeles Lakers,Western,105.72,0,,,,,
2024-08-06,2024,BOS,Boston Celtics,Eastern,108.55,0,,,,,
2024-08-06,2024,MIA,Miami Heat,Eastern,102.19,0,,,,,
2024-08-06,2024,MIL,Milwaukee Bucks,Eastern,102.48,0,,,,,
2024-08-06,2024,DEN,Denver Nuggets,Western,107.19,0,,,,,
2024-08-06,2024,GSW,Golden State Warriors,Western,103.85,0,,,,,
2024-08-06,2024,LAL,Los Angeles Lakers,Western,105.83,0,,,,,
2024-08-07,2024,BOS,Boston Celtics,Eastern,108.34,0,,,,,
2024-08-07,2024,MIA,Miami Heat,Eastern,100.91,0,,,,,
2024-08-07,2024,MIL,Milwaukee Bucks,Eastern,103.37,0,,,,,
2024-08-07,2024,DEN,Denver Nuggets,Western,107.64,0,,,,,
2024-08-07,2024,GSW,Golden State Warriors,Western,103.47,0,,,,,
2024-08-07,2024,LAL,Los Angeles Lakers,Western,104.52,0,,,,,
2024-08-08,2024,BOS,Boston Celtics,Eastern,108.96,0,,,,,
2024-08-08,2024,MIA,Miami Heat,Eastern,100.71,0,,,,,
2024-08-08,2024,MIL,Milwaukee Bucks,Eastern,103.53,0,,,,,
2024-08-08,2024,DEN,Denver Nuggets,Western,108.36,0,,,,,
2024-08-08,2024,GSW,Golden State Warriors,Western,104.02,0,,,,,
2024-08-08,2024,LAL,Los Angeles Lakers,Western,105.89,0,,,,,
2024-08-09,2024,BOS,Boston Celtics,Eastern,108.23,0,,,,,
2024-08-09,2024,MIA,Miami Heat,Eastern,101.16,0,,,,,
2024-08-09,2024,MIL,Milwaukee Bucks,Eastern,102.09,0,,,,,
2024-08-09,2024,DEN,Denver Nuggets,Western,108.64,0,,,,,
2024-08-09,2024,GSW,Golden State Warriors,Western,104.57,0,,,,,
2024-08-09,2024,LAL,Los Angeles Lakers,Western,104.53,0,,,,,
2024-08-10,2024,BOS,Boston Celtics,Eastern,108.91,0,,,,,
2024-08-10,2024,MIA,Miami Heat,Eastern,101.97,0,,,,,
2024-08-10,2024,MIL,Milwaukee Bucks,Eastern,102.32,0,,,,,
2024-08-10,2024,DEN,Denver Nuggets,Western,108.81,0,,,,,
2024-08-10,2024,GSW,Golden State Warriors,Western,103.26,0,,,,,
2024-08-10,2024,LAL,Los Angeles Lakers,Western,105.66,0,,,,,
2024-08-11,2024,BOS,Boston Celtics,Eastern,109.55,0,,,,,
2024-08-11,2024,MIA,Miami Heat,Eastern,101.31,0,,,,,
2024-08-11,2024,MIL,Milwaukee Bucks,Eastern,103.04,0,,,,,
2024-08-11,2024,DEN,Denver Nuggets,Western,108.59,0,,,,,
2024-08-11,2024,GSW,Golden State Warriors,Western,103.70,0,,,,,
2024-08-11,2024,LAL,Los Angeles Lakers,Western,105.96,0,,,,,
2024-08-12,2024,BOS,Boston Celtics,Eastern,108.91,0,,,,,
2024-08-12,2024,MIA,Miami Heat,Eastern,101.06,0,,,,,
2024-08-12,2024,MIL,Milwaukee Bucks,Eastern,102.87,0,,,,,
2024-08-12,2024,DEN,Denver Nuggets,Western,107.46,0,,,,,
2024-08-12,2024,GSW,Golden State Warriors,Western,102.81,0,,,,,
2024-08-12,2024,LAL,Los Angeles Lakers,Western,105.32,0,,,,,
2024-08-13,2024,BOS,Boston Celtics,Eastern,108.79,0,,,,,
2024-08-13,2024,MIA,Miami Heat,Eastern,101.49,0,,,,,
2024-08-13,2024,MIL,Milwaukee Bucks,Eastern,103.24,0,,,,,
2024-08-13,2024,DEN,Denver Nuggets,Western,108.25,0,,,,,
2024-08-13,2024,GSW,Golden State Warriors,Western,104.00,0,,,,,
2024-08-13,2024,LAL,Los Angeles Lakers,Western,104.49,0,,,,,
2024-08-14,2024,BOS,Boston Celtics,Eastern,109.43,0,,,,,
2024-08-14,2024,MIA,Miami Heat,Eastern,101.26,0,,,,,
2024-08-14,2024,MIL,Milwaukee Bucks,Eastern,103.65,0,,,,,
2024-08-14,2024,DEN,Denver Nuggets,Western,107.93,0,,,,,
2024-08-14,2024,GSW,Golden State Warriors,Western,102.83,0,,,,,
2024-08-14,2024,LAL,Los Angeles Lakers,Western,104.37,0,,,,,
2024-08-15,2024,BOS,Boston Celtics,Eastern,109.60,0,,,,,
2024-08-15,2024,MIA,Miami Heat,Eastern,102.31,0,,,,,
2024-08-15,2024,MIL,Milwaukee Bucks,Eastern,102.23,0,,,,,
2024-08-15,2024,DEN,Denver Nuggets,Western,107.91,0,,,,,
2024-08-15,2024,GSW,Golden State Warriors,Western,102.89,0,,,,,
2024-08-15,2024,LAL,Los Angeles Lakers,Western,104.76,0,,,,,
2024-08-16,2024,BOS,Boston Celtics,Eastern,109.45,0,,,,,
2024-08-16,2024,MIA,Miami Heat,Eastern,101.39,0,,,,,
2024-08-16,2024,MIL,Milwaukee Bucks,Eastern,102.53,0,,,,,
2024-08-16,2024,DEN,Denver Nuggets,Western,107.78,0,,,,,
2024-08-16,2024,GSW,Golden State Warriors,Western,104.20,0,,,,,
2024-08-16,2024,LAL,Los Angeles Lakers,Western,106.20,0,,,,,
2024-08-17,2024,BOS,Boston Celtics,Eastern,108.70,0,,,,,
2024-08-17,2024,MIA,Miami Heat,Eastern,101.82,0,,,,,
2024-08-17,2024,MIL,Milwaukee Bucks,Eastern,102.58,0,,,,,
2024-08-17,2024,DEN,Denver Nuggets,Western,108.44,0,,,,,
2024-08-17,2024,GSW,Golden State Warriors,Western,103.72,0,,,,,
2024-08-17,2024,LAL,Los Angeles Lakers,Western,105.41,0,,,,,
2024-08-18,2024,BOS,Boston Celtics,Eastern,109.26,0,,,,,
2024-08-18,2024,MIA,Miami Heat,Eastern,101.44,0,,,,,
2024-08-18,2024,MIL,Milwaukee Bucks,Eastern,102.57,0,,,,,
2024-08-18,2024,DEN,Denver Nuggets,Western,108.45,0,,,,,
2024-08-18,2024,GSW,Golden State Warriors,Western,103.39,0,,,,,
2024-08-18,2024,LAL,Los Angeles Lakers,Western,105.44,0,,,,,
2024-08-19,2024,BOS,Boston Celtics,Eastern,109.25,0,,,,,
2024-08-19,2024,MIA,Miami Heat,Eastern,102.13,0,,,,,
2024-08-19,2024,MIL,Milwaukee Bucks,Eastern,102.99,0,,,,,
2024-08-19,2024,DEN,Denver Nuggets,Western,106.95,0,,,,,
2024-08-19,2024,GSW,Golden State Warriors,Western,102.83,0,,,,,
2024-08-19,2024,LAL,Los Angeles Lakers,Western,105.83,0,,,,,
2024-08-20,2024,BOS,Boston Celtics,Eastern,110.27,0,,,,,
2024-08-20,2024,MIA,Miami Heat,Eastern,102.63,0,,,,,
2024-08-20,2024,MIL,Milwaukee Bucks,Eastern,102.97,0,,,,,
2024-08-20,2024,DEN,Denver Nuggets,Western,108.18,0,,,,,
2024-08-20,2024,GSW,Golden State Warriors,Western,103.78,0,,,,,
2024-08-20,2024,LAL,Los Angeles Lakers,Western,105.41,0,,,,,
2024-08-21,2024,BOS,Boston Celtics,Eastern,109.97,0,,,,,
2024-08-21,2024,MIA,Miami Heat,Eastern,102.43,0,,,,,
2024-08-21,2024,MIL,Milwaukee Bucks,Eastern,102.54,0,,,,,
2024-08-21,2024,DEN,Denver Nuggets,Western,107.19,0,,,,,
2024-08-21,2024,GSW,Golden State Warriors,Western,103.55,0,,,,,
2024-08-21,2024,LAL,Los Angeles Lakers,Western,106.18,0,,,,,
2024-08-22,2024,BOS,Boston Celtics,Eastern,109.94,0,,,,,
2024-08-22,2024,MIA,Miami Heat,Eastern,101.98,0,,,,,
2024-08-22,2024,MIL,Milwaukee Bucks,Eastern,103.63,0,,,,,
2024-08-22,2024,DEN,Denver Nuggets,Western,107.83,0,,,,,
2024-08-22,2024,GSW,Golden State Warriors,Western,103.64,0,,,,,
2024-08-22,2024,LAL,Los Angeles Lakers,Western,106.07,0,,,,,
2024-08-23,2024,BOS,Boston Celtics,Eastern,110.48,0,,,,,
2024-08-23,2024,MIA,Miami Heat,Eastern,102.81,0,,,,,
2024-08-23,2024,MIL,Milwaukee Bucks,Eastern,102.74,0,,,,,
2024-08-23,2024,DEN,Denver Nuggets,Western,108.19,0,,,,,
2024-08-23,2024,GSW,Golden State Warriors,Western,102.89,0,,,,,
2024-08-23,2024,LAL,Los Angeles Lakers,Western,106.51,0,,,,,
2024-08-24,2024,BOS,Boston Celtics,Eastern,110.04,0,,,,,
2024-08-24,2024,MIA,Miami Heat,Eastern,101.49,0,,,,,
2024-08-24,2024,MIL,Milwaukee Bucks,Eastern,103.23,0,,,,,
2024-08-24,2024,DEN,Denver Nuggets,Western,108.15,0,,,,,
2024-08-24,2024,GSW,Golden State Warriors,Western,103.00,0,,,,,
2024-08-24,2024,LAL,Los Angeles Lakers,Western,105.20,0,,,,,
2024-08-25,2024,BOS,Boston Celtics,Eastern,108.97,0,,,,,
2024-08-25,2024,MIA,Miami Heat,Eastern,102.60,0,,,,,
2024-08-25,2024,MIL,Milwaukee Bucks,Eastern,102.84,0,,,,,
2024-08-25,2024,DEN,Denver Nuggets,Western,107.69,0,,,,,
2024-08-25,2024,GSW,Golden State Warriors,Western,103.35,0,,,,,
2024-08-25,2024,LAL,Los Angeles Lakers,Western,106.37,0,,,,,
2024-08-26,2024,BOS,Boston Celtics,Eastern,109.06,0,,,,,
2024-08-26,2024,MIA,Miami Heat,Eastern,101.86,0,,,,,
2024-08-26,2024,MIL,Milwaukee Bucks,Eastern,102.38,0,,,,,
2024-08-26,2024,DEN,Denver Nuggets,Western,107.63,0,,,,,
2024-08-26,2024,GSW,Golden State Warriors,Western,103.40,0,,,,,
2024-08-26,2024,LAL,Los Angeles Lakers,Western,106.08,0,,,,,
2024-08-27,2024,BOS,Boston Celtics,Eastern,110.26,0,,,,,
2024-08-27,2024,MIA,Miami Heat,Eastern,102.00,0,,,,,
2024-08-27,2024,MIL,Milwaukee Bucks,Eastern,103.28,0,,,,,
2024-08-27,2024,DEN,Denver Nuggets,Western,107.39,0,,,,,
2024-08-27,2024,GSW,Golden State Warriors,Western,103.30,0,,,,,
2024-08-27,2024,LAL,Los Angeles Lakers,Western,106.93,0,,,,,
2024-08-28,2024,BOS,Boston Celtics,Eastern,109.87,0,,,,,
2024-08-28,2024,MIA,Miami Heat,Eastern,102.88,0,,,,,
2024-08-28,2024,MIL,Milwaukee Bucks,Eastern,102.90,0,,,,,
2024-08-28,2024,DEN,Denver Nuggets,Western,107.62,0,,,,,
2024-08-28,2024,GSW,Golden State Warriors,Western,104.24,0,,,,,
2024-08-28,2024,LAL,Los Angeles Lakers,Western,106.94,0,,,,,
2024-08-29,2024,BOS,Boston Celtics,Eastern,109.41,0,,,,,
2024-08-29,2024,MIA,Miami Heat,Eastern,101.78,0,,,,,
2024-08-29,2024,MIL,Milwaukee Bucks,Eastern,101.75,0,,,,,
2024-08-29,2024,DEN,Denver Nuggets,Western,107.55,0,,,,,
2024-08-29,2024,GSW,Golden State Warriors,Western,103.21,0,,,,,
2024-08-29,2024,LAL,Los Angeles Lakers,Western,106.49,0,,,,,
2024-08-30,2024,BOS,Boston Celtics,Eastern,109.80,0,,,,,
2024-08-30,2024,MIA,Miami Heat,Eastern,101.32,0,,,,,
2024-08-30,2024,MIL,Milwaukee Bucks,Eastern,102.06,0,,,,,
2024-08-30,2024,DEN,Denver Nuggets,Western,108.14,0,,,,,
2024-08-30,2024,GSW,Golden State Warriors,Western,104.55,0,,,,,
2024-08-30,2024,LAL,Los Angeles Lakers,Western,106.06,0,,,,,
2024-08-31,2024,BOS,Boston Celtics,Eastern,109.29,0,,,,,
2024-08-31,2024,MIA,Miami Heat,Eastern,102.72,0,,,,,
2024-08-31,2024,MIL,Milwaukee Bucks,Eastern,101.60,0,,,,,
2024-08-31,2024,DEN,Denver Nuggets,Western,107.42,0,,,,,
2024-08-31,2024,GSW,Golden State Warriors,Western,104.76,0,,,,,
2024-08-31,2024,LAL,Los Angeles Lakers,Western,106.41,0,,,,,
2024-09-01,2024,BOS,Boston Celtics,Eastern,110.24,0,,,,,
2024-09-01,2024,MIA,Miami Heat,Eastern,101.05,0,,,,,
2024-09-01,2024,MIL,Milwaukee Bucks,Eastern,101.66,0,,,,,
2024-09-01,2024,DEN,Denver Nuggets,Western,108.26,0,,,,,
2024-09-01,2024,GSW,Golden State Warriors,Western,103.55,0,,,,,
2024-09-01,2024,LAL,Los Angeles Lakers,Western,107.37,0,,,,,
2024-09-02,2024,BOS,Boston Celtics,Eastern,110.39,0,,,,,
2024-09-02,2024,MIA,Miami Heat,Eastern,102.09,0,,,,,
2024-09-02,2024,MIL,Milwaukee Bucks,Eastern,102.39,0,,,,,
2024-09-02,2024,DEN,Denver Nuggets,Western,107.42,0,,,,,
2024-09-02,2024,GSW,Golden State Warriors,Western,103.44,0,,,,,
2024-09-02,2024,LAL,Los Angeles Lakers,Western,106.46,0,,,,,
2024-09-03,2024,BOS,Boston Celtics,Eastern,110.35,0,,,,,
2024-09-03,2024,MIA,Miami Heat,Eastern,101.83,0,,,,,
2024-09-03,2024,MIL,Milwaukee Bucks,Eastern,102.61,0,,,,,
2024-09-03,2024,DEN,Denver Nuggets,Western,108.44,0,,,,,
2024-09-03,2024,GSW,Golden State Warriors,Western,105.08,0,,,,,
2024-09-03,2024,LAL,Los Angeles Lakers,Western,106.18,0,,,,,
2024-09-04,2024,BOS,Boston Celtics,Eastern,109.10,0,,,,,
2024-09-04,2024,MIA,Miami Heat,Eastern,101.43,0,,,,,
2024-09-04,2024,MIL,Milwaukee Bucks,Eastern,101.49,0,,,,,
2024-09-04,2024,DEN,Denver Nuggets,Western,107.64,0,,,,,
2024-09-04,2024,GSW,Golden State Warriors,Western,103.67,0,,,,,
2024-09-04,2024,LAL,Los Angeles Lakers,Western,106.66,0,,,,,
2024-09-05,2024,BOS,Boston Celtics,Eastern,109.79,0,,,,,
2024-09-05,2024,MIA,Miami Heat,Eastern,101.04,0,,,,,
2024-09-05,2024,MIL,Milwaukee Bucks,Eastern,102.26,0,,,,,
2024-09-05,2024,DEN,Denver Nuggets,Western,107.34,0,,,,,
2024-09-05,2024,GSW,Golden State Warriors,Western,105.31,0,,,,,
2024-09-05,2024,LAL,Los Angeles Lakers,Western,108.04,0,,,,,
2024-09-06,2024,BOS,Boston Celtics,Eastern,109.65,0,,,,,
2024-09-06,2024,MIA,Miami Heat,Eastern,101.94,0,,,,,
2024-09-06,2024,MIL,Milwaukee Bucks,Eastern,102.71,0,,,,,
2024-09-06,2024,DEN,Denver Nuggets,Western,107.06,0,,,,,
2024-09-06,2024,GSW,Golden State Warriors,Western,104.09,0,,,,,
2024-09-06,2024,LAL,Los Angeles Lakers,Western,106.50,0,,,,,
2024-09-07,2024,BOS,Boston Celtics,Eastern,109.86,0,,,,,
2024-09-07,2024,MIA,Miami Heat,Eastern,101.60,0,,,,,
2024-09-07,2024,MIL,Milwaukee Bucks,Eastern,102.23,0,,,,,
2024-09-07,2024,DEN,Denver Nuggets,Western,107.52,0,,,,,
2024-09-07,2024,GSW,Golden State Warriors,Western,105.16,0,,,,,
2024-09-07,2024,LAL,Los Angeles Lakers,Western,107.06,0,,,,,
2024-09-08,2024,BOS,Boston Celtics,Eastern,109.64,0,,,,,
2024-09-08,2024,MIA,Miami Heat,Eastern,101.85,0,,,,,
2024-09-08,2024,MIL,Milwaukee Bucks,Eastern,102.14,0,,,,,
2024-09-08,2024,DEN,Denver Nuggets,Western,108.26,0,,,,,
2024-09-08,2024,GSW,Golden State Warriors,Western,105.64,0,,,,,
2024-09-08,2024,LAL,Los Angeles Lakers,Western,107.20,0,,,,,
2024-09-09,2024,BOS,Boston Celtics,Eastern,108.77,0,,,,,
2024-09-09,2024,MIA,Miami Heat,Eastern,101.22,0,,,,,
2024-09-09,2024,MIL,Milwaukee Bucks,Eastern,101.53,0,,,,,
2024-09-09,2024,DEN,Denver Nuggets,Western,107.01,0,,,,,
2024-09-09,2024,GSW,Golden State Warriors,Western,104.38,0,,,,,
2024-09-09,2024,LAL,Los Angeles Lakers,Western,106.70,0,,,,,
2024-09-10,2024,BOS,Boston Celtics,Eastern,109.68,0,,,,,
2024-09-10,2024,MIA,Miami Heat,Eastern,100.18,0,,,,,
2024-09-10,2024,MIL,Milwaukee Bucks,Eastern,101.48,0,,,,,
2024-09-10,2024,DEN,Denver Nuggets,Western,108.68,0,,,,,
2024-09-10,2024,GSW,Golden State Warriors,Western,105.58,0,,,,,
2024-09-10,2024,LAL,Los Angeles Lakers,Western,106.85,0,,,,,
2024-09-11,2024,BOS,Boston Celtics,Eastern,109.67,0,,,,,
2024-09-11,2024,MIA,Miami Heat,Eastern,100.75,0,,,,,
2024-09-11,2024,MIL,Milwaukee Bucks,Eastern,101.91,0,,,,,
2024-09-11,2024,DEN,Denver Nuggets,Western,108.32,0,,,,,
2024-09-11,2024,GSW,Golden State Warriors,Western,105.35,0,,,,,
2024-09-11,2024,LAL,Los Angeles Lakers,Western,107.56,0,,,,,
2024-09-12,2024,BOS,Boston Celtics,Eastern,108.84,0,,,,,
2024-09-12,2024,MIA,Miami Heat,Eastern,101.05,0,,,,,
2024-09-12,2024,MIL,Milwaukee Bucks,Eastern,101.99,0,,,,,
2024-09-12,2024,DEN,Denver Nuggets,Western,107.45,0,,,,,
2024-09-12,2024,GSW,Golden State Warriors,Western,105.82,0,,,,,
2024-09-12,2024,LAL,Los Angeles Lakers,Western,108.46,0,,,,,
2024-09-13,2024,BOS,Boston Celtics,Eastern,110.04,0,,,,,
2024-09-13,2024,MIA,Miami Heat,Eastern,100.95,0,,,,,
2024-09-13,2024,MIL,Milwaukee Bucks,Eastern,101.08,0,,,,,
2024-09-13,2024,DEN,Denver Nuggets,Western,108.04,0,,,,,
2024-09-13,2024,GSW,Golden State Warriors,Western,105.47,0,,,,,
2024-09-13,2024,LAL,Los Angeles Lakers,Western,107.54,0,,,,,
2024-09-14,2024,BOS,Boston Celtics,Eastern,109.22,0,,,,,
2024-09-14,2024,MIA,Miami Heat,Eastern,100.41,0,,,,,
2024-09-14,2024,MIL,Milwaukee Bucks,Eastern,101.86,0,,,,,
2024-09-14,2024,DEN,Denver Nuggets,Western,107.47,0,,,,,
2024-09-14,2024,GSW,Golden State Warriors,Western,106.31,0,,,,,
2024-09-14,2024,LAL,Los Angeles Lakers,Western,107.77,0,,,,,
2024-09-15,2024,BOS,Boston Celtics,Eastern,109.28,0,,,,,
2024-09-15,2024,MIA,Miami Heat,Eastern,100.28,0,,,,,
2024-09-15,2024,MIL,Milwaukee Bucks,Eastern,101.15,0,,,,,
2024-09-15,2024,DEN,Denver Nuggets,Western,108.68,0,,,,,
2024-09-15,2024,GSW,Golden State Warriors,Western,106.43,0,,,,,
2024-09-15,2024,LAL,Los Angeles Lakers,Western,108.78,0,,,,,
2024-09-16,2024,BOS,Boston Celtics,Eastern,109.52,0,,,,,
2024-09-16,2024,MIA,Miami Heat,Eastern,99.97,0,,,,,
2024-09-16,2024,MIL,Milwaukee Bucks,Eastern,102.38,0,,,,,
2024-09-16,2024,DEN,Denver Nuggets,Western,108.97,0,,,,,
2024-09-16,2024,GSW,Golden State Warriors,Western,106.74,0,,,,,
2024-09-16,2024,LAL,Los Angeles Lakers,Western,107.72,0,,,,,
2024-09-17,2024,BOS,Boston Celtics,Eastern,109.18,0,,,,,
2024-09-17,2024,MIA,Miami Heat,Eastern,100.13,0,,,,,
2024-09-17,2024,MIL,Milwaukee Bucks,Eastern,101.23,0,,,,,
2024-09-17,2024,DEN,Denver Nuggets,Western,108.22,0,,,,,
2024-09-17,2024,GSW,Golden State Warriors,Western,105.67,0,,,,,
2024-09-17,2024,LAL,Los Angeles Lakers,Western,108.21,0,,,,,
2024-09-18,2024,BOS,Boston Celtics,Eastern,108.78,0,,,,,
2024-09-18,2024,MIA,Miami Heat,Eastern,99.98,0,,,,,
2024-09-18,2024,MIL,Milwaukee Bucks,Eastern,101.91,0,,,,,
2024-09-18,2024,DEN,Denver Nuggets,Western,109.09,0,,,,,
2024-09-18,2024,GSW,Golden State Warriors,Western,106.50,0,,,,,
2024-09-18,2024,LAL,Los Angeles Lakers,Western,108.31,0,,,,,
2024-09-19,2024,BOS,Boston Celtics,Eastern,109.34,0,,,,,
2024-09-19,2024,MIA,Miami Heat,Eastern,100.49,0,,,,,
2024-09-19,2024,MIL,Milwaukee Bucks,Eastern,102.27,0,,,,,
2024-09-19,2024,DEN,Denver Nuggets,Western,108.83,0,,,,,
2024-09-19,2024,GSW,Golden State Warriors,Western,106.24,0,,,,,
2024-09-19,2024,LAL,Los Angeles Lakers,Western,107.66,0,,,,,
2024-09-20,2024,BOS,Boston Celtics,Eastern,108.78,0,,,,,
2024-09-20,2024,MIA,Miami Heat,Eastern,99.69,0,,,,,
2024-09-20,2024,MIL,Milwaukee Bucks,Eastern,102.39,0,,,,,
2024-09-20,2024,DEN,Denver Nuggets,Western,108.63,0,,,,,
2024-09-20,2024,GSW,Golden State Warriors,Western,106.72,0,,,,,
2024-09-20,2024,LAL,Los Angeles Lakers,Western,108.41,0,,,,,
2024-09-21,2024,BOS,Boston Celtics,Eastern,109.19,0,,,,,
2024-09-21,2024,MIA,Miami Heat,Eastern,100.45,0,,,,,
2024-09-21,2024,MIL,Milwaukee Bucks,Eastern,102.29,0,,,,,
2024-09-21,2024,DEN,Denver Nuggets,Western,108.97,0,,,,,
2024-09-21,2024,GSW,Golden State Warriors,Western,106.33,0,,,,,
2024-09-21,2024,LAL,Los Angeles Lakers,Western,108.88,0,,,,,
2024-09-22,2024,BOS,Boston Celtics,Eastern,108.72,0,,,,,
2024-09-22,2024,MIA,Miami Heat,Eastern,99.53,0,,,,,
2024-09-22,2024,MIL,Milwaukee Bucks,Eastern,102.00,0,,,,,
2024-09-22,2024,DEN,Denver Nuggets,Western,110.24,0,,,,,
2024-09-22,2024,GSW,Golden State Warriors,Western,107.06,0,,,,,
2024-09-22,2024,LAL,Los Angeles Lakers,Western,108.73,0,,,,,
2024-09-23,2024,BOS,Boston Celtics,Eastern,108.75,0,,,,,
2024-09-23,2024,MIA,Miami Heat,Eastern,100.46,0,,,,,
2024-09-23,2024,MIL,Milwaukee Bucks,Eastern,101.35,0,,,,,
2024-09-23,2024,DEN,Denver Nuggets,Western,110.21,0,,,,,
2024-09-23,2024,GSW,Golden State Warriors,Western,106.17,0,,,,,
2024-09-23,2024,LAL,Los Angeles Lakers,Western,108.11,0,,,,,
2024-09-24,2024,BOS,Boston Celtics,Eastern,107.67,0,,,,,
2024-09-24,2024,MIA,Miami Heat,Eastern,99.58,0,,,,,
2024-09-24,2024,MIL,Milwaukee Bucks,Eastern,102.54,0,,,,,
2024-09-24,2024,DEN,Denver Nuggets,Western,110.05,0,,,,,
2024-09-24,2024,GSW,Golden State Warriors,Western,107.43,0,,,,,
2024-09-24,2024,LAL,Los Angeles Lakers,Western,108.23,0,,,,,
2024-09-25,2024,BOS,Boston Celtics,Eastern,108.08,0,,,,,
2024-09-25,2024,MIA,Miami Heat,Eastern,99.19,0,,,,,
2024-09-25,2024,MIL,Milwaukee Bucks,Eastern,102.72,0,,,,,
2024-09-25,2024,DEN,Denver Nuggets,Western,109.91,0,,,,,
2024-09-25,2024,GSW,Golden State Warriors,Western,107.07,0,,,,,
2024-09-25,2024,LAL,Los Angeles Lakers,Western,108.20,0,,,,,
2024-09-26,2024,BOS,Boston Celtics,Eastern,107.28,0,,,,,
2024-09-26,2024,MIA,Miami Heat,Eastern,100.62,0,,,,,
2024-09-26,2024,MIL,Milwaukee Bucks,Eastern,102.81,0,,,,,
2024-09-26,2024,DEN,Denver Nuggets,Western,109.26,0,,,,,
2024-09-26,2024,GSW,Golden State Warriors,Western,107.45,0,,,,,
2024-09-26,2024,LAL,Los Angeles Lakers,Western,107.83,0,,,,,
2024-09-27,2024,BOS,Boston Celtics,Eastern,108.23,0,,,,,
2024-09-27,2024,MIA,Miami Heat,Eastern,99.54,0,,,,,
2024-09-27,2024,MIL,Milwaukee Bucks,Eastern,101.86,0,,,,,
2024-09-27,2024,DEN,Denver Nuggets,Western,110.54,0,,,,,
2024-09-27,2024,GSW,Golden State Warriors,Western,107.09,0,,,,,
2024-09-27,2024,LAL,Los Angeles Lakers,Western,108.66,0,,,,,
2024-09-28,2024,BOS,Boston Celtics,Eastern,108.07,0,,,,,
2024-09-28,2024,MIA,Miami Heat,Eastern,99.85,0,,,,,
2024-09-28,2024,MIL,Milwaukee Bucks,Eastern,102.59,0,,,,,
2024-09-28,2024,DEN,Denver Nuggets,Western,110.70,0,,,,,
2024-09-28,2024,GSW,Golden State Warriors,Western,106.68,0,,,,,
2024-09-28,2024,LAL,Los Angeles Lakers,Western,108.52,0,,,,,
2024-09-29,2024,BOS,Boston Celtics,Eastern,106.84,0,,,,,
2024-09-29,2024,MIA,Miami Heat,Eastern,99.30,0,,,,,
2024-09-29,2024,MIL,Milwaukee Bucks,Eastern,102.30,0,,,,,
2024-09-29,2024,DEN,Denver Nuggets,Western,111.34,0,,,,,
2024-09-29,2024,GSW,Golden State Warriors,Western,107.95,0,,,,,
2024-09-29,2024,LAL,Los Angeles Lakers,Western,107.32,0,,,,,
2024-09-30,2024,BOS,Boston Celtics,Eastern,107.11,0,,,,,
2024-09-30,2024,MIA,Miami Heat,Eastern,100.15,0,,,,,
2024-09-30,2024,MIL,Milwaukee Bucks,Eastern,102.86,0,,,,,
2024-09-30,2024,DEN,Denver Nuggets,Western,111.01,0,,,,,
2024-09-30,2024,GSW,Golden State Warriors,Western,107.97,0,,,,,
2024-09-30,2024,LAL,Los Angeles Lakers,Western,106.88,0,,,,,
2024-10-01,2024,BOS,Boston Celtics,Eastern,106.82,0,,,,,
2024-10-01,2024,MIA,Miami Heat,Eastern,99.02,0,,,,,
2024-10-01,2024,MIL,Milwaukee Bucks,Eastern,101.22,1,MIA,99,113,0,-14
2024-10-01,2024,DEN,Denver Nuggets,Western,111.25,0,,,,,
2024-10-01,2024,GSW,Golden State Warriors,Western,106.90,0,,,,,
2024-10-01,2024,LAL,Los Angeles Lakers,Western,106.73,1,GSW,102,130,0,-28
2024-10-02,2024,BOS,Boston Celtics,Eastern,106.22,1,MIA,108,128,0,-20
2024-10-02,2024,MIA,Miami Heat,Eastern,99.42,0,,,,,
2024-10-02,2024,MIL,Milwaukee Bucks,Eastern,103.83,0,,,,,
2024-10-02,2024,DEN,Denver Nuggets,Western,111.66,1,GSW,103,96,1,7
2024-10-02,2024,GSW,Golden State Warriors,Western,108.37,0,,,,,
2024-10-02,2024,LAL,Los Angeles Lakers,Western,108.13,0,,,,,
2024-10-03,2024,BOS,Boston Celtics,Eastern,106.50,0,,,,,
2024-10-03,2024,MIA,Miami Heat,Eastern,100.94,1,MIL,130,96,1,34
2024-10-03,2024,MIL,Milwaukee Bucks,Eastern,103.73,0,,,,,
2024-10-03,2024,DEN,Denver Nuggets,Western,110.94,0,,,,,
2024-10-03,2024,GSW,Golden State Warriors,Western,108.22,1,LAL,126,128,0,-2
2024-10-03,2024,LAL,Los Angeles Lakers,Western,108.27,0,,,,,
2024-10-04,2024,BOS,Boston Celtics,Eastern,107.46,0,,,,,
2024-10-04,2024,MIA,Miami Heat,Eastern,99.03,0,,,,,
2024-10-04,2024,MIL,Milwaukee Bucks,Eastern,104.84,1,DEN,128,111,1,17
2024-10-04,2024,DEN,Denver Nuggets,Western,112.28,0,,,,,
2024-10-04,2024,GSW,Golden State Warriors,Western,107.12,0,,,,,
2024-10-04,2024,LAL,Los Angeles Lakers,Western,108.64,1,BOS,121,100,1,21
2024-10-05,2024,BOS,Boston Celtics,Eastern,107.02,1,MIA,114,113,1,1
2024-10-05,2024,MIA,Miami Heat,Eastern,99.04,0,,,,,
2024-10-05,2024,MIL,Milwaukee Bucks,Eastern,104.44,0,,,,,
2024-10-05,2024,DEN,Denver Nuggets,Western,113.66,1,GSW,130,96,1,34
2024-10-05,2024,GSW,Golden State Warriors,Western,107.57,0,,,,,
2024-10-05,2024,LAL,Los Angeles Lakers,Western,107.13,0,,,,,
2024-10-06,2024,BOS,Boston Celtics,Eastern,106.34,0,,,,,
2024-10-06,2024,MIA,Miami Heat,Eastern,100.17,1,MIL,121,127,0,-6
2024-10-06,2024,MIL,Milwaukee Bucks,Eastern,102.89,0,,,,,
2024-10-06,2024,DEN,Denver Nuggets,Western,111.30,0,,,,,
2024-10-06,2024,GSW,Golden State Warriors,Western,108.40,1,LAL,129,128,1,1
2024-10-06,2024,LAL,Los Angeles Lakers,Western,106.36,0,,,,,
2024-10-07,2024,BOS,Boston Celtics,Eastern,106.72,0,,,,,
2024-10-07,2024,MIA,Miami Heat,Eastern,99.17,0,,,,,
2024-10-07,2024,MIL,Milwaukee Bucks,Eastern,104.60,1,DEN,122,97,1,25
2024-10-07,2024,DEN,Denver Nuggets,Western,112.44,0,,,,,
2024-10-07,2024,GSW,Golden State Warriors,Western,107.79,0,,,,,
2024-10-07,2024,LAL,Los Angeles Lakers,Western,108.23,1,BOS,127,97,1,30
2024-10-08,2024,BOS,Boston Celtics,Eastern,106.81,1,MIL,123,120,1,3
2024-10-08,2024,MIA,Miami Heat,Eastern,100.30,0,,,,,
2024-10-08,2024,MIL,Milwaukee Bucks,Eastern,104.44,0,,,,,
2024-10-08,2024,DEN,Denver Nuggets,Western,111.62,1,LAL,112,114,0,-2
2024-10-08,2024,GSW,Golden State Warriors,Western,108.46,0,,,,,
2024-10-08,2024,LAL,Los Angeles Lakers,Western,106.67,0,,,,,
2024-10-09,2024,BOS,Boston Celtics,Eastern,105.84,0,,,,,
2024-10-09,2024,MIA,Miami Heat,Eastern,101.36,1,DEN,123,105,1,18
2024-10-09,2024,MIL,Milwaukee Bucks,Eastern,104.09,0,,,,,
2024-10-09,2024,DEN,Denver Nuggets,Western,111.93,0,,,,,
2024-10-09,2024,GSW,Golden State Warriors,Western,109.39,1,BOS,119,110,1,9
2024-10-09,2024,LAL,Los Angeles Lakers,Western,106.37,0,,,,,
2024-10-10,2024,BOS,Boston Celtics,Eastern,106.36,0,,,,,
2024-10-10,2024,MIA,Miami Heat,Eastern,101.02,0,,,,,
2024-10-10,2024,MIL,Milwaukee Bucks,Eastern,102.92,1,GSW,115,127,0,-12
2024-10-10,2024,DEN,Denver Nuggets,Western,113.13,0,,,,,
2024-10-10,2024,GSW,Golden State Warriors,Western,107.78,0,,,,,
2024-10-10,2024,LAL,Los Angeles Lakers,Western,104.71,1,MIA,110,121,0,-11
2024-10-11,2024,BOS,Boston Celtics,Eastern,107.06,1,DEN,110,103,1,7
2024-10-11,2024,MIA,Miami Heat,Eastern,99.46,0,,,,,
2024-10-11,2024,MIL,Milwaukee Bucks,Eastern,104.88,0,,,,,
2024-10-11,2024,DEN,Denver Nuggets,Western,112.00,1,BOS,109,110,0,-1
2024-10-11,2024,GSW,Golden State Warriors,Western,107.50,0,,,,,
2024-10-11,2024,LAL,Los Angeles Lakers,Western,106.43,0,,,,,
2024-10-12,2024,BOS,Boston Celtics,Eastern,106.64,0,,,,,
2024-10-12,2024,MIA,Miami Heat,Eastern,100.95,1,GSW,124,127,0,-3
2024-10-12,2024,MIL,Milwaukee Bucks,Eastern,104.56,0,,,,,
2024-10-12,2024,DEN,Denver Nuggets,Western,113.29,0,,,,,
2024-10-12,2024,GSW,Golden State Warriors,Western,108.01,1,MIA,126,122,1,4
2024-10-12,2024,LAL,Los Angeles Lakers,Western,106.07,0,,,,,
2024-10-13,2024,BOS,Boston Celtics,Eastern,106.08,0,,,,,
2024-10-13,2024,MIA,Miami Heat,Eastern,100.50,0,,,,,
2024-10-13,2024,MIL,Milwaukee Bucks,Eastern,106.21,1,LAL,130,113,1,17
2024-10-13,2024,DEN,Denver Nuggets,Western,112.97,0,,,,,
2024-10-13,2024,GSW,Golden State Warriors,Western,107.14,0,,,,,
2024-10-13,2024,LAL,Los Angeles Lakers,Western,108.13,1,MIL,119,103,1,16
2024-10-14,2024,BOS,Boston Celtics,Eastern,105.54,1,GSW,116,115,1,1
2024-10-14,2024,MIA,Miami Heat,Eastern,99.80,0,,,,,
2024-10-14,2024,MIL,Milwaukee Bucks,Eastern,104.95,0,,,,,
2024-10-14,2024,DEN,Denver Nuggets,Western,111.96,1,MIA,100,120,0,-20
2024-10-14,2024,GSW,Golden State Warriors,Western,108.20,0,,,,,
2024-10-14,2024,LAL,Los Angeles Lakers,Western,105.42,0,,,,,
2024-10-15,2024,BOS,Boston Celtics,Eastern,105.39,0,,,,,
2024-10-15,2024,MIA,Miami Heat,Eastern,101.06,1,LAL,119,123,0,-4
2024-10-15,2024,MIL,Milwaukee Bucks,Eastern,105.27,0,,,,,
2024-10-15,2024,DEN,Denver Nuggets,Western,113.15,0,,,,,
2024-10-15,2024,GSW,Golden State Warriors,Western,109.46,1,MIL,123,105,1,18
2024-10-15,2024,LAL,Los Angeles Lakers,Western,105.80,0,,,,,
2024-10-16,2024,BOS,Boston Celtics,Eastern,106.58,0,,,,,
2024-10-16,2024,MIA,Miami Heat,Eastern,101.20,0,,,,,
2024-10-16,2024,MIL,Milwaukee Bucks,Eastern,106.38,1,BOS,115,103,1,12
2024-10-16,2024,DEN,Denver Nuggets,Western,112.60,0,,,,,
2024-10-16,2024,GSW,Golden State Warriors,Western,108.18,0,,,,,
2024-10-16,2024,LAL,Los Angeles Lakers,Western,106.58,1,DEN,118,114,1,4
2024-10-17,2024,BOS,Boston Celtics,Eastern,107.03,1,LAL,126,125,1,1
2024-10-17,2024,MIA,Miami Heat,Eastern,101.68,0,,,,,
2024-10-17,2024,MIL,Milwaukee Bucks,Eastern,105.70,0,,,,,
2024-10-17,2024,DEN,Denver Nuggets,Western,115.09,1,MIL,118,104,1,14
2024-10-17,2024,GSW,Golden State Warriors,Western,107.30,0,,,,,
2024-10-17,2024,LAL,Los Angeles Lakers,Western,104.87,0,,,,,
2024-10-18,2024,BOS,Boston Celtics,Eastern,105.26,0,,,,,
2024-10-18,2024,MIA,Miami Heat,Eastern,101.54,1,BOS,123,120,1,3
2024-10-18,2024,MIL,Milwaukee Bucks,Eastern,105.14,0,,,,,
2024-10-18,2024,DEN,Denver Nuggets,Western,113.70,0,,,,,
2024-10-18,2024,GSW,Golden State Warriors,Western,107.87,1,DEN,125,117,1,8
2024-10-18,2024,LAL,Los Angeles Lakers,Western,104.31,0,,,,,
2024-10-19,2024,BOS,Boston Celtics,Eastern,105.30,0,,,,,
2024-10-19,2024,MIA,Miami Heat,Eastern,100.85,0,,,,,
2024-10-19,2024,MIL,Milwaukee Bucks,Eastern,104.84,1,MIA,115,123,0,-8
2024-10-19,2024,DEN,Denver Nuggets,Western,114.02,0,,,,,
2024-10-19,2024,GSW,Golden State Warriors,Western,107.35,0,,,,,
2024-10-19,2024,LAL,Los Angeles Lakers,Western,106.43,1,GSW,128,114,1,14
2024-10-20,2024,BOS,Boston Celtics,Eastern,105.93,1,MIA,108,102,1,6
2024-10-20,2024,MIA,Miami Heat,Eastern,100.86,0,,,,,
2024-10-20,2024,MIL,Milwaukee Bucks,Eastern,105.61,0,,,,,
2024-10-20,2024,DEN,Denver Nuggets,Western,113.05,1,GSW,129,122,1,7
2024-10-20,2024,GSW,Golden State Warriors,Western,106.23,0,,,,,
2024-10-20,2024,LAL,Los Angeles Lakers,Western,105.12,0,,,,,
2024-10-21,2024,BOS,Boston Celtics,Eastern,106.73,0,,,,,
2024-10-21,2024,MIA,Miami Heat,Eastern,100.66,1,MIL,104,119,0,-15
2024-10-21,2024,MIL,Milwaukee Bucks,Eastern,106.60,0,,,,,
2024-10-21,2024,DEN,Denver Nuggets,Western,113.80,0,,,,,
2024-10-21,2024,GSW,Golden State Warriors,Western,105.88,1,LAL,106,119,0,-13
2024-10-21,2024,LAL,Los Angeles Lakers,Western,105.01,0,,,,,
2024-10-22,2024,BOS,Boston Celtics,Eastern,106.77,0,,,,,
2024-10-22,2024,MIA,Miami Heat,Eastern,102.00,0,,,,,
2024-10-22,2024,MIL,Milwaukee Bucks,Eastern,106.09,1,DEN,102,100,1,2
2024-10-22,2024,DEN,Denver Nuggets,Western,113.01,0,,,,,
2024-10-22,2024,GSW,Golden State Warriors,Western,106.77,0,,,,,
2024-10-22,2024,LAL,Los Angeles Lakers,Western,103.04,1,BOS,109,118,0,-9
2024-10-23,2024,BOS,Boston Celtics,Eastern,104.16,1,MIA,109,127,0,-18
2024-10-23,2024,MIA,Miami Heat,Eastern,101.64,0,,,,,
2024-10-23,2024,MIL,Milwaukee Bucks,Eastern,106.77,0,,,,,
2024-10-23,2024,DEN,Denver Nuggets,Western,113.64,1,GSW,126,125,1,1
2024-10-23,2024,GSW,Golden State Warriors,Western,107.33,0,,,,,
2024-10-23,2024,LAL,Los Angeles Lakers,Western,104.75,0,,,,,
2024-10-24,2024,BOS,Boston Celtics,Eastern,105.69,0,,,,,
2024-10-24,2024,MIA,Miami Heat,Eastern,104.37,1,MIL,129,101,1,28
2024-10-24,2024,MIL,Milwaukee Bucks,Eastern,106.74,0,,,,,
2024-10-24,2024,DEN,Denver Nuggets,Western,113.55,0,,,,,
2024-10-24,2024,GSW,Golden State Warriors,Western,107.09,1,LAL,103,100,1,3
2024-10-24,2024,LAL,Los Angeles Lakers,Western,103.59,0,,,,,
2024-10-25,2024,BOS,Boston Celtics,Eastern,106.97,0,,,,,
2024-10-25,2024,MIA,Miami Heat,Eastern,102.43,0,,,,,
2024-10-25,2024,MIL,Milwaukee Bucks,Eastern,106.72,1,DEN,99,101,0,-2
2024-10-25,2024,DEN,Denver Nuggets,Western,114.16,0,,,,,
2024-10-25,2024,GSW,Golden State Warriors,Western,106.78,0,,,,,
2024-10-25,2024,LAL,Los Angeles Lakers,Western,104.97,1,BOS,126,113,1,13
2024-10-26,2024,BOS,Boston Celtics,Eastern,104.24,1,MIL,106,129,0,-23
2024-10-26,2024,MIA,Miami Heat,Eastern,103.05,0,,,,,
2024-10-26,2024,MIL,Milwaukee Bucks,Eastern,106.32,0,,,,,
2024-10-26,2024,DEN,Denver Nuggets,Western,113.53,1,LAL,127,126,1,1
2024-10-26,2024,GSW,Golden State Warriors,Western,106.14,0,,,,,
2024-10-26,2024,LAL,Los Angeles Lakers,Western,103.36,0,,,,,
2024-10-27,2024,BOS,Boston Celtics,Eastern,106.44,0,,,,,
2024-10-27,2024,MIA,Miami Heat,Eastern,103.32,1,DEN,123,109,1,14
2024-10-27,2024,MIL,Milwaukee Bucks,Eastern,108.06,0,,,,,
2024-10-27,2024,DEN,Denver Nuggets,Western,112.73,0,,,,,
2024-10-27,2024,GSW,Golden State Warriors,Western,106.36,1,BOS,119,110,1,9
2024-10-27,2024,LAL,Los Angeles Lakers,Western,104.15,0,,,,,
2024-10-28,2024,BOS,Boston Celtics,Eastern,106.42,0,,,,,
2024-10-28,2024,MIA,Miami Heat,Eastern,102.61,0,,,,,
2024-10-28,2024,MIL,Milwaukee Bucks,Eastern,108.11,1,GSW,105,101,1,4
2024-10-28,2024,DEN,Denver Nuggets,Western,112.69,0,,,,,
2024-10-28,2024,GSW,Golden State Warriors,Western,105.95,0,,,,,
2024-10-28,2024,LAL,Los Angeles Lakers,Western,104.66,1,MIA,106,101,1,5
2024-10-29,2024,BOS,Boston Celtics,Eastern,108.57,1,DEN,122,104,1,18
2024-10-29,2024,MIA,Miami Heat,Eastern,102.97,0,,,,,
2024-10-29,2024,MIL,Milwaukee Bucks,Eastern,107.86,0,,,,,
2024-10-29,2024,DEN,Denver Nuggets,Western,113.36,1,BOS,114,113,1,1
2024-10-29,2024,GSW,Golden State Warriors,Western,106.01,0,,,,,
2024-10-29,2024,LAL,Los Angeles Lakers,Western,103.64,0,,,,,
2024-10-30,2024,BOS,Boston Celtics,Eastern,106.49,0,,,,,
2024-10-30,2024,MIA,Miami Heat,Eastern,104.47,1,GSW,116,111,1,5
2024-10-30,2024,MIL,Milwaukee Bucks,Eastern,106.66,0,,,,,
2024-10-30,2024,DEN,Denver Nuggets,Western,113.18,0,,,,,
2024-10-30,2024,GSW,Golden State Warriors,Western,104.96,1,MIA,108,128,0,-20
2024-10-30,2024,LAL,Los Angeles Lakers,Western,102.85,0,,,,,
2024-10-31,2024,BOS,Boston Celtics,Eastern,107.21,0,,,,,
2024-10-31,2024,MIA,Miami Heat,Eastern,103.81,0,,,,,
2024-10-31,2024,MIL,Milwaukee Bucks,Eastern,108.62,1,LAL,130,112,1,18
2024-10-31,2024,DEN,Denver Nuggets,Western,112.19,0,,,,,
2024-10-31,2024,GSW,Golden State Warriors,Western,104.72,0,,,,,
2024-10-31,2024,LAL,Los Angeles Lakers,Western,103.72,1,MIL,109,111,0,-2
2024-11-01,2024,BOS,Boston Celtics,Eastern,107.32,1,GSW,103,100,1,3
2024-11-01,2024,MIA,Miami Heat,Eastern,104.10,0,,,,,
2024-11-01,2024,MIL,Milwaukee Bucks,Eastern,108.51,0,,,,,
2024-11-01,2024,DEN,Denver Nuggets,Western,113.50,1,MIA,110,103,1,7
2024-11-01,2024,GSW,Golden State Warriors,Western,104.66,0,,,,,
2024-11-01,2024,LAL,Los Angeles Lakers,Western,102.66,0,,,,,
2024-11-02,2024,BOS,Boston Celtics,Eastern,107.47,0,,,,,
2024-11-02,2024,MIA,Miami Heat,Eastern,105.16,1,LAL,109,103,1,6
2024-11-02,2024,MIL,Milwaukee Bucks,Eastern,107.28,0,,,,,
2024-11-02,2024,DEN,Denver Nuggets,Western,112.86,0,,,,,
2024-11-02,2024,GSW,Golden State Warriors,Western,103.45,1,MIL,101,112,0,-11
2024-11-02,2024,LAL,Los Angeles Lakers,Western,102.77,0,,,,,
2024-11-03,2024,BOS,Boston Celtics,Eastern,107.81,0,,,,,
2024-11-03,2024,MIA,Miami Heat,Eastern,104.83,0,,,,,
2024-11-03,2024,MIL,Milwaukee Bucks,Eastern,109.47,1,BOS,129,107,1,22
2024-11-03,2024,DEN,Denver Nuggets,Western,112.89,0,,,,,
2024-11-03,2024,GSW,Golden State Warriors,Western,105.44,0,,,,,
2024-11-03,2024,LAL,Los Angeles Lakers,Western,102.49,1,DEN,102,116,0,-14
2024-11-04,2024,BOS,Boston Celtics,Eastern,107.74,1,LAL,108,109,0,-1
2024-11-04,2024,MIA,Miami Heat,Eastern,104.21,0,,,,,
2024-11-04,2024,MIL,Milwaukee Bucks,Eastern,108.41,0,,,,,
2024-11-04,2024,DEN,Denver Nuggets,Western,111.20,1,MIL,107,123,0,-16
2024-11-04,2024,GSW,Golden State Warriors,Western,104.52,0,,,,,
2024-11-04,2024,LAL,Los Angeles Lakers,Western,102.67,0,,,,,
2024-11-05,2024,BOS,Boston Celtics,Eastern,107.36,0,,,,,
2024-11-05,2024,MIA,Miami Heat,Eastern,104.36,1,BOS,116,111,1,5
2024-11-05,2024,MIL,Milwaukee Bucks,Eastern,108.06,0,,,,,
2024-11-05,2024,DEN,Denver Nuggets,Western,112.98,0,,,,,
2024-11-05,2024,GSW,Golden State Warriors,Western,106.51,1,DEN,126,116,1,10
2024-11-05,2024,LAL,Los Angeles Lakers,Western,102.96,0,,,,,
2024-11-06,2024,BOS,Boston Celtics,Eastern,108.16,0,,,,,
2024-11-06,2024,MIA,Miami Heat,Eastern,104.36,0,,,,,
2024-11-06,2024,MIL,Milwaukee Bucks,Eastern,108.44,1,MIA,103,106,0,-3
2024-11-06,2024,DEN,Denver Nuggets,Western,113.15,0,,,,,
2024-11-06,2024,GSW,Golden State Warriors,Western,104.89,0,,,,,
2024-11-06,2024,LAL,Los Angeles Lakers,Western,102.80,1,GSW,117,116,1,1
2024-11-07,2024,BOS,Boston Celtics,Eastern,105.80,1,MIA,102,122,0,-20
2024-11-07,2024,MIA,Miami Heat,Eastern,105.08,0,,,,,
2024-11-07,2024,MIL,Milwaukee Bucks,Eastern,108.05,0,,,,,
2024-11-07,2024,DEN,Denver Nuggets,Western,114.87,1,GSW,129,110,1,19
2024-11-07,2024,GSW,Golden State Warriors,Western,104.52,0,,,,,
2024-11-07,2024,LAL,Los Angeles Lakers,Western,101.94,0,,,,,
2024-11-08,2024,BOS,Boston Celtics,Eastern,108.86,0,,,,,
2024-11-08,2024,MIA,Miami Heat,Eastern,105.28,1,MIL,127,126,1,1
2024-11-08,2024,MIL,Milwaukee Bucks,Eastern,107.31,0,,,,,
2024-11-08,2024,DEN,Denver Nuggets,Western,111.86,0,,,,,
2024-11-08,2024,GSW,Golden State Warriors,Western,102.75,1,LAL,106,124,0,-18
2024-11-08,2024,LAL,Los Angeles Lakers,Western,101.87,0,,,,,
2024-11-09,2024,BOS,Boston Celtics,Eastern,108.71,0,,,,,
2024-11-09,2024,MIA,Miami Heat,Eastern,104.53,0,,,,,
2024-11-09,2024,MIL,Milwaukee Bucks,Eastern,107.84,1,DEN,102,103,0,-1
2024-11-09,2024,DEN,Denver Nuggets,Western,112.78,0,,,,,
2024-11-09,2024,GSW,Golden State Warriors,Western,103.58,0,,,,,
2024-11-09,2024,LAL,Los Angeles Lakers,Western,103.61,1,BOS,127,110,1,17
2024-11-10,2024,BOS,Boston Celtics,Eastern,108.96,1,MIA,125,123,1,2
2024-11-10,2024,MIA,Miami Heat,Eastern,104.90,0,,,,,
2024-11-10,2024,MIL,Milwaukee Bucks,Eastern,107.49,0,,,,,
2024-11-10,2024,DEN,Denver Nuggets,Western,112.27,1,GSW,100,108,0,-8
2024-11-10,2024,GSW,Golden State Warriors,Western,103.54,0,,,,,
2024-11-10,2024,LAL,Los Angeles Lakers,Western,103.11,0,,,,,
2024-11-11,2024,BOS,Boston Celtics,Eastern,109.51,0,,,,,
2024-11-11,2024,MIA,Miami Heat,Eastern,105.14,1,MIL,113,112,1,1
2024-11-11,2024,MIL,Milwaukee Bucks,Eastern,107.82,0,,,,,
2024-11-11,2024,DEN,Denver Nuggets,Western,111.48,0,,,,,
2024-11-11,2024,GSW,Golden State Warriors,Western,105.25,1,LAL,119,99,1,20
2024-11-11,2024,LAL,Los Angeles Lakers,Western,101.98,0,,,,,
2024-11-12,2024,BOS,Boston Celtics,Eastern,108.01,0,,,,,
2024-11-12,2024,MIA,Miami Heat,Eastern,105.21,0,,,,,
2024-11-12,2024,MIL,Milwaukee Bucks,Eastern,107.74,1,DEN,117,110,1,7
2024-11-12,2024,DEN,Denver Nuggets,Western,111.23,0,,,,,
2024-11-12,2024,GSW,Golden State Warriors,Western,104.04,0,,,,,
2024-11-12,2024,LAL,Los Angeles Lakers,Western,104.66,1,BOS,114,97,1,17
2024-11-13,2024,BOS,Boston Celtics,Eastern,109.60,1,MIL,100,99,1,1
2024-11-13,2024,MIA,Miami Heat,Eastern,104.63,0,,,,,
2024-11-13,2024,MIL,Milwaukee Bucks,Eastern,107.82,0,,,,,
2024-11-13,2024,DEN,Denver Nuggets,Western,112.71,1,LAL,125,121,1,4
2024-11-13,2024,GSW,Golden State Warriors,Western,103.17,0,,,,,
2024-11-13,2024,LAL,Los Angeles Lakers,Western,101.76,0,,,,,
2024-11-14,2024,BOS,Boston Celtics,Eastern,109.18,0,,,,,
2024-11-14,2024,MIA,Miami Heat,Eastern,105.85,1,DEN,119,118,1,1
2024-11-14,2024,MIL,Milwaukee Bucks,Eastern,107.17,0,,,,,
2024-11-14,2024,DEN,Denver Nuggets,Western,110.89,0,,,,,
2024-11-14,2024,GSW,Golden State Warriors,Western,105.25,1,BOS,126,110,1,16
2024-11-14,2024,LAL,Los Angeles Lakers,Western,102.10,0,,,,,
2024-11-15,2024,BOS,Boston Celtics,Eastern,110.07,0,,,,,
2024-11-15,2024,MIA,Miami Heat,Eastern,104.64,0,,,,,
2024-11-15,2024,MIL,Milwaukee Bucks,Eastern,107.73,1,GSW,116,109,1,7
2024-11-15,2024,DEN,Denver Nuggets,Western,112.52,0,,,,,
2024-11-15,2024,GSW,Golden State Warriors,Western,103.98,0,,,,,
2024-11-15,2024,LAL,Los Angeles Lakers,Western,103.02,1,MIA,117,116,1,1
2024-11-16,2024,BOS,Boston Celtics,Eastern,109.76,1,DEN,120,118,1,2
2024-11-16,2024,MIA,Miami Heat,Eastern,106.28,0,,,,,
2024-11-16,2024,MIL,Milwaukee Bucks,Eastern,108.16,0,,,,,
2024-11-16,2024,DEN,Denver Nuggets,Western,110.03,1,BOS,101,130,0,-29
2024-11-16,2024,GSW,Golden State Warriors,Western,104.40,0,,,,,
2024-11-16,2024,LAL,Los Angeles Lakers,Western,102.78,0,,,,,
2024-11-17,2024,BOS,Boston Celtics,Eastern,109.91,0,,,,,
2024-11-17,2024,MIA,Miami Heat,Eastern,107.44,1,GSW,118,105,1,13
2024-11-17,2024,MIL,Milwaukee Bucks,Eastern,107.96,0,,,,,
2024-11-17,2024,DEN,Denver Nuggets,Western,111.56,0,,,,,
2024-11-17,2024,GSW,Golden State Warriors,Western,103.42,1,MIA,116,120,0,-4
2024-11-17,2024,LAL,Los Angeles Lakers,Western,103.04,0,,,,,
2024-11-18,2024,BOS,Boston Celtics,Eastern,109.35,0,,,,,
2024-11-18,2024,MIA,Miami Heat,Eastern,106.36,0,,,,,
2024-11-18,2024,MIL,Milwaukee Bucks,Eastern,109.17,1,LAL,114,106,1,8
2024-11-18,2024,DEN,Denver Nuggets,Western,111.18,0,,,,,
2024-11-18,2024,GSW,Golden State Warriors,Western,103.03,0,,,,,
2024-11-18,2024,LAL,Los Angeles Lakers,Western,100.79,1,MIL,107,123,0,-16
2024-11-19,2024,BOS,Boston Celtics,Eastern,109.06,1,GSW,101,116,0,-15
2024-11-19,2024,MIA,Miami Heat,Eastern,105.10,0,,,,,
2024-11-19,2024,MIL,Milwaukee Bucks,Eastern,106.78,0,,,,,
2024-11-19,2024,DEN,Denver Nuggets,Western,111.85,1,MIA,122,113,1,9
2024-11-19,2024,GSW,Golden State Warriors,Western,103.52,0,,,,,
2024-11-19,2024,LAL,Los Angeles Lakers,Western,102.70,0,,,,,
2024-11-20,2024,BOS,Boston Celtics,Eastern,109.61,0,,,,,
2024-11-20,2024,MIA,Miami Heat,Eastern,104.83,1,LAL,103,119,0,-16
2024-11-20,2024,MIL,Milwaukee Bucks,Eastern,108.05,0,,,,,
2024-11-20,2024,DEN,Denver Nuggets,Western,111.32,0,,,,,
2024-11-20,2024,GSW,Golden State Warriors,Western,105.32,1,MIL,123,111,1,12
2024-11-20,2024,LAL,Los Angeles Lakers,Western,102.56,0,,,,,
2024-11-21,2024,BOS,Boston Celtics,Eastern,109.79,0,,,,,
2024-11-21,2024,MIA,Miami Heat,Eastern,106.53,0,,,,,
2024-11-21,2024,MIL,Milwaukee Bucks,Eastern,107.74,1,BOS,103,97,1,6
2024-11-21,2024,DEN,Denver Nuggets,Western,111.51,0,,,,,
2024-11-21,2024,GSW,Golden State Warriors,Western,103.00,0,,,,,
2024-11-21,2024,LAL,Los Angeles Lakers,Western,103.28,1,DEN,126,114,1,12
2024-11-22,2024,BOS,Boston Celtics,Eastern,111.82,1,LAL,114,97,1,17
2024-11-22,2024,MIA,Miami Heat,Eastern,105.28,0,,,,,
2024-11-22,2024,MIL,Milwaukee Bucks,Eastern,107.84,0,,,,,
2024-11-22,2024,DEN,Denver Nuggets,Western,110.46,1,MIL,107,121,0,-14
2024-11-22,2024,GSW,Golden State Warriors,Western,102.59,0,,,,,
2024-11-22,2024,LAL,Los Angeles Lakers,Western,102.24,0,,,,,
2024-11-23,2024,BOS,Boston Celtics,Eastern,110.55,0,,,,,
2024-11-23,2024,MIA,Miami Heat,Eastern,107.43,1,BOS,126,100,1,26
2024-11-23,2024,MIL,Milwaukee Bucks,Eastern,107.69,0,,,,,
2024-11-23,2024,DEN,Denver Nuggets,Western,111.34,0,,,,,
2024-11-23,2024,GSW,Golden State Warriors,Western,104.04,1,DEN,112,100,1,12
2024-11-23,2024,LAL,Los Angeles Lakers,Western,103.06,0,,,,,
2024-11-24,2024,BOS,Boston Celtics,Eastern,110.42,0,,,,,
2024-11-24,2024,MIA,Miami Heat,Eastern,105.82,0,,,,,
2024-11-24,2024,MIL,Milwaukee Bucks,Eastern,109.32,1,MIA,128,96,1,32
2024-11-24,2024,DEN,Denver Nuggets,Western,110.74,0,,,,,
2024-11-24,2024,GSW,Golden State Warriors,Western,103.20,0,,,,,
2024-11-24,2024,LAL,Los Angeles Lakers,Western,103.04,1,GSW,119,122,0,-3
2024-11-25,2024,BOS,Boston Celtics,Eastern,111.87,1,MIA,111,99,1,12
2024-11-25,2024,MIA,Miami Heat,Eastern,105.03,0,,,,,
2024-11-25,2024,MIL,Milwaukee Bucks,Eastern,107.20,0,,,,,
2024-11-25,2024,DEN,Denver Nuggets,Western,110.45,1,GSW,108,118,0,-10
2024-11-25,2024,GSW,Golden State Warriors,Western,103.14,0,,,,,
2024-11-25,2024,LAL,Los Angeles Lakers,Western,103.19,0,,,,,
2024-11-26,2024,BOS,Boston Celtics,Eastern,111.51,0,,,,,
2024-11-26,2024,MIA,Miami Heat,Eastern,106.77,1,MIL,118,98,1,20
2024-11-26,2024,MIL,Milwaukee Bucks,Eastern,106.35,0,,,,,
2024-11-26,2024,DEN,Denver Nuggets,Western,110.75,0,,,,,
2024-11-26,2024,GSW,Golden State Warriors,Western,105.06,1,LAL,114,99,1,15
2024-11-26,2024,LAL,Los Angeles Lakers,Western,103.15,0,,,,,
2024-11-27,2024,BOS,Boston Celtics,Eastern,111.43,0,,,,,
2024-11-27,2024,MIA,Miami Heat,Eastern,106.00,0,,,,,
2024-11-27,2024,MIL,Milwaukee Bucks,Eastern,105.28,1,DEN,100,125,0,-25
2024-11-27,2024,DEN,Denver Nuggets,Western,111.09,0,,,,,
2024-11-27,2024,GSW,Golden State Warriors,Western,103.59,0,,,,,
2024-11-27,2024,LAL,Los Angeles Lakers,Western,101.15,1,BOS,101,121,0,-20
2024-11-28,2024,BOS,Boston Celtics,Eastern,112.76,1,MIA,117,100,1,17
2024-11-28,2024,MIA,Miami Heat,Eastern,105.97,0,,,,,
2024-11-28,2024,MIL,Milwaukee Bucks,Eastern,106.24,0,,,,,
2024-11-28,2024,DEN,Denver Nuggets,Western,112.54,1,GSW,126,96,1,30
2024-11-28,2024,GSW,Golden State Warriors,Western,102.66,0,,,,,
2024-11-28,2024,LAL,Los Angeles Lakers,Western,103.36,0,,,,,
2024-11-29,2024,BOS,Boston Celtics,Eastern,111.76,0,,,,,
2024-11-29,2024,MIA,Miami Heat,Eastern,104.27,1,MIL,117,125,0,-8
2024-11-29,2024,MIL,Milwaukee Bucks,Eastern,106.19,0,,,,,
2024-11-29,2024,DEN,Denver Nuggets,Western,110.56,0,,,,,
2024-11-29,2024,GSW,Golden State Warriors,Western,104.68,1,LAL,125,109,1,16
2024-11-29,2024,LAL,Los Angeles Lakers,Western,103.97,0,,,,,
2024-11-30,2024,BOS,Boston Celtics,Eastern,111.29,0,,,,,
2024-11-30,2024,MIA,Miami Heat,Eastern,106.19,0,,,,,
2024-11-30,2024,MIL,Milwaukee Bucks,Eastern,108.18,1,DEN,127,101,1,26
2024-11-30,2024,DEN,Denver Nuggets,Western,111.07,0,,,,,
2024-11-30,2024,GSW,Golden State Warriors,Western,102.70,0,,,,,
2024-11-30,2024,LAL,Los Angeles Lakers,Western,103.11,1,BOS,104,102,1,2
2024-12-01,2024,BOS,Boston Celtics,Eastern,110.78,1,MIL,110,122,0,-12
2024-12-01,2024,MIA,Miami Heat,Eastern,105.76,0,,,,,
2024-12-01,2024,MIL,Milwaukee Bucks,Eastern,107.24,0,,,,,
2024-12-01,2024,DEN,Denver Nuggets,Western,112.05,1,LAL,117,109,1,8
2024-12-01,2024,GSW,Golden State Warriors,Western,103.85,0,,,,,
2024-12-01,2024,LAL,Los Angeles Lakers,Western,102.50,0,,,,,
2024-12-02,2024,BOS,Boston Celtics,Eastern,111.14,0,,,,,
2024-12-02,2024,MIA,Miami Heat,Eastern,106.46,1,DEN,128,111,1,17
2024-12-02,2024,MIL,Milwaukee Bucks,Eastern,107.48,0,,,,,
2024-12-02,2024,DEN,Denver Nuggets,Western,110.83,0,,,,,
2024-12-02,2024,GSW,Golden State Warriors,Western,104.91,1,BOS,126,114,1,12
2024-12-02,2024,LAL,Los Angeles Lakers,Western,102.91,0,,,,,
2024-12-03,2024,BOS,Boston Celtics,Eastern,110.78,0,,,,,
2024-12-03,2024,MIA,Miami Heat,Eastern,105.72,0,,,,,
2024-12-03,2024,MIL,Milwaukee Bucks,Eastern,105.89,1,GSW,102,103,0,-1
2024-12-03,2024,DEN,Denver Nuggets,Western,109.87,0,,,,,
2024-12-03,2024,GSW,Golden State Warriors,Western,102.97,0,,,,,
2024-12-03,2024,LAL,Los Angeles Lakers,Western,102.58,1,MIA,115,113,1,2
2024-12-04,2024,BOS,Boston Celtics,Eastern,110.91,1,DEN,119,111,1,8
2024-12-04,2024,MIA,Miami Heat,Eastern,105.68,0,,,,,
2024-12-04,2024,MIL,Milwaukee Bucks,Eastern,105.93,0,,,,,
2024-12-04,2024,DEN,Denver Nuggets,Western,110.93,1,BOS,124,126,0,-2
2024-12-04,2024,GSW,Golden State Warriors,Western,103.40,0,,,,,
2024-12-04,2024,LAL,Los Angeles Lakers,Western,102.58,0,,,,,
2024-12-05,2024,BOS,Boston Celtics,Eastern,111.39,0,,,,,
2024-12-05,2024,MIA,Miami Heat,Eastern,104.76,1,GSW,101,119,0,-18
2024-12-05,2024,MIL,Milwaukee Bucks,Eastern,105.87,0,,,,,
2024-12-05,2024,DEN,Denver Nuggets,Western,110.42,0,,,,,
2024-12-05,2024,GSW,Golden State Warriors,Western,103.84,1,MIA,107,98,1,9
2024-12-05,2024,LAL,Los Angeles Lakers,Western,102.60,0,,,,,
2024-12-06,2024,BOS,Boston Celtics,Eastern,110.57,0,,,,,
2024-12-06,2024,MIA,Miami Heat,Eastern,104.55,0,,,,,
2024-12-06,2024,MIL,Milwaukee Bucks,Eastern,106.53,1,LAL,100,104,0,-4
2024-12-06,2024,DEN,Denver Nuggets,Western,111.12,0,,,,,
2024-12-06,2024,GSW,Golden State Warriors,Western,104.32,0,,,,,
2024-12-06,2024,LAL,Los Angeles Lakers,Western,101.88,1,MIL,101,130,0,-29
2024-12-07,2024,BOS,Boston Celtics,Eastern,110.04,1,GSW,101,117,0,-16
2024-12-07,2024,MIA,Miami Heat,Eastern,105.92,0,,,,,
2024-12-07,2024,MIL,Milwaukee Bucks,Eastern,106.84,0,,,,,
2024-12-07,2024,DEN,Denver Nuggets,Western,110.37,1,MIA,120,127,0,-7
2024-12-07,2024,GSW,Golden State Warriors,Western,104.02,0,,,,,
2024-12-07,2024,LAL,Los Angeles Lakers,Western,103.38,0,,,,,
2024-12-08,2024,BOS,Boston Celtics,Eastern,110.54,0,,,,,
2024-12-08,2024,MIA,Miami Heat,Eastern,104.90,1,LAL,119,130,0,-11
2024-12-08,2024,MIL,Milwaukee Bucks,Eastern,105.58,0,,,,,
2024-12-08,2024,DEN,Denver Nuggets,Western,111.28,0,,,,,
2024-12-08,2024,GSW,Golden State Warriors,Western,104.28,1,MIL,129,105,1,24
2024-12-08,2024,LAL,Los Angeles Lakers,Western,102.62,0,,,,,
2024-12-09,2024,BOS,Boston Celtics,Eastern,111.28,0,,,,,
2024-12-09,2024,MIA,Miami Heat,Eastern,104.41,0,,,,,
2024-12-09,2024,MIL,Milwaukee Bucks,Eastern,106.11,1,BOS,103,97,1,6
2024-12-09,2024,DEN,Denver Nuggets,Western,110.48,0,,,,,
2024-12-09,2024,GSW,Golden State Warriors,Western,103.92,0,,,,,
2024-12-09,2024,LAL,Los Angeles Lakers,Western,103.21,1,DEN,124,129,0,-5
2024-12-10,2024,BOS,Boston Celtics,Eastern,112.32,1,LAL,112,103,1,9
2024-12-10,2024,MIA,Miami Heat,Eastern,104.81,0,,,,,
2024-12-10,2024,MIL,Milwaukee Bucks,Eastern,107.20,0,,,,,
2024-12-10,2024,DEN,Denver Nuggets,Western,109.07,1,MIL,103,127,0,-24
2024-12-10,2024,GSW,Golden State Warriors,Western,103.00,0,,,,,
2024-12-10,2024,LAL,Los Angeles Lakers,Western,103.38,0,,,,,
2024-12-11,2024,BOS,Boston Celtics,Eastern,110.47,0,,,,,
2024-12-11,2024,MIA,Miami Heat,Eastern,105.09,1,BOS,118,110,1,8
2024-12-11,2024,MIL,Milwaukee Bucks,Eastern,106.40,0,,,,,
2024-12-11,2024,DEN,Denver Nuggets,Western,110.54,0,,,,,
2024-12-11,2024,GSW,Golden State Warriors,Western,103.65,1,DEN,120,130,0,-10
2024-12-11,2024,LAL,Los Angeles Lakers,Western,103.43,0,,,,,
2024-12-12,2024,BOS,Boston Celtics,Eastern,111.51,0,,,,,
2024-12-12,2024,MIA,Miami Heat,Eastern,105.05,0,,,,,
2024-12-12,2024,MIL,Milwaukee Bucks,Eastern,108.38,1,MIA,120,107,1,13
2024-12-12,2024,DEN,Denver Nuggets,Western,111.17,0,,,,,
2024-12-12,2024,GSW,Golden State Warriors,Western,104.53,0,,,,,
2024-12-12,2024,LAL,Los Angeles Lakers,Western,104.99,1,GSW,129,113,1,16
2024-12-13,2024,BOS,Boston Celtics,Eastern,111.68,1,MIA,131,124,1,7
2024-12-13,2024,MIA,Miami Heat,Eastern,105.96,0,,,,,
2024-12-13,2024,MIL,Milwaukee Bucks,Eastern,107.20,0,,,,,
2024-12-13,2024,DEN,Denver Nuggets,Western,111.15,1,GSW,114,106,1,8
2024-12-13,2024,GSW,Golden State Warriors,Western,103.48,0,,,,,
2024-12-13,2024,LAL,Los Angeles Lakers,Western,103.98,0,,,,,
2024-12-14,2024,BOS,Boston Celtics,Eastern,110.44,0,,,,,
2024-12-14,2024,MIA,Miami Heat,Eastern,105.85,1,MIL,109,97,1,12
2024-12-14,2024,MIL,Milwaukee Bucks,Eastern,105.77,0,,,,,
2024-12-14,2024,DEN,Denver Nuggets,Western,111.38,0,,,,,
2024-12-14,2024,GSW,Golden State Warriors,Western,105.16,1,LAL,127,116,1,11
2024-12-14,2024,LAL,Los Angeles Lakers,Western,103.15,0,,,,,
2024-12-15,2024,BOS,Boston Celtics,Eastern,111.04,0,,,,,
2024-12-15,2024,MIA,Miami Heat,Eastern,105.49,0,,,,,
2024-12-15,2024,MIL,Milwaukee Bucks,Eastern,107.44,1,DEN,131,107,1,24
2024-12-15,2024,DEN,Denver Nuggets,Western,111.08,0,,,,,
2024-12-15,2024,GSW,Golden State Warriors,Western,104.20,0,,,,,
2024-12-15,2024,LAL,Los Angeles Lakers,Western,103.69,1,BOS,105,104,1,1
2024-12-16,2024,BOS,Boston Celtics,Eastern,109.98,1,MIA,101,122,0,-21
2024-12-16,2024,MIA,Miami Heat,Eastern,104.64,0,,,,,
2024-12-16,2024,MIL,Milwaukee Bucks,Eastern,107.07,0,,,,,
2024-12-16,2024,DEN,Denver Nuggets,Western,109.84,1,GSW,98,116,0,-18
2024-12-16,2024,GSW,Golden State Warriors,Western,103.56,0,,,,,
2024-12-16,2024,LAL,Los Angeles Lakers,Western,103.32,0,,,,,
2024-12-17,2024,BOS,Boston Celtics,Eastern,110.32,0,,,,,
2024-12-17,2024,MIA,Miami Heat,Eastern,106.73,1,MIL,121,104,1,17
2024-12-17,2024,MIL,Milwaukee Bucks,Eastern,105.65,0,,,,,
2024-12-17,2024,DEN,Denver Nuggets,Western,110.92,0,,,,,
2024-12-17,2024,GSW,Golden State Warriors,Western,101.98,1,LAL,101,130,0,-29
2024-12-17,2024,LAL,Los Angeles Lakers,Western,102.83,0,,,,,
2024-12-18,2024,BOS,Boston Celtics,Eastern,110.49,0,,,,,
2024-12-18,2024,MIA,Miami Heat,Eastern,104.77,0,,,,,
2024-12-18,2024,MIL,Milwaukee Bucks,Eastern,107.14,1,DEN,119,115,1,4
2024-12-18,2024,DEN,Denver Nuggets,Western,111.35,0,,,,,
2024-12-18,2024,GSW,Golden State Warriors,Western,104.62,0,,,,,
2024-12-18,2024,LAL,Los Angeles Lakers,Western,104.67,1,BOS,130,102,1,28
2024-12-19,2024,BOS,Boston Celtics,Eastern,111.51,1,MIL,128,127,1,1
2024-12-19,2024,MIA,Miami Heat,Eastern,105.09,0,,,,,
2024-12-19,2024,MIL,Milwaukee Bucks,Eastern,106.91,0,,,,,
2024-12-19,2024,DEN,Denver Nuggets,Western,108.71,1,LAL,109,127,0,-18
2024-12-19,2024,GSW,Golden State Warriors,Western,103.40,0,,,,,
2024-12-19,2024,LAL,Los Angeles Lakers,Western,102.48,0,,,,,
2024-12-20,2024,BOS,Boston Celtics,Eastern,111.16,0,,,,,
2024-12-20,2024,MIA,Miami Heat,Eastern,106.11,1,DEN,116,113,1,3
2024-12-20,2024,MIL,Milwaukee Bucks,Eastern,106.10,0,,,,,
2024-12-20,2024,DEN,Denver Nuggets,Western,111.90,0,,,,,
2024-12-20,2024,GSW,Golden State Warriors,Western,102.81,1,BOS,104,113,0,-9
2024-12-20,2024,LAL,Los Angeles Lakers,Western,103.00,0,,,,,
2024-12-21,2024,BOS,Boston Celtics,Eastern,111.35,0,,,,,
2024-12-21,2024,MIA,Miami Heat,Eastern,105.13,0,,,,,
2024-12-21,2024,MIL,Milwaukee Bucks,Eastern,107.83,1,GSW,112,104,1,8
2024-12-21,2024,DEN,Denver Nuggets,Western,111.42,0,,,,,
2024-12-21,2024,GSW,Golden State Warriors,Western,103.74,0,,,,,
2024-12-21,2024,LAL,Los Angeles Lakers,Western,103.79,1,MIA,109,104,1,5
2024-12-22,2024,BOS,Boston Celtics,Eastern,111.26,1,DEN,127,122,1,5
2024-12-22,2024,MIA,Miami Heat,Eastern,105.81,0,,,,,
2024-12-22,2024,MIL,Milwaukee Bucks,Eastern,106.97,0,,,,,
2024-12-22,2024,DEN,Denver Nuggets,Western,112.22,1,BOS,102,101,1,1
2024-12-22,2024,GSW,Golden State Warriors,Western,103.19,0,,,,,
2024-12-22,2024,LAL,Los Angeles Lakers,Western,101.72,0,,,,,
2024-12-23,2024,BOS,Boston Celtics,Eastern,110.14,0,,,,,
2024-12-23,2024,MIA,Miami Heat,Eastern,105.88,1,GSW,127,96,1,31
2024-12-23,2024,MIL,Milwaukee Bucks,Eastern,107.03,0,,,,,
2024-12-23,2024,DEN,Denver Nuggets,Western,110.95,0,,,,,
2024-12-23,2024,GSW,Golden State Warriors,Western,103.04,1,MIA,109,125,0,-16
2024-12-23,2024,LAL,Los Angeles Lakers,Western,102.13,0,,,,,
2024-12-24,2024,BOS,Boston Celtics,Eastern,109.96,0,,,,,
2024-12-24,2024,MIA,Miami Heat,Eastern,105.35,0,,,,,
2024-12-24,2024,MIL,Milwaukee Bucks,Eastern,105.25,1,LAL,103,128,0,-25
2024-12-24,2024,DEN,Denver Nuggets,Western,111.72,0,,,,,
2024-12-24,2024,GSW,Golden State Warriors,Western,104.28,0,,,,,
2024-12-24,2024,LAL,Los Angeles Lakers,Western,102.56,1,MIL,106,109,0,-3
2024-12-25,2024,BOS,Boston Celtics,Eastern,110.07,1,GSW,100,102,0,-2
2024-12-25,2024,MIA,Miami Heat,Eastern,104.31,0,,,,,
2024-12-25,2024,MIL,Milwaukee Bucks,Eastern,107.16,0,,,,,
2024-12-25,2024,DEN,Denver Nuggets,Western,111.39,1,MIA,117,112,1,5
2024-12-25,2024,GSW,Golden State Warriors,Western,103.61,0,,,,,
2024-12-25,2024,LAL,Los Angeles Lakers,Western,101.48,0,,,,,
2024-12-26,2024,BOS,Boston Celtics,Eastern,110.97,0,,,,,
2024-12-26,2024,MIA,Miami Heat,Eastern,106.99,1,LAL,111,98,1,13
2024-12-26,2024,MIL,Milwaukee Bucks,Eastern,107.40,0,,,,,
2024-12-26,2024,DEN,Denver Nuggets,Western,110.86,0,,,,,
2024-12-26,2024,GSW,Golden State Warriors,Western,104.29,1,MIL,117,110,1,7
2024-12-26,2024,LAL,Los Angeles Lakers,Western,101.44,0,,,,,
2024-12-27,2024,BOS,Boston Celtics,Eastern,110.47,0,,,,,
2024-12-27,2024,MIA,Miami Heat,Eastern,104.52,0,,,,,
2024-12-27,2024,MIL,Milwaukee Bucks,Eastern,107.75,1,BOS,129,108,1,21
2024-12-27,2024,DEN,Denver Nuggets,Western,111.52,0,,,,,
2024-12-27,2024,GSW,Golden State Warriors,Western,103.62,0,,,,,
2024-12-27,2024,LAL,Los Angeles Lakers,Western,101.65,1,DEN,112,114,0,-2
2024-12-28,2024,BOS,Boston Celtics,Eastern,111.41,1,LAL,104,107,0,-3
2024-12-28,2024,MIA,Miami Heat,Eastern,105.61,0,,,,,
2024-12-28,2024,MIL,Milwaukee Bucks,Eastern,107.42,0,,,,,
2024-12-28,2024,DEN,Denver Nuggets,Western,113.35,1,MIL,125,97,1,28
2024-12-28,2024,GSW,Golden State Warriors,Western,104.23,0,,,,,
2024-12-28,2024,LAL,Los Angeles Lakers,Western,102.34,0,,,,,
2024-12-29,2024,BOS,Boston Celtics,Eastern,111.60,0,,,,,
2024-12-29,2024,MIA,Miami Heat,Eastern,104.57,1,BOS,118,119,0,-1
2024-12-29,2024,MIL,Milwaukee Bucks,Eastern,106.97,0,,,,,
2024-12-29,2024,DEN,Denver Nuggets,Western,112.21,0,,,,,
2024-12-29,2024,GSW,Golden State Warriors,Western,103.07,1,DEN,124,120,1,4
2024-12-29,2024,LAL,Los Angeles Lakers,Western,102.27,0,,,,,
2024-12-30,2024,BOS,Boston Celtics,Eastern,110.48,0,,,,,
2024-12-30,2024,MIA,Miami Heat,Eastern,105.33,0,,,,,
2024-12-30,2024,MIL,Milwaukee Bucks,Eastern,106.39,1,MIA,118,127,0,-9
2024-12-30,2024,DEN,Denver Nuggets,Western,112.16,0,,,,,
2024-12-30,2024,GSW,Golden State Warriors,Western,102.48,0,,,,,
2024-12-30,2024,LAL,Los Angeles Lakers,Western,103.88,1,GSW,121,103,1,18
2024-12-31,2024,BOS,Boston Celtics,Eastern,108.94,1,MIA,101,115,0,-14
2024-12-31,2024,MIA,Miami Heat,Eastern,104.96,0,,,,,
2024-12-31,2024,MIL,Milwaukee Bucks,Eastern,107.82,0,,,,,
2024-12-31,2024,DEN,Denver Nuggets,Western,110.54,1,GSW,114,118,0,-4
2024-12-31,2024,GSW,Golden State Warriors,Western,103.40,0,,,,,
2024-12-31,2024,LAL,Los Angeles Lakers,Western,100.84,0,,,,,